record_id,source_type,supplier_tier,industry_sector,country,country_iso3,grid_emission_factor,renewable_energy_pct,energy_kwh_monthly,fuel_litres_monthly,production_qty_units,transport_mode,distance_km,shipment_weight_t,material_type,material_qty_kg,material_ef_kgco2e_kg,transport_ef_kgco2e_tonne_km,energy_co2e_kg,fuel_co2e_kg,material_co2e_kg,transport_co2e_kg,co2e_kg
1861,SYNTHETIC,3,Food Processing,China,CHN,0.581,11.95,839.68,0.0,3822.7,sea_bulk,1297.3,3.058,plastic_pet,4099.28,3.1,0.012,431.5532,0.0,12707.7719,47.607,12972.3864
354,SYNTHETIC,1,Semiconductor Fabrication,United Kingdom,GBR,0.207,56.57,12137.03,0.0,5379.7,road_electric,1191.2,4.304,copper,5956.12,3.17,0.021,1228.4053,0.0,18880.8971,107.6614,20923.3132
1334,SYNTHETIC,2,Agricultural Commodities,China,CHN,0.581,44.92,1021.02,473.52,1687.1,rail_freight,50.0,1.35,cotton_fabric,620.73,8.0,0.028,335.9096,1273.7556,4965.8285,1.8896,6632.4317
906,SYNTHETIC,2,Plastics Manufacturing,China,CHN,0.581,6.01,1870.99,2040.38,2734.5,rail_freight,2041.9,2.188,plastic_pet,2860.98,3.1,0.028,1024.0099,5488.6282,8869.0534,125.0686,15273.2973
1290,SYNTHETIC,2,Renewable Energy Components,South Africa,ZAF,0.89,28.2,1628.81,0.0,3175.0,rail_freight,3740.0,2.54,lithium_battery,6285.13,75.0,0.028,1050.0744,0.0,471384.4594,265.9851,463429.6162
1274,SYNTHETIC,2,Pharmaceutical Manufacturing,India,IND,0.7082,61.32,2867.24,0.0,5803.6,sea_bulk,1573.9,4.643,plastic_pet,3428.9,3.1,0.012,820.5099,0.0,10629.591,87.6899,10862.2152
939,SYNTHETIC,2,Food Processing,South Africa,ZAF,0.89,9.64,915.48,0.0,3817.2,sea_container,418.0,3.054,plastic_pet,7222.4,3.1,0.016,737.9813,0.0,22389.4326,20.4242,24135.714
1732,SYNTHETIC,3,Mining & Raw Materials,Mexico,MEX,0.42,10.63,3458.9,1969.18,6174.8,road_electric,6603.0,4.94,steel,7608.35,1.85,0.021,1305.6416,5297.093,14075.456,684.9771,22775.258
66,SYNTHETIC,1,Agricultural Commodities,Saudi Arabia,SAU,0.74,46.12,536.3,1348.08,3970.3,air_freight,2735.5,3.176,cotton_fabric,4257.67,8.0,0.602,218.7745,3626.3423,34061.3384,5230.6151,40279.5328
1324,SYNTHETIC,2,Semiconductor Fabrication,South Africa,ZAF,0.89,13.27,10305.74,0.0,6153.3,road_electric,2678.7,4.923,chemicals_general,6089.96,2.2,0.021,7982.3271,0.0,13397.9117,276.9094,21263.4278
57,SYNTHETIC,1,Semiconductor Fabrication,India,IND,0.7082,51.57,9198.71,0.0,2569.3,road_electric,694.2,2.055,copper,4649.24,3.17,0.021,3250.042,0.0,14738.0864,29.9663,16690.1177
1293,SYNTHETIC,2,Automotive Manufacturing,India,IND,0.7082,21.34,1653.33,487.8,2175.8,rail_freight,792.6,1.741,aluminium,2319.98,8.24,0.028,928.1033,1312.176,19116.6216,38.6296,20934.0073
1119,SYNTHETIC,2,Semiconductor Fabrication,South Africa,ZAF,0.89,12.67,9414.65,0.0,6000.0,air_freight,4393.1,4.8,copper,9208.77,3.17,0.602,7341.3246,0.0,29191.7868,12694.3389,49771.6562
585,SYNTHETIC,1,Chemical Processing,South Korea,KOR,0.435,29.34,4555.3,600.92,2425.1,sea_container,1646.8,1.94,chemicals_general,3149.41,2.2,0.016,1426.9745,1616.481,6928.7015,51.1191,9723.992
375,SYNTHETIC,1,Electronics Assembly,United Kingdom,GBR,0.207,59.86,857.43,0.0,3099.5,rail_freight,3783.3,2.48,copper,5622.73,3.17,0.028,81.5075,0.0,17824.039,262.6712,17810.1465
276,SYNTHETIC,1,Steel & Metals,South Korea,KOR,0.435,7.13,6320.04,0.0,4591.7,road_diesel,2782.9,3.673,steel,6431.65,1.85,0.1033,2562.1406,0.0,11898.5553,1055.9887,14964.8512
747,SYNTHETIC,2,Agricultural Commodities,Turkey,TUR,0.445,33.86,467.82,0.0,6443.1,sea_bulk,2585.0,5.154,wood_timber,8689.8,0.46,0.012,140.8652,0.0,3997.3085,159.8946,4437.1234
129,SYNTHETIC,1,Pharmaceutical Manufacturing,Saudi Arabia,SAU,0.74,,3028.99,0.0,4798.2,inland_waterway,401.4,3.839,glass,5775.68,0.85,0.031,1966.7663,0.0,4909.3312,47.7683,7114.2017
1647,SYNTHETIC,3,Electronics Assembly,Japan,JPN,0.47,,1089.36,0.0,842.4,air_freight,2685.0,0.674,aluminium,1093.04,8.24,0.602,410.6756,0.0,9006.6764,1089.243,10226.9195
1853,SYNTHETIC,3,Automotive Manufacturing,Brazil,BRA,0.08,38.03,2182.02,915.45,7854.7,rail_freight,223.8,6.284,rubber,13011.92,3.85,0.028,124.7685,2462.5626,50095.9071,39.3838,52152.3213
675,SYNTHETIC,2,Plastics Manufacturing,Australia,AUS,0.66,48.27,1956.5,550.0,1244.6,sea_bulk,1050.1,0.996,chemicals_general,1417.88,2.2,0.012,686.8316,1479.4951,3119.3466,12.5464,5466.726
1665,SYNTHETIC,3,Automotive Manufacturing,Saudi Arabia,SAU,0.74,,2933.44,,2901.5,road_electric,1420.0,2.321,steel,3553.91,1.85,0.021,1716.2734,1233.4721,6574.7347,69.217,9640.3474
1982,SYNTHETIC,3,Plastics Manufacturing,Turkey,TUR,0.445,12.9,1309.51,1244.76,3573.2,inland_waterway,4819.6,2.859,plastic_pet,5647.17,3.1,0.031,510.9514,3348.4012,17506.2126,427.0902,22303.5378
1084,SYNTHETIC,2,Chemical Processing,United Kingdom,GBR,0.207,50.06,2268.4,1544.36,8584.1,rail_freight,155.9,6.867,glass,10116.91,0.85,0.028,257.2112,4154.3262,8599.372,29.9727,13205.1928
1923,SYNTHETIC,3,Logistics & Freight,United States,USA,0.386,20.8,347.51,3.5,7700.9,air_freight,3401.6,6.161,plastic_pp,4613.2,1.65,0.602,107.6883,9.4262,7611.7752,12615.5654,20409.8747
100,SYNTHETIC,1,Food Processing,Saudi Arabia,SAU,0.74,,1050.64,0.0,7972.5,rail_freight,3549.5,6.378,plastic_pet,5824.51,3.1,0.028,605.4496,0.0,18055.9959,633.8887,18813.5169
1180,SYNTHETIC,2,Pharmaceutical Manufacturing,United States,USA,0.386,17.98,2974.71,0.0,7170.6,sea_bulk,9118.0,5.736,plastic_pet,6039.02,3.1,0.012,952.4795,0.0,18720.976,627.6576,19923.6636
965,SYNTHETIC,2,Mining & Raw Materials,United Kingdom,GBR,0.207,16.05,5770.85,2482.63,4279.6,air_freight,4144.9,3.424,concrete,5502.62,0.13,0.602,1021.3444,6678.27,715.3405,8542.9296,16870.3888
793,SYNTHETIC,2,Chemical Processing,United Kingdom,GBR,0.207,10.81,2956.8,668.59,7672.0,sea_bulk,3294.1,6.138,glass,7685.81,0.85,0.012,552.286,1798.4987,6532.9423,242.6168,8209.8169
30,SYNTHETIC,1,Renewable Energy Components,South Africa,ZAF,0.89,37.71,3096.78,0.0,3070.5,road_electric,720.0,2.456,lithium_battery,3274.03,75.0,0.021,1740.1866,0.0,245552.015,37.141,244970.9565
629,SYNTHETIC,2,Semiconductor Fabrication,Brazil,BRA,0.08,1.91,10838.35,0.0,6333.0,road_diesel,4503.9,5.066,aluminium,7756.45,8.24,0.1033,854.6613,0.0,63913.1317,2357.1481,66151.0579
945,SYNTHETIC,2,Logistics & Freight,Vietnam,VNM,0.59,17.67,440.32,,4192.1,sea_container,128.3,3.354,plastic_pp,2093.52,1.65,0.016,215.447,2693.1524,3454.309,6.8835,6264.5594
573,SYNTHETIC,1,Textiles & Apparel,Turkey,TUR,0.445,53.67,907.54,0.0,3164.4,inland_waterway,50.0,2.532,plastic_pet,5820.4,3.1,0.031,196.8504,0.0,18043.2478,3.9239,18645.508
908,SYNTHETIC,2,Packaging Materials,United States,USA,0.386,,822.43,0.0,2865.8,sea_bulk,,2.293,plastic_pet,3948.91,3.1,0.012,264.5579,0.0,12241.6316,11.0271,13010.9415
1081,SYNTHETIC,2,Renewable Energy Components,Vietnam,VNM,0.59,19.05,2011.81,0.0,5023.8,air_freight,2224.6,4.019,copper,5545.55,3.17,0.602,968.5566,0.0,17579.4034,5382.2467,23304.1103
451,SYNTHETIC,1,Chemical Processing,Mexico,MEX,0.42,28.24,1631.63,,3507.6,air_freight,230.7,2.806,plastic_pp,5406.45,1.65,0.602,500.9635,4148.8515,8920.6415,389.6353,13805.3916
1610,SYNTHETIC,3,Automotive Manufacturing,Germany,DEU,0.385,27.17,1727.47,0.0,5182.7,air_freight,3928.1,4.146,plastic_pp,5244.99,1.65,0.602,493.7762,0.0,8654.2323,9804.6077,19028.6533
1291,SYNTHETIC,2,Food Processing,Vietnam,VNM,0.59,22.32,1113.76,0.0,9585.3,sea_container,1161.4,7.668,cardboard,15089.91,0.89,0.016,515.3943,0.0,13430.0156,142.4936,13748.2201
1079,SYNTHETIC,2,Textiles & Apparel,Vietnam,VNM,0.59,21.55,1204.27,0.0,3838.8,sea_container,1508.3,3.071,cotton_fabric,4941.5,8.0,0.016,562.5996,0.0,39532.0293,74.1148,38509.4192
255,SYNTHETIC,1,Agricultural Commodities,France,FRA,0.056,,280.38,459.57,5927.7,road_diesel,2250.8,4.742,wood_timber,8209.14,0.46,0.1033,13.774,1236.2559,3776.203,1102.5965,6163.7097
125,SYNTHETIC,1,Logistics & Freight,Vietnam,VNM,0.59,34.28,559.36,578.58,4608.2,sea_container,446.4,3.687,cardboard,7647.29,0.89,0.016,220.714,1556.3907,6806.0914,26.3303,8160.1831
1928,SYNTHETIC,3,Steel & Metals,China,CHN,0.581,33.33,5433.08,75.88,6437.1,rail_freight,5313.7,5.15,steel,6911.95,1.85,0.028,2140.5819,204.1069,12787.1096,766.1818,16349.4265
252,SYNTHETIC,1,Packaging Materials,Saudi Arabia,SAU,0.74,45.66,1075.66,0.0,8945.3,road_diesel,6237.0,7.156,cardboard,6234.57,0.89,0.1033,442.3415,0.0,5548.7695,4610.5934,10518.0637
586,SYNTHETIC,1,Automotive Manufacturing,Mexico,MEX,0.42,41.87,1846.33,740.65,9183.4,air_freight,613.8,7.347,aluminium,8320.89,8.24,0.602,466.2226,1992.36,68564.1368,2714.6356,70072.5513
1569,SYNTHETIC,3,Electronics Assembly,Mexico,MEX,0.42,17.38,1244.06,0.0,7068.1,rail_freight,6373.7,5.654,aluminium,10195.64,8.24,0.028,436.0318,0.0,84012.1004,1009.1189,84021.0496
825,SYNTHETIC,2,Construction Materials,United States,USA,0.386,30.0,3589.02,0.0,2890.4,sea_container,2008.6,2.312,concrete,2620.36,0.13,0.016,991.3507,0.0,340.6462,74.3132,1352.7144
508,SYNTHETIC,1,Plastics Manufacturing,Australia,AUS,0.66,,2075.94,40.0,1053.3,air_freight,4640.4,0.843,plastic_pp,1550.57,1.65,0.602,921.7222,107.5904,2558.4442,2353.9621,5596.4896
890,SYNTHETIC,2,Pharmaceutical Manufacturing,Saudi Arabia,SAU,0.74,46.62,3545.88,0.0,10545.7,air_freight,1641.5,8.437,plastic_pet,17181.09,3.1,0.602,1433.8089,0.0,53261.3791,8336.7007,63445.2735
71,SYNTHETIC,1,Automotive Manufacturing,India,IND,0.7082,15.46,2721.76,947.2,3618.4,sea_container,1956.2,2.895,steel,6304.15,1.85,0.016,1637.945,2547.9717,11662.6791,90.6008,15569.1892
1609,SYNTHETIC,3,Steel & Metals,South Korea,KOR,0.435,4.15,4242.37,0.0,3941.4,rail_freight,14181.7,3.153,steel,4605.5,1.85,0.028,1772.363,0.0,8520.1777,1252.0712,12174.6281
1533,SYNTHETIC,3,Steel & Metals,United States,USA,0.386,8.67,3466.92,581.06,3904.6,sea_container,1471.2,3.124,steel,6508.68,1.85,0.016,1228.2275,1563.0506,12041.052,73.5293,15323.6609
248,SYNTHETIC,1,Semiconductor Fabrication,Germany,DEU,0.385,,11452.13,0.0,6479.5,sea_container,1824.3,5.184,aluminium,5851.72,8.24,0.016,2648.0309,0.0,48218.1847,151.3058,49121.0362
1451,SYNTHETIC,3,Textiles & Apparel,Japan,JPN,0.47,21.62,1100.64,0.0,1381.5,inland_waterway,298.1,1.105,plastic_pet,1745.77,3.1,0.031,410.2247,0.0,5411.8876,10.2136,5594.3628
213,SYNTHETIC,1,Construction Materials,France,FRA,0.056,30.97,1911.54,1112.81,4472.2,sea_bulk,,3.578,concrete,6282.37,0.13,0.012,85.7319,2993.4701,816.7087,118.5319,3994.1727
910,SYNTHETIC,2,Automotive Manufacturing,United Kingdom,GBR,0.207,10.41,1891.12,758.04,10248.5,sea_bulk,3148.5,8.199,steel,12284.8,1.85,0.012,354.6545,2039.1331,22726.8792,309.766,26568.5327
1742,SYNTHETIC,3,Electronics Assembly,Mexico,MEX,0.42,,570.64,0.0,6737.0,air_freight,7932.0,5.39,aluminium,3958.88,8.24,0.602,179.1034,0.0,32621.1706,25735.7774,58370.9582
1245,SYNTHETIC,2,Pharmaceutical Manufacturing,Australia,AUS,0.66,42.44,4552.66,0.0,7080.7,rail_freight,5228.5,5.665,plastic_pet,10328.56,3.1,0.028,1768.1992,0.0,32018.542,829.2763,35485.7005
1697,SYNTHETIC,3,Steel & Metals,Turkey,TUR,0.445,,8047.4,978.15,710.2,inland_waterway,4412.6,0.568,steel,1289.03,1.85,0.031,2742.5316,2631.2307,2384.7005,77.7143,7913.0106
1183,SYNTHETIC,2,Chemical Processing,Germany,DEU,0.385,55.87,4419.59,949.87,5500.1,rail_freight,,4.4,plastic_pp,3829.44,1.65,0.028,800.2519,2555.1488,6318.5793,135.5824,9690.6048
362,SYNTHETIC,1,Packaging Materials,United States,USA,0.386,33.85,1250.07,0.0,2267.5,sea_container,1887.2,1.814,cardboard,1779.02,0.89,0.016,327.6413,0.0,1583.3257,54.7746,1869.5416
1474,SYNTHETIC,3,Packaging Materials,Germany,DEU,0.385,63.69,930.89,0.0,5882.6,road_electric,50.0,4.706,cardboard,10129.3,0.89,0.021,141.9902,0.0,9015.0796,4.9414,8933.3081
679,SYNTHETIC,2,Steel & Metals,China,CHN,0.581,29.0,8644.33,758.81,2901.3,sea_bulk,2557.5,2.321,aluminium,4925.9,8.24,0.012,3616.047,2041.2049,40589.3831,71.2322,49418.6153
1622,SYNTHETIC,3,Renewable Energy Components,Saudi Arabia,SAU,0.74,19.91,2797.79,0.0,3055.5,rail_freight,3082.7,2.444,copper,3479.56,3.17,0.028,1669.3263,0.0,11030.1918,210.9913,13575.7806
1090,SYNTHETIC,2,Food Processing,Japan,JPN,0.47,20.78,1216.81,0.0,3955.5,rail_freight,2456.0,3.164,glass,5460.17,0.85,0.028,458.1029,0.0,4641.1408,217.6115,5551.748
1988,SYNTHETIC,3,Plastics Manufacturing,United States,USA,0.386,28.09,1132.34,0.0,2966.4,air_freight,589.5,2.373,plastic_pet,2322.56,3.1,0.602,320.6626,0.0,7199.9475,842.2215,8478.2091
1848,SYNTHETIC,3,Renewable Energy Components,South Korea,KOR,0.435,41.48,1773.44,0.0,4075.7,inland_waterway,1014.0,3.261,copper,5229.76,3.17,0.031,466.1819,0.0,16578.3303,102.4907,16861.9969
988,SYNTHETIC,2,Packaging Materials,Germany,DEU,0.385,28.88,890.16,0.0,2158.4,sea_container,6616.8,1.727,glass,2244.51,0.85,0.016,248.8671,0.0,1907.8342,182.8053,2350.9604
1513,SYNTHETIC,3,Renewable Energy Components,India,IND,0.7082,35.3,2062.21,0.0,6349.1,inland_waterway,7506.2,5.079,aluminium,8845.51,8.24,0.031,959.4776,0.0,72886.9834,1181.9095,74306.4182
112,SYNTHETIC,1,Electronics Assembly,Australia,AUS,0.66,37.8,549.69,0.0,3327.2,road_electric,4994.3,2.662,copper,5914.11,3.17,0.021,229.8328,0.0,18747.737,279.1685,19548.7678
1488,SYNTHETIC,3,Logistics & Freight,South Africa,ZAF,0.89,17.85,294.98,0.0,7135.9,sea_bulk,8128.4,5.709,plastic_pp,9482.9,1.65,0.012,216.7241,0.0,15646.789,556.8383,16766.106
1454,SYNTHETIC,3,Chemical Processing,China,CHN,0.581,36.55,4461.38,0.0,4297.0,road_diesel,2621.6,3.438,glass,5603.17,0.85,0.1033,1677.3079,0.0,4762.695,930.9213,7403.2112
384,SYNTHETIC,1,Textiles & Apparel,France,FRA,0.056,34.63,1377.77,0.0,8075.0,rail_freight,1513.7,6.46,plastic_pet,7819.68,3.1,0.028,59.9788,0.0,24241.0233,273.7948,25075.3349
1396,SYNTHETIC,2,Automotive Manufacturing,Brazil,BRA,0.08,22.4,1683.69,46.91,5548.1,air_freight,1172.3,4.438,rubber,6496.87,3.85,0.602,112.0625,126.1799,25012.9548,3132.3772,30343.4671
1055,SYNTHETIC,2,Electronics Assembly,Australia,AUS,0.66,24.81,706.69,0.0,3609.9,sea_container,790.8,2.888,chemicals_general,4354.17,2.2,0.016,354.1923,0.0,9579.1789,36.5414,9490.7661
756,SYNTHETIC,2,Automotive Manufacturing,Australia,AUS,0.66,45.95,2312.68,745.15,2975.7,rail_freight,3044.4,2.381,aluminium,4663.54,8.24,0.028,846.2809,2004.4641,38427.5329,202.9238,42336.2128
325,SYNTHETIC,1,Mining & Raw Materials,United Kingdom,GBR,0.207,,8567.39,528.05,4869.0,sea_container,4911.6,3.895,steel,5016.13,1.85,0.016,1509.1185,1420.4541,9279.8446,306.1071,12904.4412
1624,SYNTHETIC,3,Pharmaceutical Manufacturing,Australia,AUS,0.66,31.41,2499.98,0.0,1843.9,rail_freight,,1.475,glass,2438.11,0.85,0.028,1147.4945,0.0,2072.3952,112.5226,3252.8959
788,SYNTHETIC,2,Chemical Processing,South Korea,KOR,0.435,9.6,3834.0,0.0,2918.3,road_electric,1513.6,2.335,chemicals_general,2496.49,2.2,0.021,1515.0264,0.0,5492.2837,74.2089,7261.1186
369,SYNTHETIC,1,Construction Materials,Germany,DEU,0.385,40.69,2110.73,205.23,7294.9,inland_waterway,2454.3,5.836,wood_timber,5689.63,0.46,0.031,499.1198,552.0643,2617.2281,444.0127,4205.8791
1820,SYNTHETIC,3,Electronics Assembly,South Korea,KOR,0.435,52.93,628.89,0.0,3086.2,sea_bulk,4389.1,2.469,plastic_pet,5159.56,3.1,0.012,135.4314,0.0,15994.6443,130.0389,15887.6898
70,SYNTHETIC,1,Plastics Manufacturing,Germany,DEU,0.385,8.31,2318.77,93.8,6005.1,air_freight,4684.4,4.804,plastic_pet,5981.03,3.1,0.602,822.402,252.3088,18541.182,13547.4008,32894.7954
858,SYNTHETIC,2,Chemical Processing,United States,USA,0.386,6.73,4527.02,35.49,7021.4,sea_bulk,1071.1,5.617,chemicals_general,2029.02,2.2,0.012,1635.8545,95.4778,4463.8368,72.1989,6359.8573
1484,SYNTHETIC,3,Automotive Manufacturing,Vietnam,VNM,0.59,40.27,2207.04,3466.7,2140.2,inland_waterway,899.7,1.712,aluminium,3019.72,8.24,0.031,795.5341,9325.4277,24882.5077,47.7544,33357.1953
1556,SYNTHETIC,3,Mining & Raw Materials,Germany,DEU,0.385,40.78,8520.34,103.22,3218.5,inland_waterway,626.3,2.575,chemicals_general,4000.32,2.2,0.031,2012.1525,277.6637,8800.7099,49.9919,10634.7564
1692,SYNTHETIC,3,Textiles & Apparel,Mexico,MEX,0.42,16.74,1114.02,,3088.1,air_freight,1031.4,2.47,plastic_pet,5249.16,3.1,0.602,393.305,0.0,16272.4073,1533.8946,18650.1697
1475,SYNTHETIC,3,Chemical Processing,China,CHN,0.581,,5033.83,37.26,1984.8,road_electric,7538.2,1.588,chemicals_general,2351.34,2.2,0.021,2545.4579,100.2231,5172.9531,251.3546,8396.0178
1799,SYNTHETIC,3,Automotive Manufacturing,Vietnam,VNM,0.59,24.66,2147.04,468.61,4957.1,inland_waterway,472.7,3.966,plastic_pp,5544.47,1.65,0.031,964.9377,1260.5657,9148.3681,58.106,11156.3057
479,SYNTHETIC,1,Food Processing,Japan,JPN,0.47,20.72,1305.42,0.0,5989.5,sea_container,1620.4,4.792,glass,10263.83,0.85,0.016,491.8107,0.0,8724.257,124.2254,8660.3968
282,SYNTHETIC,1,Food Processing,Brazil,BRA,0.08,70.44,1156.09,0.0,6285.6,rail_freight,4578.4,5.029,cardboard,8793.57,0.89,0.028,43.6286,0.0,7826.2764,644.6245,8658.7501
1648,SYNTHETIC,3,Textiles & Apparel,United States,USA,0.386,29.48,1156.26,0.0,2161.4,sea_container,2783.3,1.729,cotton_fabric,3500.32,8.0,0.016,321.574,0.0,28002.5916,77.0033,28048.2468
1557,SYNTHETIC,3,Chemical Processing,France,FRA,0.056,12.42,2918.29,0.0,7641.7,road_diesel,3170.8,6.113,chemicals_general,11033.98,2.2,0.1033,150.3783,0.0,24274.7485,2002.3759,24769.1886
1730,SYNTHETIC,3,Chemical Processing,Mexico,MEX,0.42,20.67,2952.74,0.0,5638.5,inland_waterway,1769.7,4.511,glass,8423.43,0.85,0.031,996.0495,0.0,7159.9167,247.4681,8732.5917
211,SYNTHETIC,1,Semiconductor Fabrication,Mexico,MEX,0.42,29.02,8848.35,0.0,9753.0,sea_container,1369.7,7.802,chemicals_general,8939.94,2.2,0.016,2689.1598,0.0,19667.8728,170.9921,21504.9948
298,SYNTHETIC,1,Plastics Manufacturing,South Korea,KOR,0.435,10.88,457.61,14.63,4413.4,rail_freight,3934.7,3.531,chemicals_general,5754.38,2.2,0.028,178.3931,39.3607,12659.6451,388.9865,13248.1971
1885,SYNTHETIC,3,Food Processing,South Korea,KOR,0.435,21.22,1205.59,0.0,6993.7,road_electric,1648.7,5.595,plastic_pet,11889.02,3.1,0.021,418.2462,0.0,36855.9557,193.7102,36406.1602
1834,SYNTHETIC,3,Pharmaceutical Manufacturing,Japan,JPN,0.47,,2665.62,0.0,2321.9,sea_container,656.0,1.858,chemicals_general,4011.73,2.2,0.016,1073.9619,0.0,8825.8136,19.4984,9474.9173
652,SYNTHETIC,2,Mining & Raw Materials,South Africa,ZAF,0.89,60.15,5207.89,467.28,3137.1,air_freight,117.9,2.51,chemicals_general,3732.69,2.2,0.602,1909.5774,1256.9879,8211.9182,178.141,10856.499
1234,SYNTHETIC,2,Steel & Metals,Australia,AUS,0.66,75.59,5689.9,21.04,3861.9,road_diesel,235.7,3.09,steel,4892.11,1.85,0.1033,1002.7046,56.6061,9050.4003,75.2358,9558.2602
1503,SYNTHETIC,3,Mining & Raw Materials,Australia,AUS,0.66,6.45,6416.28,1220.89,3535.1,sea_container,1642.3,2.828,chemicals_general,6018.91,2.2,0.016,3969.8524,3284.1929,13241.594,74.3132,21263.2409
1932,SYNTHETIC,3,Electronics Assembly,United Kingdom,GBR,0.207,31.81,652.42,0.0,5803.1,rail_freight,7585.3,4.642,plastic_pet,8641.97,3.1,0.028,96.2384,0.0,26790.1181,986.0185,28620.1106
917,SYNTHETIC,2,Agricultural Commodities,India,IND,0.7082,23.58,311.72,210.95,4860.4,sea_container,5791.7,3.888,wood_timber,4974.38,0.46,0.016,170.1827,567.4663,2288.2133,360.318,3406.2908
994,SYNTHETIC,2,Packaging Materials,South Africa,ZAF,0.89,29.39,1604.21,0.0,563.2,air_freight,1268.2,0.451,plastic_pet,721.34,3.1,0.602,1017.5175,0.0,2236.1497,344.0182,3605.254
430,SYNTHETIC,1,Automotive Manufacturing,Japan,JPN,0.47,36.96,2186.63,,5693.4,sea_container,12113.5,4.555,aluminium,7397.48,8.24,0.016,664.0417,1420.6673,60955.2692,882.7796,60805.374
1371,SYNTHETIC,2,Logistics & Freight,South Korea,KOR,0.435,26.25,402.39,0.0,9993.8,road_electric,1604.4,7.995,plastic_pp,12714.03,1.65,0.021,131.2057,0.0,20978.1549,269.3675,21708.5674
240,SYNTHETIC,1,Plastics Manufacturing,China,CHN,0.581,,2313.71,1779.55,2951.9,inland_waterway,1422.1,2.361,plastic_pp,2758.54,1.65,0.031,556.5759,4786.9968,4551.5973,104.106,9931.4027
880,SYNTHETIC,2,Construction Materials,China,CHN,0.581,15.64,2262.71,507.38,6024.2,sea_container,2319.7,4.819,steel,8925.39,1.85,0.016,1116.1556,1364.8547,16511.9754,178.8737,19637.0571
621,SYNTHETIC,2,Renewable Energy Components,Saudi Arabia,SAU,0.74,40.12,1637.28,0.0,1015.6,sea_container,652.5,0.812,copper,498.06,3.17,0.016,738.61,0.0,1578.8512,8.4821,2234.2428
257,SYNTHETIC,1,Food Processing,China,CHN,0.581,7.54,1292.86,0.0,1766.8,sea_container,3691.9,1.413,glass,1269.89,0.85,0.016,696.4922,0.0,1079.4106,83.4941,1841.934
612,SYNTHETIC,2,Chemical Processing,Vietnam,VNM,0.59,54.92,4926.03,0.0,6019.9,road_electric,,4.816,plastic_pp,10293.96,1.65,0.021,1364.2116,0.0,16985.0362,91.4488,18550.0956
545,SYNTHETIC,1,Food Processing,Australia,AUS,0.66,33.84,726.78,0.0,7558.0,rail_freight,3012.8,6.046,plastic_pet,8305.45,3.1,0.028,322.2503,0.0,25746.8913,510.0703,26256.8761
772,SYNTHETIC,2,Automotive Manufacturing,China,CHN,0.581,38.02,1296.03,392.51,3216.3,inland_waterway,4934.3,2.573,aluminium,2571.36,8.24,0.031,476.5588,1055.8529,21188.0066,393.5853,22474.5393
1420,SYNTHETIC,3,Renewable Energy Components,Brazil,BRA,0.08,34.0,2597.53,0.0,2194.6,sea_bulk,1433.9,1.756,steel,4053.87,1.85,0.012,154.8204,0.0,7499.6522,30.2102,7408.5881
1042,SYNTHETIC,2,Agricultural Commodities,South Korea,KOR,0.435,31.68,634.9,985.2,11442.6,air_freight,1497.4,9.154,cotton_fabric,13350.48,8.0,0.602,192.698,2650.2013,106803.8502,8251.9856,122770.3168
1790,SYNTHETIC,3,Mining & Raw Materials,Saudi Arabia,SAU,0.74,39.71,5060.08,195.85,7304.2,sea_bulk,281.7,5.843,steel,10389.07,1.85,0.012,2297.7045,526.824,19219.7748,19.7528,21972.8526
760,SYNTHETIC,2,Logistics & Freight,South Korea,KOR,0.435,20.83,299.58,849.11,2866.3,road_diesel,2920.8,2.293,plastic_pp,2015.35,1.65,0.1033,104.4156,2284.0967,3325.3269,691.8395,6343.2457
383,SYNTHETIC,1,Chemical Processing,Japan,JPN,0.47,31.96,5218.49,650.38,1644.7,air_freight,1110.3,1.316,plastic_pp,1368.22,1.65,0.602,1702.2579,1749.5281,2257.5586,879.4754,6514.8578
1104,SYNTHETIC,2,Plastics Manufacturing,Japan,JPN,0.47,28.27,1096.64,1228.85,4829.5,air_freight,214.9,3.864,plastic_pp,1744.8,1.65,0.602,375.9158,3305.6186,2878.9208,499.7307,7021.0335
974,SYNTHETIC,2,Renewable Energy Components,United States,USA,0.386,21.65,2239.04,0.0,3919.2,road_diesel,3862.1,3.135,copper,3249.25,3.17,0.1033,686.8745,0.0,10300.138,1250.8767,12710.9205
353,SYNTHETIC,1,Mining & Raw Materials,Saudi Arabia,SAU,0.74,34.37,8073.02,412.95,8426.0,inland_waterway,2828.7,6.741,steel,10793.16,1.85,0.031,3976.0261,1110.8431,19967.346,591.0901,26900.7894
1606,SYNTHETIC,3,Agricultural Commodities,Germany,DEU,0.385,23.87,513.3,,2362.8,road_electric,669.4,1.89,cotton_fabric,3364.37,8.0,0.021,152.9031,3658.7516,26914.9306,26.572,30090.2336
1826,SYNTHETIC,3,Plastics Manufacturing,Vietnam,VNM,0.59,30.75,1568.75,986.81,2719.2,sea_container,211.6,2.175,plastic_pet,4519.14,3.1,0.016,650.6169,2654.5191,14009.3412,7.3651,17388.4493
1037,SYNTHETIC,2,Food Processing,Australia,AUS,0.66,,1817.12,0.0,10136.3,inland_waterway,1051.8,8.109,cardboard,10802.1,0.89,0.031,657.6299,0.0,9613.8651,264.4057,10170.9473
1108,SYNTHETIC,2,Electronics Assembly,Vietnam,VNM,0.59,25.68,1096.93,0.0,6564.0,road_diesel,1672.7,5.251,aluminium,5181.99,8.24,0.1033,486.6279,0.0,42699.5874,907.333,46196.0714
495,SYNTHETIC,1,Logistics & Freight,Japan,JPN,0.47,18.79,330.15,1038.68,7590.8,rail_freight,2951.6,6.073,plastic_pp,3679.8,1.65,0.028,127.2549,2794.0521,6071.6704,501.8726,9803.6
394,SYNTHETIC,1,Packaging Materials,Brazil,BRA,0.08,29.99,862.38,0.0,4755.2,rail_freight,2456.4,3.804,cardboard,6667.43,0.89,0.028,53.4725,0.0,5934.011,261.6494,6007.6087
1547,SYNTHETIC,3,Electronics Assembly,Saudi Arabia,SAU,0.74,43.95,684.32,0.0,6263.5,sea_bulk,,5.011,chemicals_general,12865.4,2.2,0.012,289.8552,0.0,28303.881,54.7514,28062.8968
465,SYNTHETIC,1,Automotive Manufacturing,United States,USA,0.386,16.68,2832.39,162.72,2026.9,road_diesel,639.8,1.622,steel,2299.96,1.85,0.1033,920.422,437.7077,4254.9332,107.1659,5998.2019
887,SYNTHETIC,2,Agricultural Commodities,South Africa,ZAF,0.89,25.06,455.03,2519.24,7025.1,road_diesel,1542.3,5.62,cardboard,10669.58,0.89,0.1033,305.7663,6776.7532,9495.9238,895.358,18329.9631
1194,SYNTHETIC,2,Construction Materials,South Africa,ZAF,0.89,35.97,3631.4,213.34,4643.9,inland_waterway,289.7,3.715,concrete,8575.55,0.13,0.031,2095.5955,573.8794,1114.8221,33.3688,3742.1535
367,SYNTHETIC,1,Construction Materials,Japan,JPN,0.47,65.93,1105.16,1520.77,6781.8,sea_container,2030.9,5.425,glass,10655.66,0.85,0.016,191.5176,4090.8606,9057.3068,176.296,13736.0868
1894,SYNTHETIC,3,Pharmaceutical Manufacturing,South Africa,ZAF,0.89,14.29,2335.62,0.0,3023.2,sea_container,2529.5,2.419,plastic_pet,5415.11,3.1,0.016,1788.3894,0.0,16786.8387,97.8845,19690.2431
1874,SYNTHETIC,3,Chemical Processing,Turkey,TUR,0.445,10.63,4617.7,3714.67,5568.7,sea_container,3021.4,4.455,glass,8974.13,0.85,0.016,1846.2747,9992.4716,7628.0102,215.3604,19427.1836
745,SYNTHETIC,2,Steel & Metals,South Korea,KOR,0.435,5.93,5387.97,57.75,3096.0,rail_freight,3388.9,2.477,steel,4445.91,1.85,0.028,2211.2213,155.3528,8224.9251,235.0265,11651.634
530,SYNTHETIC,1,Renewable Energy Components,France,FRA,0.056,38.55,1173.04,0.0,1710.3,rail_freight,5043.7,1.368,steel,1683.4,1.85,0.028,49.4104,0.0,3114.2836,193.2274,3296.746
803,SYNTHETIC,2,Mining & Raw Materials,United States,USA,0.386,30.28,4550.7,0.0,6922.6,sea_bulk,50.0,5.538,copper,8292.95,3.17,0.012,1252.221,0.0,26288.6659,3.3228,27873.7187
1224,SYNTHETIC,2,Automotive Manufacturing,Vietnam,VNM,0.59,15.78,2947.55,448.36,292.3,inland_waterway,7657.6,0.234,plastic_pp,322.05,1.65,0.031,1473.9621,1206.0887,531.3767,55.5021,3118.1128
1979,SYNTHETIC,3,Food Processing,Japan,JPN,0.47,36.77,1246.82,0.0,7141.7,road_electric,1844.3,5.713,plastic_pet,9266.6,3.1,0.021,379.6865,0.0,28726.4624,221.276,28997.7891
1906,SYNTHETIC,3,Electronics Assembly,France,FRA,0.056,15.56,847.71,0.0,3893.2,rail_freight,4971.9,3.115,copper,4767.38,3.17,0.028,42.7226,0.0,15112.589,433.5871,15442.9252
1700,SYNTHETIC,3,Chemical Processing,Japan,JPN,0.47,7.03,3599.69,214.84,5291.9,road_electric,3937.4,4.234,chemicals_general,7595.42,2.2,0.021,1578.0222,577.9242,16709.9185,350.0474,19138.576
1545,SYNTHETIC,3,Logistics & Freight,China,CHN,0.581,20.32,303.42,1424.87,4981.5,road_diesel,2386.8,3.985,cardboard,8191.86,0.89,0.1033,141.7016,3832.9027,7290.7537,982.5886,11849.7916
1314,SYNTHETIC,2,Construction Materials,Saudi Arabia,SAU,0.74,16.25,2067.57,1059.0,3974.4,road_diesel,13125.6,3.179,glass,5056.13,0.85,0.1033,1288.1053,2848.7052,4297.7105,4310.9783,12832.1213
307,SYNTHETIC,1,Construction Materials,Japan,JPN,0.47,37.51,1817.26,2238.4,6492.0,air_freight,2529.1,5.194,steel,10102.13,1.85,0.602,547.3722,6021.306,18688.9363,7907.2214,31995.1839
1667,SYNTHETIC,3,Renewable Energy Components,Mexico,MEX,0.42,26.18,2116.84,0.0,8779.2,road_electric,2603.0,7.023,lithium_battery,6378.49,75.0,0.021,667.3938,0.0,478386.6051,383.9135,493793.4941
863,SYNTHETIC,2,Logistics & Freight,Turkey,TUR,0.445,17.27,322.4,2471.12,4917.5,sea_bulk,2591.1,3.934,plastic_pp,7464.65,1.65,0.012,119.8006,6647.3,12316.6734,122.3189,19983.4414
1567,SYNTHETIC,3,Mining & Raw Materials,United Kingdom,GBR,0.207,36.61,7338.62,,6056.4,road_diesel,,4.845,concrete,9259.88,0.13,0.1033,1016.7344,0.0,1203.7845,85.1352,2357.8118
531,SYNTHETIC,1,Pharmaceutical Manufacturing,Vietnam,VNM,0.59,49.0,3494.3,0.0,1949.2,air_freight,1663.3,1.559,plastic_pet,2477.96,3.1,0.602,1085.7193,0.0,7681.6654,1561.3714,10580.9783
655,SYNTHETIC,2,Chemical Processing,Turkey,TUR,0.445,28.21,3979.35,236.89,5182.6,road_electric,528.1,4.146,plastic_pp,9789.3,1.65,0.021,1293.7158,637.2229,16152.3488,45.979,17885.6302
1260,SYNTHETIC,2,Food Processing,Germany,DEU,0.385,31.0,550.43,0.0,6386.6,sea_bulk,8307.4,5.109,cardboard,9613.47,0.89,0.012,149.6411,0.0,8555.9874,509.3352,9469.9826
234,SYNTHETIC,1,Food Processing,United Kingdom,GBR,0.207,35.61,1128.32,0.0,2957.3,road_diesel,189.2,2.366,cardboard,3646.34,0.89,0.1033,158.4254,0.0,3245.242,46.2482,3283.5372
121,SYNTHETIC,1,Steel & Metals,Brazil,BRA,0.08,18.86,4133.57,4486.9,10355.7,road_diesel,9201.6,8.285,aluminium,15547.29,8.24,0.1033,283.9121,12069.7744,128109.67,7874.6653,143319.032
1698,SYNTHETIC,3,Construction Materials,Japan,JPN,0.47,62.89,3606.27,32.8,5700.4,inland_waterway,1266.7,4.56,concrete,7049.01,0.13,0.031,674.3173,88.2251,916.3714,179.0767,1867.2443
950,SYNTHETIC,2,Agricultural Commodities,Vietnam,VNM,0.59,53.93,759.62,0.0,7078.7,road_diesel,1003.6,5.663,wood_timber,4461.97,0.46,0.1033,214.6799,0.0,2052.5051,587.0684,3017.9396
618,SYNTHETIC,2,Pharmaceutical Manufacturing,United States,USA,0.386,23.67,3749.19,0.0,268.1,road_diesel,2157.3,0.214,plastic_pet,194.34,3.1,0.1033,1122.4232,0.0,602.4543,47.7957,1751.5436
1179,SYNTHETIC,2,Renewable Energy Components,South Korea,KOR,0.435,6.48,2306.96,0.0,2587.0,inland_waterway,1826.2,2.07,lithium_battery,3149.24,75.0,0.031,941.4608,0.0,236192.8845,117.1606,236150.4905
308,SYNTHETIC,1,Automotive Manufacturing,China,CHN,0.581,21.28,2708.9,1349.66,6753.0,rail_freight,3763.0,5.402,steel,4774.28,1.85,0.028,1250.4353,3630.5826,8832.4251,569.2124,13984.1029
136,SYNTHETIC,1,Food Processing,Saudi Arabia,SAU,0.74,0.64,541.84,0.0,1526.1,inland_waterway,2340.6,1.221,plastic_pet,2455.49,3.1,0.031,398.4713,0.0,7612.012,88.5846,8691.8596
555,SYNTHETIC,1,Pharmaceutical Manufacturing,United Kingdom,GBR,0.207,23.92,4259.05,0.0,7176.9,sea_bulk,420.4,5.741,plastic_pet,8987.42,3.1,0.012,691.0873,0.0,27860.9954,28.9656,28459.6997
1674,SYNTHETIC,3,Automotive Manufacturing,United Kingdom,GBR,0.207,56.85,2696.67,845.03,4146.3,road_electric,1768.3,3.317,rubber,6306.29,3.85,0.021,271.5232,2273.1365,24279.2353,123.1794,26593.1336
584,SYNTHETIC,1,Agricultural Commodities,Turkey,TUR,0.445,27.78,613.61,2174.88,3082.8,inland_waterway,4341.7,2.466,wood_timber,4570.16,0.46,0.031,200.6211,5850.4283,2102.2738,331.9427,8788.3798
1641,SYNTHETIC,3,Automotive Manufacturing,Germany,DEU,0.385,23.12,2659.26,477.01,9983.5,air_freight,5532.8,7.987,steel,16597.04,1.85,0.602,799.451,1283.1461,30704.5313,26601.8123,60680.9355
671,SYNTHETIC,2,Textiles & Apparel,Brazil,BRA,0.08,9.44,1015.27,0.0,4603.4,inland_waterway,340.7,3.683,plastic_pet,4143.31,3.1,0.031,75.4737,0.0,12844.2744,38.8976,12598.268
835,SYNTHETIC,2,Agricultural Commodities,Brazil,BRA,0.08,,772.69,0.0,7681.3,sea_bulk,1679.4,6.145,wood_timber,9169.74,0.46,0.012,53.5384,0.0,4218.0823,123.8417,4212.3534
110,SYNTHETIC,1,Semiconductor Fabrication,South Korea,KOR,0.435,,10621.59,0.0,497.0,inland_waterway,623.6,0.398,chemicals_general,792.7,2.2,0.031,3062.1361,0.0,1743.9417,7.6867,4848.9725
1165,SYNTHETIC,2,Renewable Energy Components,France,FRA,0.056,25.82,2222.05,0.0,4867.2,inland_waterway,5178.6,3.894,steel,5810.5,1.85,0.031,103.7765,0.0,10749.4283,625.0943,11140.6088
1960,SYNTHETIC,3,Steel & Metals,Mexico,MEX,0.42,34.82,4908.55,280.76,5377.6,road_diesel,970.5,4.302,aluminium,6059.33,8.24,0.1033,1377.979,755.251,49928.8692,431.3197,55795.9802
1465,SYNTHETIC,3,Logistics & Freight,Saudi Arabia,SAU,0.74,51.65,247.76,1341.54,5257.0,inland_waterway,4657.7,4.206,cardboard,5048.2,0.89,0.031,91.2014,3608.733,4492.8993,607.242,8577.4948
1729,SYNTHETIC,3,Renewable Energy Components,Japan,JPN,0.47,36.93,2617.41,0.0,2549.2,air_freight,111.1,2.039,lithium_battery,2666.73,75.0,0.602,795.1687,0.0,200004.6266,136.4022,210024.7891
1243,SYNTHETIC,2,Textiles & Apparel,Brazil,BRA,0.08,33.81,1339.61,0.0,6301.5,sea_container,3655.2,5.041,cotton_fabric,8272.42,8.0,0.016,79.9947,0.0,66179.3444,294.8274,67089.7925
212,SYNTHETIC,1,Food Processing,South Korea,KOR,0.435,41.07,983.05,0.0,7303.1,road_electric,2900.6,5.842,glass,9186.94,0.85,0.021,260.0719,0.0,7808.8968,355.8824,8269.47
1768,SYNTHETIC,3,Agricultural Commodities,Brazil,BRA,0.08,25.36,567.16,939.99,7965.5,rail_freight,694.7,6.372,cardboard,3541.4,0.89,0.028,36.7431,2528.573,3151.8497,123.9509,6181.7737
1121,SYNTHETIC,2,Semiconductor Fabrication,Japan,JPN,0.47,35.36,6609.66,0.0,5450.8,sea_bulk,9530.0,4.361,copper,5252.75,3.17,0.012,2054.7177,0.0,16651.2204,498.6789,19921.9331
680,SYNTHETIC,2,Semiconductor Fabrication,India,IND,0.7082,22.82,9001.8,0.0,8099.8,sea_bulk,1080.7,6.48,copper,12867.16,3.17,0.012,4961.2046,0.0,40788.8841,84.0346,46764.3496
1951,SYNTHETIC,3,Construction Materials,France,FRA,0.056,5.65,2199.64,543.73,8356.9,road_electric,1493.4,6.685,steel,6971.08,1.85,0.021,118.7038,1462.6458,12896.5038,209.6645,15906.5074
1839,SYNTHETIC,3,Plastics Manufacturing,South Africa,ZAF,0.89,17.98,2565.02,281.39,8834.1,air_freight,136.5,7.067,chemicals_general,9409.66,2.2,0.602,1881.6079,756.9366,20701.2512,580.8874,24162.4086
412,SYNTHETIC,1,Semiconductor Fabrication,South Korea,KOR,0.435,31.65,8090.2,0.0,6623.7,sea_bulk,623.2,5.299,aluminium,7215.55,8.24,0.012,2456.7103,0.0,59456.0998,39.6306,62790.4553
1325,SYNTHETIC,2,Chemical Processing,Mexico,MEX,0.42,22.72,7299.62,0.0,3767.2,road_electric,6139.6,3.014,plastic_pp,6473.43,1.65,0.021,2402.5488,0.0,10681.1658,388.5679,14720.0774
783,SYNTHETIC,2,Electronics Assembly,Japan,JPN,0.47,17.43,892.3,0.0,3787.6,inland_waterway,2201.6,3.03,chemicals_general,2078.8,2.2,0.031,349.3852,0.0,4573.354,206.8045,5292.7077
1346,SYNTHETIC,2,Chemical Processing,Germany,DEU,0.385,30.33,3136.35,1225.66,324.5,road_diesel,1010.3,0.26,plastic_pp,419.5,1.65,0.1033,860.2468,3297.0175,692.1764,27.0962,5111.1762
875,SYNTHETIC,2,Semiconductor Fabrication,Saudi Arabia,SAU,0.74,34.51,12243.12,0.0,5546.9,inland_waterway,884.7,4.438,chemicals_general,2739.22,2.2,0.031,6017.826,0.0,6026.2912,121.7032,12017.3577
1653,SYNTHETIC,3,Construction Materials,Brazil,BRA,0.08,,747.18,0.0,3289.9,sea_bulk,1414.3,2.632,wood_timber,3968.35,0.46,0.012,57.23,0.0,1825.4406,44.6668,1953.6499
1279,SYNTHETIC,2,Automotive Manufacturing,South Africa,ZAF,0.89,25.73,1342.23,0.0,7124.1,sea_bulk,8731.0,5.699,rubber,1942.89,3.85,0.012,894.0869,0.0,7480.1171,597.1249,9215.3942
786,SYNTHETIC,2,Electronics Assembly,Saudi Arabia,SAU,0.74,15.33,979.7,0.0,3454.6,sea_container,5498.3,2.764,chemicals_general,3004.35,2.2,0.016,616.8342,0.0,6609.5706,243.1265,7883.2826
1819,SYNTHETIC,3,Textiles & Apparel,China,CHN,0.581,22.48,1049.07,0.0,8913.6,road_electric,4249.7,7.131,cotton_fabric,14198.56,8.0,0.021,477.2276,0.0,113588.4691,636.3881,111493.0896
1199,SYNTHETIC,2,Plastics Manufacturing,China,CHN,0.581,7.1,2281.11,275.7,4394.1,road_diesel,303.3,3.515,plastic_pet,5610.63,3.1,0.1033,1234.4721,741.6325,17392.9412,110.1348,18561.9023
808,SYNTHETIC,2,Chemical Processing,United Kingdom,GBR,0.207,45.15,5047.35,2136.69,5882.1,sea_bulk,802.4,4.706,glass,8142.68,0.85,0.012,618.6065,5747.7021,6921.2782,45.3093,12723.9823
713,SYNTHETIC,2,Pharmaceutical Manufacturing,Vietnam,VNM,0.59,21.42,4527.55,0.0,3858.8,road_diesel,1331.4,3.087,plastic_pet,6241.69,3.1,0.1033,2118.5507,0.0,19349.2277,424.5823,21878.3418
1991,SYNTHETIC,3,Pharmaceutical Manufacturing,South Korea,KOR,0.435,11.74,3413.0,0.0,4261.1,road_electric,636.0,3.409,glass,1789.52,0.85,0.021,1318.3394,0.0,1521.0884,45.5291,2765.1913
1660,SYNTHETIC,3,Renewable Energy Components,South Africa,ZAF,0.89,35.79,2053.29,0.0,4971.0,air_freight,4444.7,3.977,aluminium,6189.47,8.24,0.602,1188.0213,0.0,51001.1928,10640.916,61288.3969
1191,SYNTHETIC,2,Semiconductor Fabrication,Turkey,TUR,0.445,42.47,8499.42,0.0,3429.2,rail_freight,4742.4,2.743,aluminium,6442.58,8.24,0.028,2248.0876,0.0,53086.8505,364.2799,59024.5106
1226,SYNTHETIC,2,Steel & Metals,South Africa,ZAF,0.89,,4583.02,280.07,6597.4,rail_freight,1370.5,5.278,aluminium,5890.84,8.24,0.028,3039.3361,753.3988,48540.546,202.5311,51335.4026
603,SYNTHETIC,2,Packaging Materials,Vietnam,VNM,0.59,52.71,962.76,0.0,7782.9,road_diesel,188.8,6.226,cardboard,11238.04,0.89,0.1033,278.7772,0.0,10001.857,121.4285,9753.0884
271,SYNTHETIC,1,Semiconductor Fabrication,Australia,AUS,0.66,40.69,10135.46,0.0,6671.9,air_freight,3314.8,5.337,copper,6579.16,3.17,0.602,4049.7749,0.0,20855.9374,10651.0737,35243.2105
1385,SYNTHETIC,2,Chemical Processing,Saudi Arabia,SAU,0.74,44.39,6851.62,780.05,2426.2,inland_waterway,414.8,1.941,glass,3215.42,0.85,0.031,2880.3549,2098.3232,2733.1069,24.9588,7647.8488
232,SYNTHETIC,1,Plastics Manufacturing,South Africa,ZAF,0.89,29.52,2092.25,,6885.7,air_freight,2377.2,5.509,chemicals_general,9501.36,2.2,0.602,1324.7801,0.0,20902.9862,7883.2979,30087.1067
50,SYNTHETIC,1,Pharmaceutical Manufacturing,China,CHN,0.581,19.91,3284.72,,2449.0,road_diesel,598.7,1.959,chemicals_general,4397.54,2.2,0.1033,1541.5852,0.0,9674.5965,121.1709,11635.9191
463,SYNTHETIC,1,Agricultural Commodities,United Kingdom,GBR,0.207,20.23,273.42,0.0,8425.1,air_freight,6741.5,6.74,cardboard,10903.16,0.89,0.602,46.2557,0.0,9703.8149,27354.0226,36502.8921
1106,SYNTHETIC,2,Pharmaceutical Manufacturing,China,CHN,0.581,36.27,4543.97,0.0,6050.7,air_freight,1906.3,4.841,chemicals_general,8729.77,2.2,0.602,1715.4326,0.0,19205.4933,5554.9329,25012.8671
856,SYNTHETIC,2,Mining & Raw Materials,Turkey,TUR,0.445,13.94,5328.39,1342.1,2223.5,road_diesel,7732.7,1.779,concrete,4207.21,0.13,0.1033,2055.5529,3610.2408,546.937,1420.9008,7119.3723
694,SYNTHETIC,2,Semiconductor Fabrication,India,IND,0.7082,21.27,8317.67,0.0,5450.2,inland_waterway,914.1,4.36,copper,4718.35,3.17,0.031,4673.0219,0.0,14957.1749,123.5498,20403.9729
1552,SYNTHETIC,3,Automotive Manufacturing,United Kingdom,GBR,0.207,29.45,2745.26,0.0,2915.6,inland_waterway,3682.6,2.332,rubber,4426.72,3.85,0.031,417.0792,0.0,17042.8582,266.2796,17127.2284
1873,SYNTHETIC,3,Construction Materials,Germany,DEU,0.385,36.94,1939.04,0.0,601.8,road_electric,2925.4,0.481,steel,636.52,1.85,0.021,485.1221,0.0,1177.5672,29.5761,1595.4396
527,SYNTHETIC,1,Renewable Energy Components,France,FRA,0.056,36.19,3081.04,0.0,5571.7,rail_freight,1350.6,4.457,lithium_battery,9609.31,75.0,0.028,132.401,0.0,720698.3834,168.5572,705138.8321
174,SYNTHETIC,1,Packaging Materials,Japan,JPN,0.47,18.46,2144.53,0.0,5461.4,road_diesel,2312.6,4.369,glass,10675.06,0.85,0.1033,829.7969,0.0,9073.8013,1043.751,11283.6723
721,SYNTHETIC,2,Packaging Materials,Australia,AUS,0.66,22.67,1128.07,,2823.6,sea_container,275.9,2.259,glass,4383.28,0.85,0.016,580.8918,0.0,3725.7903,9.9708,4304.1761
415,SYNTHETIC,1,Construction Materials,Vietnam,VNM,0.59,43.88,3487.69,0.0,8225.7,inland_waterway,783.9,6.581,concrete,8221.15,0.13,0.031,1185.466,0.0,1068.7492,159.9141,2311.4279
238,SYNTHETIC,1,Textiles & Apparel,Australia,AUS,0.66,27.54,1050.57,0.0,577.3,road_electric,139.7,0.462,plastic_pet,473.97,3.1,0.021,508.2382,0.0,1469.3179,1.3545,1930.0857
1473,SYNTHETIC,3,Food Processing,United Kingdom,GBR,0.207,29.61,1174.28,0.0,8711.7,inland_waterway,1883.6,6.969,cardboard,6228.05,0.89,0.031,178.0646,0.0,5542.9606,406.9532,6246.3836
1336,SYNTHETIC,2,Automotive Manufacturing,South Africa,ZAF,0.89,46.09,1267.37,1142.38,111.9,air_freight,634.6,0.089,steel,111.72,1.85,0.602,619.7719,3072.999,206.683,34.1856,3814.0247
1064,SYNTHETIC,2,Construction Materials,China,CHN,0.581,20.81,1843.27,1561.3,5325.0,sea_container,,4.26,wood_timber,3876.57,0.46,0.016,855.7873,4199.9049,1783.2199,140.522,7195.1791
24,SYNTHETIC,1,Pharmaceutical Manufacturing,Vietnam,VNM,0.59,27.47,2503.41,0.0,5535.2,inland_waterway,2110.3,4.428,chemicals_general,7025.72,2.2,0.031,1085.0731,0.0,15456.5841,289.6863,17025.9057
1767,SYNTHETIC,3,Chemical Processing,Germany,DEU,0.385,32.21,5013.32,605.31,2455.9,road_electric,1651.6,1.965,plastic_pp,2673.32,1.65,0.021,1340.7626,1628.2875,4410.9764,68.1416,7507.6442
64,SYNTHETIC,1,Agricultural Commodities,Germany,DEU,0.385,9.84,479.61,915.31,4038.6,sea_bulk,3570.2,3.231,cardboard,6074.48,0.89,0.012,167.4308,2462.1922,5406.2843,138.4177,7996.9408
290,SYNTHETIC,1,Steel & Metals,Turkey,TUR,0.445,,7580.74,1346.15,3769.1,air_freight,2889.0,3.015,copper,5035.6,3.17,0.602,1551.6402,3621.1372,15962.8563,5244.1567,26117.5951
189,SYNTHETIC,1,Logistics & Freight,Vietnam,VNM,0.59,39.25,184.26,270.77,5283.2,road_electric,2516.8,4.227,cardboard,7106.02,0.89,0.021,67.4886,728.3818,6324.3591,223.3833,7645.0875
702,SYNTHETIC,2,Construction Materials,South Korea,KOR,0.435,29.72,2307.33,560.76,5754.9,sea_container,980.5,4.604,glass,4595.06,0.85,0.016,719.0744,1508.4555,3905.8009,72.2283,6360.9618
1815,SYNTHETIC,3,Electronics Assembly,United States,USA,0.386,26.37,606.39,,2382.8,road_electric,6703.7,1.906,copper,2320.32,3.17,0.021,175.5507,0.0,7355.4271,268.3581,7946.324
1138,SYNTHETIC,2,Steel & Metals,Australia,AUS,0.66,4.94,3930.46,1807.01,10490.2,road_diesel,6002.2,8.392,aluminium,8854.4,8.24,0.1033,2469.916,4860.8532,72960.2587,5203.3436,83030.1341
355,SYNTHETIC,1,Automotive Manufacturing,India,IND,0.7082,21.13,2286.15,680.86,122.2,road_diesel,793.6,0.098,rubber,135.66,3.85,0.1033,1286.6641,1831.5029,522.2918,8.0175,3639.1062
417,SYNTHETIC,1,Textiles & Apparel,Vietnam,VNM,0.59,,813.79,0.0,4270.0,inland_waterway,5208.4,3.416,cotton_fabric,6815.29,8.0,0.031,420.8084,0.0,54522.3454,551.5455,54517.4948
1246,SYNTHETIC,2,Steel & Metals,Japan,JPN,0.47,29.13,5455.81,253.37,6311.5,sea_container,862.1,5.049,steel,5112.81,1.85,0.016,1849.1718,681.5678,9458.7021,69.6441,12138.0967
931,SYNTHETIC,2,Pharmaceutical Manufacturing,South Africa,ZAF,0.89,32.39,3328.84,,5250.7,road_diesel,632.4,4.201,plastic_pet,2494.39,3.1,0.1033,2024.5592,0.0,7732.6115,274.4015,10823.2483
197,SYNTHETIC,1,Steel & Metals,China,CHN,0.581,41.0,7048.53,1451.41,3994.8,sea_container,2961.7,3.196,steel,6186.07,1.85,0.016,2474.1454,3904.282,11444.2382,151.4409,17248.323
580,SYNTHETIC,1,Renewable Energy Components,Mexico,MEX,0.42,26.42,2067.32,0.0,3267.8,rail_freight,426.7,2.614,steel,3349.92,1.85,0.028,649.7672,0.0,6197.3437,31.2329,6542.8633
1135,SYNTHETIC,2,Logistics & Freight,United States,USA,0.386,11.3,557.04,28.42,702.7,inland_waterway,266.4,0.562,plastic_pp,212.99,1.65,0.031,191.9706,76.4598,351.4309,4.6423,640.1006
1814,SYNTHETIC,3,Food Processing,Vietnam,VNM,0.59,30.52,966.54,0.0,5356.6,road_diesel,794.5,4.285,glass,9084.14,0.85,0.1033,402.1256,0.0,7721.5218,351.7019,8822.4984
1935,SYNTHETIC,3,Food Processing,Brazil,BRA,0.08,23.3,1140.55,0.0,4519.7,rail_freight,2306.1,3.616,glass,4010.86,0.85,0.028,75.3019,0.0,3409.2302,233.4752,3733.9813
434,SYNTHETIC,1,Semiconductor Fabrication,Vietnam,VNM,0.59,41.25,12258.2,0.0,5452.7,air_freight,462.2,4.362,chemicals_general,7821.65,2.2,0.602,4349.7939,0.0,17207.6358,1213.8478,22489.5417
101,SYNTHETIC,1,Textiles & Apparel,France,FRA,0.056,41.6,1414.25,0.0,3240.9,rail_freight,239.9,2.593,plastic_pet,6217.28,3.1,0.028,58.0208,0.0,19273.5667,17.4135,19138.5603
1655,SYNTHETIC,3,Semiconductor Fabrication,Saudi Arabia,SAU,0.74,,6722.05,0.0,6795.2,sea_container,5494.5,5.436,copper,5664.95,3.17,0.016,2974.3406,0.0,17957.9005,477.8995,21520.6547
395,SYNTHETIC,1,Renewable Energy Components,Germany,DEU,0.385,19.81,2517.24,0.0,6385.6,inland_waterway,208.7,5.108,steel,4748.28,1.85,0.031,787.0877,0.0,8784.3217,33.0567,9254.0012
1939,SYNTHETIC,3,Electronics Assembly,Saudi Arabia,SAU,0.74,13.2,600.69,,5809.6,sea_container,1608.1,4.648,chemicals_general,3923.29,2.2,0.016,387.4142,0.0,8631.2388,119.5864,9273.0865
221,SYNTHETIC,1,Steel & Metals,United States,USA,0.386,34.6,5259.98,139.51,4779.1,inland_waterway,5758.5,3.823,aluminium,2286.74,8.24,0.031,1364.2819,375.2724,18842.7025,682.5112,21038.3063
1676,SYNTHETIC,3,Food Processing,Mexico,MEX,0.42,9.88,1575.36,0.0,6635.6,rail_freight,3447.0,5.308,cardboard,11202.11,0.89,0.028,599.3873,0.0,9969.8805,512.3533,10944.4229
1498,SYNTHETIC,3,Plastics Manufacturing,South Korea,KOR,0.435,19.66,1388.28,578.52,4468.1,road_diesel,2613.3,3.575,chemicals_general,7243.98,2.2,0.1033,490.6159,1556.2091,15936.7599,964.964,18667.4485
1785,SYNTHETIC,3,Plastics Manufacturing,South Africa,ZAF,0.89,28.42,1819.92,,6946.7,road_electric,434.6,5.557,plastic_pet,4882.63,3.1,0.021,1169.7837,1056.0525,15136.1496,50.7228,18177.1704
345,SYNTHETIC,1,Pharmaceutical Manufacturing,South Africa,ZAF,0.89,45.06,2811.69,0.0,230.5,air_freight,642.1,0.184,chemicals_general,238.45,2.2,0.602,1400.1349,0.0,524.5812,71.2778,2109.0284
1028,SYNTHETIC,2,Agricultural Commodities,China,CHN,0.581,17.57,767.12,931.76,8971.1,road_electric,974.5,7.177,cardboard,7966.12,0.89,0.021,370.0741,2506.4363,7089.8433,146.8753,9761.9716
889,SYNTHETIC,2,Construction Materials,Turkey,TUR,0.445,,1979.64,1332.87,7052.3,sea_bulk,306.5,5.642,wood_timber,11396.69,0.46,0.012,485.5934,3585.4249,5242.4782,20.754,9048.9389
1351,SYNTHETIC,2,Food Processing,United Kingdom,GBR,0.207,12.07,914.13,0.0,4994.4,inland_waterway,2083.3,3.996,plastic_pet,4338.29,3.1,0.031,168.6006,0.0,13448.6938,258.0443,13274.2887
553,SYNTHETIC,1,Logistics & Freight,South Africa,ZAF,0.89,26.92,267.72,2164.76,4503.8,road_electric,1570.2,3.603,cardboard,7505.78,0.89,0.021,175.5601,5823.1962,6680.1453,118.8035,13001.5632
744,SYNTHETIC,2,Steel & Metals,South Africa,ZAF,0.89,,6982.83,71.59,8171.5,air_freight,55.6,6.537,copper,11662.91,3.17,0.602,3447.8689,192.5753,36971.4133,218.7264,39978.0167
1542,SYNTHETIC,3,Construction Materials,Vietnam,VNM,0.59,7.7,2408.33,0.0,8559.3,air_freight,1319.5,6.847,wood_timber,7276.14,0.46,0.602,1315.2212,0.0,3347.0263,5439.0114,10279.3857
539,SYNTHETIC,1,Packaging Materials,Germany,DEU,0.385,31.35,1596.03,0.0,3789.7,road_diesel,560.7,3.032,plastic_pet,5377.83,3.1,0.1033,431.8418,0.0,16671.2599,175.6033,17491.0445
907,SYNTHETIC,2,Packaging Materials,India,IND,0.7082,23.9,1944.07,0.0,4563.4,air_freight,1860.8,3.651,glass,5129.8,0.85,0.602,1057.011,0.0,4360.3289,4089.4241,9749.0681
1395,SYNTHETIC,2,Steel & Metals,France,FRA,0.056,36.11,7886.39,1161.44,8554.4,sea_container,1191.6,6.843,steel,11791.16,1.85,0.016,339.1133,3124.2805,21813.6454,130.4776,24372.2187
116,SYNTHETIC,1,Chemical Processing,India,IND,0.7082,,4495.68,0.0,3572.5,road_electric,2406.9,2.858,chemicals_general,2631.69,2.2,0.021,2161.1596,0.0,5789.714,144.4542,8222.8022
830,SYNTHETIC,2,Chemical Processing,United States,USA,0.386,15.36,2199.18,0.0,8444.0,road_diesel,,6.755,plastic_pp,5163.93,1.65,0.1033,725.2465,0.0,8520.4925,211.0477,9794.4894
1938,SYNTHETIC,3,Plastics Manufacturing,India,IND,0.7082,2.79,1566.57,,715.6,rail_freight,1199.5,0.573,chemicals_general,1107.45,2.2,0.028,1079.3491,282.171,2436.3849,19.2276,3766.7859
809,SYNTHETIC,2,Textiles & Apparel,India,IND,0.7082,,1267.15,0.0,5821.1,rail_freight,1832.3,4.657,cotton_fabric,5939.82,8.0,0.028,869.3296,0.0,47518.593,238.9216,49609.5486
1311,SYNTHETIC,2,Food Processing,South Korea,KOR,0.435,24.54,2515.1,0.0,6636.2,air_freight,2693.3,5.309,cardboard,7588.76,0.89,0.602,837.9445,0.0,6753.993,8607.6953,16174.3562
1005,SYNTHETIC,2,Chemical Processing,Australia,AUS,0.66,13.42,5315.15,0.0,2800.9,sea_container,51.1,2.241,plastic_pp,2565.47,1.65,0.016,3051.5036,0.0,4233.0318,1.8306,7206.7355
306,SYNTHETIC,1,Renewable Energy Components,United Kingdom,GBR,0.207,54.25,2610.39,0.0,3038.1,sea_container,1768.4,2.43,aluminium,3455.24,8.24,0.016,275.5481,0.0,28471.1392,68.7696,28030.7345
1101,SYNTHETIC,2,Renewable Energy Components,France,FRA,0.056,33.08,2360.56,0.0,2004.8,road_electric,7086.5,1.604,lithium_battery,1261.69,75.0,0.021,104.0821,0.0,94626.6151,238.6769,96391.3804
480,SYNTHETIC,1,Plastics Manufacturing,India,IND,0.7082,42.89,1891.26,2617.37,6693.0,rail_freight,816.7,5.354,plastic_pp,100.0,1.65,0.028,781.1667,7040.7194,165.0,122.446,8248.2886
1424,SYNTHETIC,3,Packaging Materials,Saudi Arabia,SAU,0.74,27.41,978.69,0.0,2650.3,sea_container,189.4,2.12,glass,1465.64,0.85,0.016,531.1059,0.0,1245.7977,6.4251,1805.0535
1076,SYNTHETIC,2,Renewable Energy Components,Turkey,TUR,0.445,23.51,1859.33,0.0,4928.5,rail_freight,2084.3,3.943,aluminium,7446.41,8.24,0.028,641.6433,0.0,61358.417,230.1022,60233.2023
571,SYNTHETIC,1,Logistics & Freight,Germany,DEU,0.385,30.88,366.31,171.88,3328.1,sea_bulk,1571.6,2.662,plastic_pp,3840.91,1.65,0.012,99.7439,462.3616,6337.509,50.2125,7067.996
619,SYNTHETIC,2,Agricultural Commodities,United Kingdom,GBR,0.207,21.6,518.41,456.29,7272.0,rail_freight,3660.8,5.818,cotton_fabric,7194.86,8.0,0.028,86.3681,1227.4149,57558.8426,596.3194,58534.8496
1898,SYNTHETIC,3,Steel & Metals,United States,USA,0.386,15.72,6159.31,612.99,1887.8,road_electric,50.0,1.51,copper,1798.42,3.17,0.021,2023.0444,1648.9328,5700.9796,1.5858,9432.7255
1266,SYNTHETIC,2,Food Processing,France,FRA,0.056,52.55,200.21,0.0,6646.4,sea_container,191.2,5.317,plastic_pet,8978.54,3.1,0.016,7.4239,0.0,27833.4713,16.2637,26994.3127
79,SYNTHETIC,1,Electronics Assembly,United States,USA,0.386,11.25,1049.22,0.0,1648.4,road_electric,421.8,1.319,aluminium,610.96,8.24,0.021,361.8013,0.0,5034.322,11.6796,5454.8252
1912,SYNTHETIC,3,Semiconductor Fabrication,Saudi Arabia,SAU,0.74,60.12,10144.02,0.0,5090.7,road_electric,2511.4,4.073,chemicals_general,3318.61,2.2,0.021,3115.6364,0.0,7300.9481,214.7808,10629.2551
33,SYNTHETIC,1,Textiles & Apparel,India,IND,0.7082,28.76,1222.92,0.0,6012.4,sea_bulk,2203.4,4.81,cotton_fabric,6728.02,8.0,0.012,624.0258,0.0,53824.1691,127.1771,54675.0757
1538,SYNTHETIC,3,Plastics Manufacturing,Germany,DEU,0.385,37.86,2520.06,1265.62,5697.7,sea_container,740.9,4.558,chemicals_general,7640.47,2.2,0.016,621.9466,3404.5138,16809.0395,54.0345,21244.0748
1034,SYNTHETIC,2,Pharmaceutical Manufacturing,Brazil,BRA,0.08,22.55,3555.32,0.0,4326.2,road_electric,265.3,3.461,glass,5485.85,0.85,0.021,236.3195,0.0,4662.9752,19.2843,4913.3882
1563,SYNTHETIC,3,Electronics Assembly,South Korea,KOR,0.435,30.31,495.75,0.0,6086.4,inland_waterway,646.3,4.869,plastic_pet,5505.9,3.1,0.031,153.2988,0.0,17068.2745,97.5554,17590.136
352,SYNTHETIC,1,Semiconductor Fabrication,France,FRA,0.056,34.64,9803.98,0.0,1213.8,road_electric,7932.2,0.971,chemicals_general,2308.66,2.2,0.021,426.7791,0.0,5079.0546,161.7564,5670.7189
164,SYNTHETIC,1,Steel & Metals,Saudi Arabia,SAU,0.74,26.16,8656.39,826.04,3743.8,road_diesel,1889.2,2.995,steel,5325.59,1.85,0.1033,4775.1144,2222.0597,9852.3375,584.4908,17097.4295
204,SYNTHETIC,1,Renewable Energy Components,Turkey,TUR,0.445,26.26,2797.13,0.0,5175.1,rail_freight,246.4,4.14,copper,4290.49,3.17,0.028,932.5373,0.0,13600.8442,28.563,14666.0779
1054,SYNTHETIC,2,Food Processing,Mexico,MEX,0.42,41.63,1034.62,0.0,2749.6,air_freight,94.0,2.2,cardboard,3614.5,0.89,0.602,262.2652,0.0,3216.904,124.4459,3583.2263
1365,SYNTHETIC,2,Agricultural Commodities,Saudi Arabia,SAU,0.74,15.96,658.66,291.26,5991.6,inland_waterway,7565.4,4.793,cotton_fabric,6086.06,8.0,0.031,411.7028,783.4814,48688.4444,1124.1572,49522.8218
1967,SYNTHETIC,3,Agricultural Commodities,Turkey,TUR,0.445,59.03,966.04,846.45,5609.1,road_electric,,4.487,cotton_fabric,5591.42,8.0,0.021,187.5504,2276.9555,44731.3291,90.8035,46230.8517
496,SYNTHETIC,1,Agricultural Commodities,Turkey,TUR,0.445,44.98,559.91,324.9,3386.1,air_freight,2164.7,2.709,cardboard,1670.0,0.89,0.602,142.1149,873.9922,1486.2961,3529.9915,6063.1965
1625,SYNTHETIC,3,Chemical Processing,South Korea,KOR,0.435,27.3,4452.42,251.59,5164.6,rail_freight,3140.2,4.132,glass,4704.35,0.85,0.028,1432.3339,676.7788,3998.6955,363.2793,6485.4828
1966,SYNTHETIC,3,Renewable Energy Components,South Korea,KOR,0.435,56.94,2883.47,,5899.3,air_freight,4970.8,4.719,steel,9460.11,1.85,0.602,572.9242,0.0,17501.2018,14122.5336,32586.2057
1963,SYNTHETIC,3,Renewable Energy Components,Brazil,BRA,0.08,45.41,2169.2,0.0,7213.8,air_freight,297.3,5.771,aluminium,13802.92,8.24,0.602,114.4332,0.0,113736.0626,1032.8534,118885.4649
611,SYNTHETIC,2,Automotive Manufacturing,Saudi Arabia,SAU,0.74,10.21,3204.92,0.0,4176.3,inland_waterway,1748.6,3.341,rubber,4552.47,3.85,0.031,2136.051,0.0,17527.0168,181.1039,18533.7161
433,SYNTHETIC,1,Agricultural Commodities,Germany,DEU,0.385,3.58,534.66,283.13,4624.2,road_diesel,3821.5,3.699,wood_timber,3846.26,0.46,0.1033,198.8527,761.6276,1769.2774,1460.3645,4128.2145
1492,SYNTHETIC,3,Semiconductor Fabrication,Vietnam,VNM,0.59,33.6,7627.99,0.0,2518.4,rail_freight,279.1,2.015,chemicals_general,3306.03,2.2,0.028,3039.8013,0.0,7273.2593,15.7458,10470.2587
219,SYNTHETIC,1,Agricultural Commodities,Saudi Arabia,SAU,0.74,15.67,842.66,59.53,1468.3,air_freight,2826.2,1.175,wood_timber,773.26,0.46,0.602,528.4718,160.1371,355.6988,1998.5333,2969.277
1931,SYNTHETIC,3,Automotive Manufacturing,Turkey,TUR,0.445,35.04,2244.87,237.31,100.0,road_electric,228.5,0.08,plastic_pp,100.0,1.65,0.021,664.6481,638.3757,165.0,0.3839,1458.1612
1466,SYNTHETIC,3,Logistics & Freight,Turkey,TUR,0.445,10.83,672.14,390.02,7249.3,road_electric,1037.6,5.799,plastic_pp,5305.38,1.65,0.021,268.1647,1049.1534,8753.8703,126.3639,10561.3389
631,SYNTHETIC,2,Packaging Materials,Turkey,TUR,0.445,28.16,1576.65,0.0,1202.6,air_freight,3639.3,0.962,plastic_pet,1242.21,3.1,0.602,512.928,0.0,3850.8497,2107.7429,6230.865
1382,SYNTHETIC,2,Agricultural Commodities,Saudi Arabia,SAU,0.74,18.88,570.02,3.23,6755.5,road_diesel,1283.9,5.404,wood_timber,11112.21,0.46,0.1033,344.3394,8.6799,5111.6155,716.7826,6267.4113
1302,SYNTHETIC,2,Packaging Materials,United Kingdom,GBR,0.207,18.5,1530.8,0.0,1447.8,sea_bulk,3674.5,1.158,glass,1433.38,0.85,0.012,263.9059,0.0,1218.3753,51.0705,1561.1882
60,SYNTHETIC,1,Logistics & Freight,Brazil,BRA,0.08,58.49,331.28,140.13,6407.4,road_diesel,516.2,5.126,plastic_pp,6084.51,1.65,0.1033,14.8766,376.9548,10039.4367,273.3483,10438.5263
299,SYNTHETIC,1,Renewable Energy Components,Japan,JPN,0.47,9.11,2846.7,0.0,7492.1,inland_waterway,4306.4,5.994,copper,9386.22,3.17,0.031,1221.3096,0.0,29754.3313,800.1431,31725.1455
1711,SYNTHETIC,3,Logistics & Freight,Japan,JPN,0.47,38.68,623.54,0.0,5601.5,rail_freight,2639.7,4.481,plastic_pp,4116.18,1.65,0.028,184.5346,0.0,6791.6993,331.2071,7113.6238
74,SYNTHETIC,1,Mining & Raw Materials,South Korea,KOR,0.435,44.55,3718.71,0.0,5250.2,inland_waterway,10472.9,4.2,copper,6036.12,3.17,0.031,930.186,0.0,19134.5061,1363.6381,23060.3275
163,SYNTHETIC,1,Mining & Raw Materials,France,FRA,0.056,,7634.27,246.36,7894.5,air_freight,52.9,6.316,copper,11743.77,3.17,0.602,399.9952,662.704,37227.7381,201.1968,39641.8192
1275,SYNTHETIC,2,Pharmaceutical Manufacturing,France,FRA,0.056,8.01,4944.54,0.0,6638.9,rail_freight,1927.0,5.311,chemicals_general,11485.28,2.2,0.028,262.6432,0.0,25267.6269,286.5666,25063.7583
1594,SYNTHETIC,3,Food Processing,South Korea,KOR,0.435,24.91,1271.49,0.0,2599.4,sea_container,3031.3,2.079,glass,2938.52,0.85,0.016,421.6592,0.0,2497.7401,100.8557,2952.9121
1434,SYNTHETIC,3,Semiconductor Fabrication,Turkey,TUR,0.445,27.12,8791.47,0.0,3956.8,sea_bulk,726.6,3.165,copper,3002.8,3.17,0.012,2898.7466,0.0,9518.8809,27.6008,12282.8851
1613,SYNTHETIC,3,Logistics & Freight,Turkey,TUR,0.445,43.19,297.29,1645.27,6409.5,sea_container,1817.6,5.128,plastic_pp,8489.93,1.65,0.016,77.7263,4425.7773,14008.3846,149.1189,18338.5416
592,SYNTHETIC,1,Packaging Materials,Saudi Arabia,SAU,0.74,29.54,658.79,0.0,1746.0,road_diesel,,1.397,cardboard,2008.01,0.89,0.1033,347.3765,0.0,1787.1321,29.4944,2165.0221
317,SYNTHETIC,1,Textiles & Apparel,India,IND,0.7082,22.38,604.7,0.0,5603.3,sea_container,2187.8,4.483,cotton_fabric,7589.84,8.0,0.016,335.1315,0.0,60718.7258,156.9153,60835.2974
46,SYNTHETIC,1,Renewable Energy Components,India,IND,0.7082,26.2,2986.0,0.0,6854.9,rail_freight,5026.0,5.484,copper,10145.93,3.17,0.028,1576.2239,0.0,32162.596,771.739,34373.587
1720,SYNTHETIC,3,Renewable Energy Components,Japan,JPN,0.47,42.61,1143.49,0.0,5798.3,road_diesel,2707.0,4.639,copper,8171.48,3.17,0.1033,318.2065,0.0,25903.5883,1297.0978,26794.5808
1832,SYNTHETIC,3,Steel & Metals,South Africa,ZAF,0.89,16.55,3620.42,3659.94,2326.4,sea_bulk,6864.9,1.861,copper,3144.46,3.17,0.012,2700.8175,9845.2261,9967.9503,153.3157,22305.0625
428,SYNTHETIC,1,Automotive Manufacturing,Japan,JPN,0.47,34.71,2512.77,0.0,3213.3,air_freight,1407.6,2.571,aluminium,4269.42,8.24,0.602,788.5,0.0,35180.0011,2178.3705,38339.2003
582,SYNTHETIC,1,Semiconductor Fabrication,United States,USA,0.386,5.16,7939.74,0.0,5216.1,road_electric,1655.2,4.173,chemicals_general,7285.64,2.2,0.021,2914.7251,0.0,16028.4036,145.0413,19111.7201
77,SYNTHETIC,1,Textiles & Apparel,Vietnam,VNM,0.59,49.46,869.33,0.0,6291.7,inland_waterway,223.0,5.033,plastic_pet,4765.25,3.1,0.031,267.8073,0.0,14772.2692,34.8007,15075.1934
1917,SYNTHETIC,3,Textiles & Apparel,France,FRA,0.056,40.64,1315.26,0.0,3181.3,air_freight,1110.4,2.545,plastic_pet,3302.16,3.1,0.602,54.4119,0.0,10236.7084,1701.2778,11705.1299
1415,SYNTHETIC,3,Semiconductor Fabrication,France,FRA,0.056,,8586.44,0.0,9461.4,air_freight,3558.3,7.569,chemicals_general,6329.65,2.2,0.602,307.7167,0.0,13925.2221,16213.962,29989.1221
781,SYNTHETIC,2,Pharmaceutical Manufacturing,Turkey,TUR,0.445,22.73,3429.4,0.0,3834.5,sea_bulk,2045.9,3.068,plastic_pet,9170.61,3.1,0.012,1194.8568,0.0,28428.8911,75.3106,29599.8996
1920,SYNTHETIC,3,Logistics & Freight,Saudi Arabia,SAU,0.74,4.47,437.99,915.17,1624.2,road_electric,3336.4,1.299,cardboard,1526.69,0.89,0.021,310.0097,2461.8081,1358.7561,91.0381,4164.375
1174,SYNTHETIC,2,Steel & Metals,Saudi Arabia,SAU,0.74,39.73,5934.25,1914.82,3910.7,sea_bulk,292.1,3.129,copper,3436.95,3.17,0.012,2693.6387,5150.8664,10895.1445,10.9667,18770.1746
1320,SYNTHETIC,2,Semiconductor Fabrication,United Kingdom,GBR,0.207,31.58,5304.83,0.0,7284.3,inland_waterway,1954.5,5.827,chemicals_general,9449.0,2.2,0.031,784.8366,0.0,20787.8076,353.0725,22880.7527
938,SYNTHETIC,2,Chemical Processing,United Kingdom,GBR,0.207,,5216.76,630.6,10244.2,road_diesel,1746.1,8.195,chemicals_general,21334.52,2.2,0.1033,847.1077,1696.3262,46935.9504,1478.2217,51079.3685
31,SYNTHETIC,1,Electronics Assembly,Saudi Arabia,SAU,0.74,47.88,1006.49,0.0,10305.4,rail_freight,1100.0,8.244,chemicals_general,6103.39,2.2,0.028,397.8067,0.0,13427.4542,253.933,13874.6651
1092,SYNTHETIC,2,Construction Materials,Saudi Arabia,SAU,0.74,22.79,3314.76,861.64,5930.4,air_freight,9712.3,4.744,steel,3497.37,1.85,0.602,1909.0696,2317.7983,6470.1431,27739.273,37747.9223
1616,SYNTHETIC,3,Packaging Materials,France,FRA,0.056,44.24,1823.25,0.0,6188.0,rail_freight,3515.5,4.95,glass,6651.91,0.85,0.028,73.0657,0.0,5654.1258,487.2875,6715.6172
1230,SYNTHETIC,2,Textiles & Apparel,Germany,DEU,0.385,18.01,913.49,0.0,4637.4,road_electric,2707.6,3.71,plastic_pet,6321.9,3.1,0.021,291.6306,0.0,19597.9004,210.9485,19555.7808
975,SYNTHETIC,2,Pharmaceutical Manufacturing,United States,USA,0.386,48.29,2111.59,0.0,2504.7,sea_bulk,,2.004,chemicals_general,4231.73,2.2,0.012,441.8528,0.0,9309.8117,6.1303,9552.2227
1085,SYNTHETIC,2,Mining & Raw Materials,Mexico,MEX,0.42,20.11,5556.92,1131.79,317.1,inland_waterway,1960.7,0.254,copper,512.88,3.17,0.031,1886.818,3044.5262,1625.8241,15.418,6596.5567
515,SYNTHETIC,1,Automotive Manufacturing,China,CHN,0.581,49.31,1388.49,665.18,2603.1,road_electric,772.0,2.082,rubber,3450.9,3.85,0.021,422.6025,1789.3375,13285.975,33.7625,15444.3412
1551,SYNTHETIC,3,Construction Materials,South Africa,ZAF,0.89,45.49,2835.02,2053.51,7503.5,air_freight,2268.2,6.003,wood_timber,7535.07,0.46,0.602,1401.2364,5523.9422,3466.1329,8196.5249,19349.9824
1568,SYNTHETIC,3,Mining & Raw Materials,Turkey,TUR,0.445,38.39,2587.39,0.0,327.6,road_diesel,,0.262,concrete,369.56,0.13,0.1033,729.217,0.0,48.0432,29.0592,794.7726
1811,SYNTHETIC,3,Construction Materials,Saudi Arabia,SAU,0.74,43.88,2337.16,52.15,7734.4,road_electric,194.3,6.188,concrete,12065.16,0.13,0.021,991.0335,140.2766,1568.4706,25.2511,2666.1393
1574,SYNTHETIC,3,Agricultural Commodities,Japan,JPN,0.47,3.89,850.75,0.0,3140.8,rail_freight,985.0,2.513,cardboard,3017.55,0.89,0.028,384.9782,0.0,2685.6224,69.2977,2916.568
45,SYNTHETIC,1,Electronics Assembly,Brazil,BRA,0.08,18.67,830.08,0.0,3102.2,sea_bulk,925.9,2.482,aluminium,4146.68,8.24,0.012,57.108,0.0,34168.6089,27.5755,36181.2433
1687,SYNTHETIC,3,Mining & Raw Materials,India,IND,0.7082,50.4,4134.67,1501.85,7145.9,inland_waterway,993.3,5.717,concrete,12336.8,0.13,0.031,1494.0595,4039.9673,1603.7845,176.0354,7286.6259
169,SYNTHETIC,1,Construction Materials,Vietnam,VNM,0.59,6.73,1090.74,,9255.5,air_freight,2919.0,7.404,steel,11397.01,1.85,0.602,601.688,1791.4535,21084.4636,13011.2746,36848.6441
304,SYNTHETIC,1,Chemical Processing,Japan,JPN,0.47,36.4,3968.35,1768.8,8815.5,sea_container,3465.5,7.052,plastic_pp,8887.78,1.65,0.016,1215.1228,4758.0822,14664.8327,391.0415,21153.5455
991,SYNTHETIC,2,Mining & Raw Materials,Vietnam,VNM,0.59,8.14,9650.7,943.72,4790.6,sea_bulk,2242.4,3.833,steel,3067.27,1.85,0.012,5246.2168,2538.605,5674.4485,103.1276,13430.2225
556,SYNTHETIC,1,Textiles & Apparel,Brazil,BRA,0.08,17.31,857.87,0.0,1433.8,inland_waterway,4526.4,1.147,cotton_fabric,1414.17,8.0,0.031,59.7216,0.0,11313.3839,160.9532,11586.2772
1925,SYNTHETIC,3,Steel & Metals,France,FRA,0.056,26.82,7341.99,1055.8,4268.7,rail_freight,561.8,3.415,copper,7586.83,3.17,0.028,340.2575,2840.0924,24050.2659,53.7198,27458.4003
608,SYNTHETIC,2,Logistics & Freight,United States,USA,0.386,40.49,432.67,3950.52,3705.6,air_freight,2040.4,2.964,plastic_pp,2061.03,1.65,0.602,102.888,10626.8923,3400.6948,3641.3927,17400.0932
1619,SYNTHETIC,3,Agricultural Commodities,Vietnam,VNM,0.59,40.85,688.25,0.0,4265.0,rail_freight,199.2,3.412,wood_timber,4814.33,0.46,0.028,245.8002,0.0,2214.5935,19.0345,2477.5062
758,SYNTHETIC,2,Logistics & Freight,France,FRA,0.056,1.84,92.57,0.0,3363.7,road_diesel,3575.1,2.691,cardboard,4538.98,0.89,0.1033,5.1226,0.0,4039.6889,993.7946,5258.607
439,SYNTHETIC,1,Renewable Energy Components,China,CHN,0.581,23.23,1435.21,0.0,1876.5,sea_bulk,401.9,1.501,aluminium,1199.54,8.24,0.012,646.8388,0.0,9884.1723,7.2402,10955.6242
583,SYNTHETIC,1,Chemical Processing,Germany,DEU,0.385,35.09,3653.07,1897.15,448.1,sea_container,1301.0,0.358,glass,618.75,0.85,0.016,938.4929,5103.3275,525.9349,7.462,6336.692
1519,SYNTHETIC,3,Food Processing,France,FRA,0.056,,1227.96,0.0,2229.6,road_diesel,2427.5,1.784,plastic_pet,3723.19,3.1,0.1033,56.5267,0.0,11541.8897,447.2771,11994.6528
528,SYNTHETIC,1,Automotive Manufacturing,United States,USA,0.386,16.38,2040.63,,100.0,sea_bulk,388.4,0.08,aluminium,161.46,8.24,0.012,665.3735,3092.4315,1330.4355,0.3728,4909.8173
343,SYNTHETIC,1,Electronics Assembly,India,IND,0.7082,20.27,607.99,0.0,862.8,sea_container,2150.1,0.69,aluminium,992.99,8.24,0.016,345.7687,0.0,8182.2318,23.745,8575.7004
1737,SYNTHETIC,3,Electronics Assembly,South Africa,ZAF,0.89,7.26,975.95,0.0,3822.5,air_freight,2004.1,3.058,aluminium,3212.42,8.24,0.602,806.9119,0.0,26470.3002,3689.375,30145.0968
368,SYNTHETIC,1,Packaging Materials,Germany,DEU,0.385,17.58,1580.49,0.0,7251.0,air_freight,2255.0,5.801,glass,12133.8,0.85,0.602,507.09,0.0,10313.7293,7874.6221,18034.7215
186,SYNTHETIC,1,Textiles & Apparel,United States,USA,0.386,9.89,972.13,0.0,3223.1,road_electric,1536.9,2.578,plastic_pet,5669.08,3.1,0.021,340.0431,0.0,17574.1472,83.2228,18028.1958
1117,SYNTHETIC,2,Steel & Metals,United States,USA,0.386,,3386.2,0.0,892.0,road_diesel,3475.0,0.714,aluminium,1241.78,8.24,0.1033,1140.5582,0.0,10232.2341,256.1612,11541.3744
1755,SYNTHETIC,3,Mining & Raw Materials,India,IND,0.7082,11.95,9072.86,389.43,2651.0,road_diesel,1106.4,2.121,chemicals_general,2139.75,2.2,0.1033,5679.1699,1047.5693,4707.4439,242.3773,11812.6807
1426,SYNTHETIC,3,Automotive Manufacturing,Australia,AUS,0.66,35.72,1874.38,1023.89,5266.3,rail_freight,1468.2,4.213,rubber,5178.93,3.85,0.028,808.5606,2754.2603,19938.8808,173.1932,23975.2719
301,SYNTHETIC,1,Construction Materials,Brazil,BRA,0.08,47.94,2534.7,4697.48,5528.2,road_electric,2047.1,4.423,glass,9610.63,0.85,0.021,129.8673,12636.2286,8169.0382,190.1233,20442.1478
1904,SYNTHETIC,3,Semiconductor Fabrication,Mexico,MEX,0.42,26.18,8527.36,0.0,5213.7,air_freight,418.3,4.171,chemicals_general,2739.13,2.2,0.602,2688.4695,0.0,6026.0813,1050.2389,9539.7142
833,SYNTHETIC,2,Semiconductor Fabrication,China,CHN,0.581,20.61,11262.41,0.0,11065.5,rail_freight,1211.1,8.852,copper,12279.11,3.17,0.028,5241.2406,0.0,38924.7921,300.1824,44233.9138
544,SYNTHETIC,1,Agricultural Commodities,Australia,AUS,0.66,25.49,836.85,0.0,5737.4,air_freight,665.4,4.59,cotton_fabric,5530.93,8.0,0.602,415.805,0.0,44247.4593,1838.6598,44730.2027
1601,SYNTHETIC,3,Construction Materials,Australia,AUS,0.66,37.85,3805.87,343.98,2718.6,sea_container,2261.6,2.175,steel,3808.12,1.85,0.016,1589.9438,925.3057,7045.0293,78.7004,9488.0818
351,SYNTHETIC,1,Semiconductor Fabrication,Vietnam,VNM,0.59,21.81,12216.49,0.0,7893.4,air_freight,501.6,6.315,copper,8949.41,3.17,0.602,5689.006,0.0,28369.6273,1906.6399,35232.2455
1933,SYNTHETIC,3,Pharmaceutical Manufacturing,United States,USA,0.386,29.33,3187.06,0.0,3069.4,road_diesel,5401.0,2.455,plastic_pet,3040.29,3.1,0.1033,888.0994,0.0,9424.8912,1369.9787,11939.4125
1511,SYNTHETIC,3,Semiconductor Fabrication,United States,USA,0.386,7.01,4553.66,0.0,3005.4,sea_bulk,2374.0,2.404,chemicals_general,4985.04,2.2,0.012,1640.8874,0.0,10967.0829,68.4959,12474.8763
979,SYNTHETIC,2,Mining & Raw Materials,Vietnam,VNM,0.59,23.47,5353.57,509.97,7913.4,rail_freight,344.7,6.331,chemicals_general,8226.09,2.2,0.028,2442.3815,1371.8203,18097.395,61.1097,22440.4611
176,SYNTHETIC,1,Mining & Raw Materials,China,CHN,0.581,50.96,3982.13,199.4,4515.9,road_diesel,2279.7,3.613,steel,5174.73,1.85,0.1033,1175.2125,536.3779,9573.2448,850.746,12204.6986
483,SYNTHETIC,1,Textiles & Apparel,Saudi Arabia,SAU,0.74,39.47,1634.15,0.0,9970.8,sea_container,9480.8,7.977,cotton_fabric,7274.64,8.0,0.016,744.91,0.0,58197.1273,1210.0003,59546.788
1413,SYNTHETIC,3,Plastics Manufacturing,Turkey,TUR,0.445,17.07,1834.07,983.54,7946.0,rail_freight,887.0,6.357,plastic_pp,9289.54,1.65,0.028,683.0987,2645.7166,15327.7433,157.8758,20154.6615
1611,SYNTHETIC,3,Plastics Manufacturing,Saudi Arabia,SAU,0.74,3.58,1767.97,,9004.7,rail_freight,1358.5,7.204,plastic_pet,4603.14,3.1,0.028,1262.7419,0.0,14269.7393,274.0243,16233.8084
124,SYNTHETIC,1,Pharmaceutical Manufacturing,Brazil,BRA,0.08,34.53,3708.54,0.0,6235.1,sea_container,8885.4,4.988,plastic_pet,6109.61,3.1,0.016,219.8537,0.0,18939.8,709.138,19468.4613
600,SYNTHETIC,1,Logistics & Freight,Australia,AUS,0.66,32.98,463.58,0.0,7048.4,sea_container,684.0,5.639,plastic_pp,5735.22,1.65,0.016,208.1122,0.0,9463.1098,61.7123,9575.6772
1795,SYNTHETIC,3,Steel & Metals,Brazil,BRA,0.08,7.74,4049.88,4521.45,5075.7,sea_bulk,3705.3,4.061,steel,6653.77,1.85,0.012,305.1784,12162.7086,12309.4707,180.5477,24789.8273
1746,SYNTHETIC,3,Construction Materials,India,IND,0.7082,2.84,2143.0,127.0,4998.4,sea_container,862.6,3.999,glass,7771.15,0.85,0.016,1475.8274,341.6386,6605.4749,55.1854,7932.8216
1379,SYNTHETIC,2,Pharmaceutical Manufacturing,Saudi Arabia,SAU,0.74,43.92,2941.04,0.0,6137.2,sea_bulk,6922.0,4.91,chemicals_general,7318.7,2.2,0.012,1246.3904,0.0,16101.1462,407.8219,18648.3235
1186,SYNTHETIC,2,Pharmaceutical Manufacturing,Australia,AUS,0.66,49.38,3599.17,0.0,2637.8,sea_bulk,565.6,2.11,glass,5020.38,0.85,0.012,1238.0203,0.0,4267.3254,14.3232,5612.5121
486,SYNTHETIC,1,Mining & Raw Materials,France,FRA,0.056,3.38,2722.39,241.8,5063.0,road_electric,8525.7,4.05,copper,193.48,3.17,0.021,149.141,650.4493,613.3308,725.1893,2176.0457
332,SYNTHETIC,1,Renewable Energy Components,South Africa,ZAF,0.89,11.4,821.66,,5353.1,road_electric,1782.6,4.283,steel,8068.7,1.85,0.021,649.7519,0.0,14927.0961,160.3169,15838.8569
789,SYNTHETIC,2,Electronics Assembly,Germany,DEU,0.385,29.58,637.03,0.0,5450.7,road_electric,1413.4,4.361,copper,3322.2,3.17,0.021,176.4881,0.0,10531.3644,129.4281,11424.3061
195,SYNTHETIC,1,Steel & Metals,Saudi Arabia,SAU,0.74,4.25,4990.45,995.87,2501.7,sea_bulk,,2.001,aluminium,2436.41,8.24,0.012,3540.3193,2678.9032,20076.0521,25.6752,25996.6424
638,SYNTHETIC,2,Construction Materials,Brazil,BRA,0.08,15.06,3067.34,811.57,5483.4,rail_freight,2033.8,4.387,steel,3784.93,1.85,0.028,217.6774,2183.1345,7002.1171,249.813,9409.6264
472,SYNTHETIC,1,Chemical Processing,Turkey,TUR,0.445,29.32,4749.12,131.66,7394.5,air_freight,1359.0,5.916,glass,13855.33,0.85,0.602,1521.4955,354.1579,11777.0277,4839.4736,19046.9314
1714,SYNTHETIC,3,Mining & Raw Materials,Mexico,MEX,0.42,45.85,6731.39,339.51,1370.3,road_electric,2826.4,1.096,concrete,1718.15,0.13,0.021,1592.6655,913.2704,223.3592,65.067,2836.2974
323,SYNTHETIC,1,Food Processing,United Kingdom,GBR,0.207,12.64,489.5,,4761.3,sea_container,914.9,3.809,glass,5560.1,0.85,0.016,89.7552,0.0,4726.0868,55.7574,4749.85
1197,SYNTHETIC,2,Semiconductor Fabrication,Germany,DEU,0.385,9.66,9231.86,,6310.0,rail_freight,473.2,5.048,chemicals_general,6317.49,2.2,0.028,3228.901,0.0,13898.4822,66.8868,16702.6046
267,SYNTHETIC,1,Plastics Manufacturing,South Africa,ZAF,0.89,27.82,2529.87,865.44,4371.2,sea_bulk,204.3,3.497,plastic_pp,2237.85,1.65,0.012,1639.3317,2328.0276,3692.454,8.5714,8082.9755
1544,SYNTHETIC,3,Mining & Raw Materials,Australia,AUS,0.66,26.86,7658.2,0.0,8024.7,sea_container,667.0,6.42,chemicals_general,12436.72,2.2,0.016,3737.9756,0.0,27360.7892,68.5103,30227.0619
1804,SYNTHETIC,3,Food Processing,Vietnam,VNM,0.59,15.15,988.0,0.0,8724.1,inland_waterway,6101.2,6.979,cardboard,9063.43,0.89,0.031,497.6119,0.0,8066.4525,1320.0445,9677.548
68,SYNTHETIC,1,Pharmaceutical Manufacturing,South Korea,KOR,0.435,54.05,3688.49,0.0,7057.8,air_freight,310.8,5.646,glass,10645.55,0.85,0.602,777.1971,0.0,9048.716,1056.3692,10936.2131
1738,SYNTHETIC,3,Mining & Raw Materials,Turkey,TUR,0.445,12.55,4308.96,0.0,5879.6,sea_bulk,1201.3,4.704,steel,4373.1,1.85,0.012,1687.7322,0.0,8090.2313,67.8071,9843.5057
1593,SYNTHETIC,3,Renewable Energy Components,Vietnam,VNM,0.59,25.67,2232.33,0.0,9573.9,air_freight,823.9,7.659,lithium_battery,8720.57,75.0,0.602,990.4009,0.0,654043.06,3798.7057,689534.1678
1564,SYNTHETIC,3,Agricultural Commodities,Germany,DEU,0.385,43.54,364.66,182.34,4959.3,road_diesel,981.0,3.967,cotton_fabric,7199.13,8.0,0.1033,82.4393,490.504,57593.0117,402.049,59973.0466
481,SYNTHETIC,1,Food Processing,India,IND,0.7082,4.93,1259.74,0.0,3015.5,rail_freight,1785.7,2.412,glass,3371.09,0.85,0.028,849.3769,0.0,2865.4275,120.622,3700.4397
1757,SYNTHETIC,3,Textiles & Apparel,France,FRA,0.056,29.27,1378.92,0.0,6987.6,rail_freight,603.0,5.59,cotton_fabric,9098.75,8.0,0.028,62.6884,0.0,72789.9635,94.3787,74793.6746
1913,SYNTHETIC,3,Electronics Assembly,Brazil,BRA,0.08,41.15,886.11,0.0,1684.1,sea_bulk,3109.6,1.347,aluminium,1566.07,8.24,0.012,49.0086,0.0,12904.4082,50.2723,12660.4041
1441,SYNTHETIC,3,Textiles & Apparel,South Africa,ZAF,0.89,,946.58,0.0,1416.1,sea_container,2979.9,1.133,cotton_fabric,1988.62,8.0,0.016,655.8948,0.0,15908.9988,54.0137,16546.1941
1461,SYNTHETIC,3,Plastics Manufacturing,France,FRA,0.056,39.83,1686.06,0.0,2187.5,sea_bulk,1034.0,1.75,chemicals_general,2708.6,2.2,0.012,70.2438,0.0,5958.9147,21.7143,5895.4687
888,SYNTHETIC,2,Electronics Assembly,Australia,AUS,0.66,15.27,921.46,0.0,2435.1,air_freight,1614.2,1.948,chemicals_general,4351.84,2.2,0.602,518.1204,0.0,9574.0558,1893.09,11974.3849
423,SYNTHETIC,1,Plastics Manufacturing,South Korea,KOR,0.435,,1893.65,798.38,5181.8,sea_bulk,7120.8,4.145,plastic_pp,4318.89,1.65,0.012,617.1539,2147.6488,7126.1734,354.2266,9987.97
1675,SYNTHETIC,3,Mining & Raw Materials,Vietnam,VNM,0.59,18.98,4779.56,116.23,6248.5,road_electric,945.1,4.999,steel,12224.18,1.85,0.021,2302.9652,312.6644,22614.7397,99.2133,26219.1668
1450,SYNTHETIC,3,Mining & Raw Materials,Australia,AUS,0.66,24.04,7292.12,,1667.0,inland_waterway,5979.2,1.334,chemicals_general,2048.41,2.2,0.031,3690.9,1030.699,4506.4935,247.1833,9931.4224
765,SYNTHETIC,2,Mining & Raw Materials,Saudi Arabia,SAU,0.74,39.04,5879.47,0.0,1874.2,sea_bulk,925.2,1.499,copper,1702.12,3.17,0.012,2698.0532,0.0,5395.707,16.6469,7678.0837
520,SYNTHETIC,1,Food Processing,United States,USA,0.386,66.28,890.63,0.0,7672.9,inland_waterway,3343.1,6.138,cardboard,9613.13,0.89,0.031,127.7181,0.0,8555.6876,636.1497,9287.4821
1432,SYNTHETIC,3,Renewable Energy Components,United Kingdom,GBR,0.207,24.72,2503.13,0.0,6902.9,air_freight,2143.6,5.522,aluminium,4049.26,8.24,0.602,402.4516,0.0,33365.8662,7126.2291,40166.3086
614,SYNTHETIC,2,Semiconductor Fabrication,Turkey,TUR,0.445,25.68,11010.64,0.0,6606.6,rail_freight,,5.285,aluminium,3068.71,8.24,0.028,3698.0252,0.0,25286.2077,140.768,28413.1409
1531,SYNTHETIC,3,Semiconductor Fabrication,Saudi Arabia,SAU,0.74,26.18,3903.88,0.0,5821.8,rail_freight,6750.7,4.657,copper,4526.29,3.17,0.028,2152.938,0.0,14348.332,880.3361,17573.4146
1783,SYNTHETIC,3,Steel & Metals,Brazil,BRA,0.08,15.53,5386.81,623.09,4460.7,sea_bulk,951.3,3.569,aluminium,6399.9,8.24,0.012,380.7363,1676.1058,52735.162,40.7382,56711.4018
1659,SYNTHETIC,3,Logistics & Freight,South Korea,KOR,0.435,41.77,439.28,712.19,1840.3,inland_waterway,142.4,1.472,cardboard,2236.72,0.89,0.031,114.945,1915.7987,1990.6769,6.5005,3974.4176
454,SYNTHETIC,1,Plastics Manufacturing,United States,USA,0.386,15.37,2445.32,145.46,10038.2,sea_bulk,8751.3,8.031,plastic_pet,17900.2,3.1,0.012,806.3135,391.294,55490.6136,843.3374,54949.1984
731,SYNTHETIC,2,Plastics Manufacturing,China,CHN,0.581,73.14,1736.74,1292.25,3712.1,air_freight,1707.1,2.97,plastic_pet,2573.36,3.1,0.602,296.4459,3476.1528,7977.4228,3051.9181,14996.7337
535,SYNTHETIC,1,Mining & Raw Materials,South Africa,ZAF,0.89,40.9,6364.47,,7393.9,road_electric,3160.7,5.915,copper,5752.13,3.17,0.021,3399.6121,606.0885,18234.2377,392.618,23102.9304
966,SYNTHETIC,2,Semiconductor Fabrication,Saudi Arabia,SAU,0.74,21.83,5721.13,,4408.7,sea_bulk,2461.9,3.527,chemicals_general,5622.05,2.2,0.012,3334.6072,0.0,12368.506,104.1932,15403.6603
1285,SYNTHETIC,2,Pharmaceutical Manufacturing,Mexico,MEX,0.42,41.59,3394.81,0.0,4759.0,sea_container,4405.4,3.807,chemicals_general,4180.71,2.2,0.016,861.0534,0.0,9197.5697,268.355,10724.5733
1740,SYNTHETIC,3,Pharmaceutical Manufacturing,China,CHN,0.581,23.14,4468.62,0.0,5401.8,air_freight,2585.8,4.321,chemicals_general,6363.09,2.2,0.602,2016.1841,0.0,13998.8019,6726.8031,23145.7536
262,SYNTHETIC,1,Pharmaceutical Manufacturing,Turkey,TUR,0.445,38.76,4123.42,0.0,5260.9,road_electric,7318.2,4.209,plastic_pet,5701.59,3.1,0.021,1155.6802,0.0,17674.9425,646.7999,19366.9153
536,SYNTHETIC,1,Automotive Manufacturing,South Korea,KOR,0.435,58.02,3082.62,0.0,3028.3,air_freight,2885.8,2.423,rubber,2786.67,3.85,0.602,598.7285,0.0,10728.6641,4208.7287,15221.8211
969,SYNTHETIC,2,Plastics Manufacturing,India,IND,0.7082,27.39,1458.83,533.06,6624.0,sea_container,452.0,5.299,chemicals_general,6204.37,2.2,0.016,758.1119,1433.9384,13649.6168,38.3248,15596.7703
241,SYNTHETIC,1,Electronics Assembly,Turkey,TUR,0.445,,1113.76,0.0,3543.1,road_electric,3042.3,2.834,plastic_pet,2369.49,3.1,0.021,329.5191,0.0,7345.4224,181.0893,8083.5565
820,SYNTHETIC,2,Renewable Energy Components,Mexico,MEX,0.42,29.38,1882.44,0.0,100.0,sea_container,371.9,0.08,aluminium,100.0,8.24,0.016,569.4347,0.0,824.0,0.4761,1442.4861
693,SYNTHETIC,2,Steel & Metals,South Africa,ZAF,0.89,15.49,8051.26,583.23,5186.3,rail_freight,8359.0,4.149,copper,9414.81,3.17,0.028,6080.4515,1568.9015,29844.9478,971.087,39019.888
421,SYNTHETIC,1,Textiles & Apparel,Turkey,TUR,0.445,12.68,849.76,0.0,5847.2,sea_container,3185.8,4.678,plastic_pet,3871.69,3.1,0.016,332.3423,0.0,12002.2281,238.4431,12652.8272
1086,SYNTHETIC,2,Pharmaceutical Manufacturing,South Korea,KOR,0.435,40.14,4536.17,0.0,1269.7,road_electric,3240.6,1.016,plastic_pet,1441.38,3.1,0.021,1217.6777,0.0,4468.2871,69.1275,5961.443
1999,SYNTHETIC,3,Chemical Processing,Germany,DEU,0.385,50.75,4834.06,,4370.6,rail_freight,50.0,3.496,glass,7189.29,0.85,0.028,965.5886,378.3794,6110.8982,4.895,7561.5971
366,SYNTHETIC,1,Packaging Materials,Vietnam,VNM,0.59,61.73,1846.17,0.0,6513.1,road_diesel,854.3,5.21,plastic_pet,10558.43,3.1,0.1033,439.6076,0.0,32731.1287,459.7925,33856.272
1023,SYNTHETIC,2,Packaging Materials,Germany,DEU,0.385,45.36,745.92,0.0,3634.0,sea_bulk,465.5,2.907,cardboard,2100.52,0.89,0.012,163.6877,0.0,1869.4587,16.2389,2107.9778
1241,SYNTHETIC,2,Semiconductor Fabrication,France,FRA,0.056,40.16,6642.48,0.0,6731.9,sea_bulk,668.2,5.386,copper,5822.2,3.17,0.012,275.9518,0.0,18456.3841,43.1841,18955.7978
589,SYNTHETIC,1,Construction Materials,South Korea,KOR,0.435,21.44,2433.29,647.06,7584.7,inland_waterway,5479.2,6.068,concrete,11522.86,0.13,0.031,841.9963,1740.599,1497.972,1030.6455,4930.7862
737,SYNTHETIC,2,Steel & Metals,Mexico,MEX,0.42,,8829.29,283.57,4840.9,rail_freight,,3.873,steel,3130.46,1.85,0.028,3388.5486,762.8066,5791.3427,72.9775,10286.6181
1762,SYNTHETIC,3,Agricultural Commodities,India,IND,0.7082,,620.16,72.36,2674.2,road_diesel,,2.139,wood_timber,4979.04,0.46,0.1033,345.5578,194.6589,2290.3606,734.4932,3729.708
942,SYNTHETIC,2,Construction Materials,Turkey,TUR,0.445,9.48,1136.57,486.97,5016.0,road_diesel,3563.2,4.013,wood_timber,8635.6,0.46,0.1033,459.9998,1309.9377,3972.3758,1477.0248,6992.5462
72,SYNTHETIC,1,Packaging Materials,Japan,JPN,0.47,9.36,1661.75,,7088.9,sea_container,416.2,5.671,plastic_pet,8349.08,3.1,0.016,711.0374,0.0,25882.1549,37.7628,26775.1864
1408,SYNTHETIC,3,Mining & Raw Materials,China,CHN,0.581,13.33,3134.29,1821.06,889.8,road_electric,7000.3,0.712,steel,714.65,1.85,0.021,1586.6837,4898.6463,1322.1086,104.6448,7713.602
260,SYNTHETIC,1,Renewable Energy Components,Mexico,MEX,0.42,16.61,2343.89,0.0,7518.8,inland_waterway,1110.2,6.015,aluminium,4271.83,8.24,0.031,828.7187,0.0,35199.8446,207.009,34918.9471
52,SYNTHETIC,1,Automotive Manufacturing,Germany,DEU,0.385,,2677.84,0.0,4963.2,sea_bulk,9784.1,3.971,aluminium,5397.22,8.24,0.012,662.2469,0.0,44473.064,466.1822,43324.1183
199,SYNTHETIC,1,Construction Materials,Mexico,MEX,0.42,35.11,1922.92,0.0,4668.4,sea_container,1977.7,3.735,concrete,7669.42,0.13,0.016,537.5467,0.0,997.0251,118.1799,1646.7829
1789,SYNTHETIC,3,Food Processing,Mexico,MEX,0.42,3.42,1346.79,0.0,6358.8,rail_freight,3442.6,5.087,plastic_pet,7688.08,3.1,0.028,547.2378,0.0,23833.0546,490.3494,25710.5333
651,SYNTHETIC,2,Logistics & Freight,United Kingdom,GBR,0.207,10.02,319.67,569.23,3755.8,inland_waterway,398.8,3.005,plastic_pp,3369.07,1.65,0.031,60.1806,1531.2386,5558.9711,37.1478,7441.8172
333,SYNTHETIC,1,Food Processing,Saudi Arabia,SAU,0.74,,1112.54,0.0,7999.1,inland_waterway,127.2,6.399,glass,4629.45,0.85,0.031,686.7387,0.0,3935.0357,25.2373,4604.9799
1360,SYNTHETIC,2,Chemical Processing,Turkey,TUR,0.445,30.33,5008.37,,3205.9,road_diesel,5841.4,2.565,glass,3124.73,0.85,0.1033,1583.1541,2934.2461,2656.0219,1547.5998,8854.3661
594,SYNTHETIC,1,Plastics Manufacturing,France,FRA,0.056,42.62,2519.41,287.24,4429.9,inland_waterway,3455.7,3.544,plastic_pet,7140.06,3.1,0.031,102.4287,772.6808,22134.1727,379.6561,23152.5497
1392,SYNTHETIC,2,Construction Materials,Turkey,TUR,0.445,24.28,3292.3,57.63,6266.3,air_freight,1776.1,5.013,steel,10848.18,1.85,0.602,1125.36,155.0335,20069.1317,5360.124,26870.58
1801,SYNTHETIC,3,Textiles & Apparel,South Korea,KOR,0.435,13.44,519.0,0.0,6116.8,sea_bulk,992.5,4.893,plastic_pet,8688.42,3.1,0.012,196.8222,0.0,26934.1053,58.2783,26247.4124
1315,SYNTHETIC,2,Logistics & Freight,Mexico,MEX,0.42,,483.04,0.0,4470.1,road_electric,3772.8,3.576,cardboard,6115.69,0.89,0.021,105.9948,0.0,5442.9629,283.3278,5875.1004
1112,SYNTHETIC,2,Plastics Manufacturing,Australia,AUS,0.66,9.33,1766.92,120.96,6136.8,inland_waterway,,4.909,plastic_pet,4122.75,3.1,0.031,1060.6147,325.3806,12780.5382,593.9283,14931.3006
1007,SYNTHETIC,2,Mining & Raw Materials,India,IND,0.7082,17.54,4151.58,610.78,2115.7,inland_waterway,159.2,1.693,copper,3510.06,3.17,0.031,2439.1381,1643.0012,11126.8879,8.3512,15184.7759
1327,SYNTHETIC,2,Pharmaceutical Manufacturing,South Korea,KOR,0.435,12.58,3701.32,0.0,3128.0,sea_bulk,1836.7,2.502,glass,5143.88,0.85,0.012,1416.8937,0.0,4372.2946,55.1542,5928.0782
427,SYNTHETIC,1,Automotive Manufacturing,United Kingdom,GBR,0.207,16.17,2212.64,0.0,4993.1,road_diesel,140.7,3.994,plastic_pp,5535.7,1.65,0.1033,391.1258,0.0,9133.906,58.0651,9761.2876
1559,SYNTHETIC,3,Pharmaceutical Manufacturing,Saudi Arabia,SAU,0.74,44.45,4003.34,0.0,3711.4,inland_waterway,2262.4,2.969,plastic_pet,2035.2,3.1,0.031,1681.2338,0.0,6309.121,208.2427,8206.6737
1294,SYNTHETIC,2,Electronics Assembly,Mexico,MEX,0.42,16.34,854.75,0.0,6014.6,sea_container,3669.8,4.812,aluminium,7167.51,8.24,0.016,303.1238,0.0,59060.3181,282.5313,60326.8683
591,SYNTHETIC,1,Food Processing,South Korea,KOR,0.435,5.89,1761.67,0.0,2796.4,inland_waterway,2150.6,2.237,cardboard,2246.05,0.89,0.031,723.2447,0.0,1998.9846,149.1463,2823.6795
1958,SYNTHETIC,3,Construction Materials,Germany,DEU,0.385,,2353.69,2093.55,3723.1,inland_waterway,3027.2,2.978,glass,4529.18,0.85,0.031,812.4602,5631.6417,3849.7991,279.5063,11126.8157
1977,SYNTHETIC,3,Textiles & Apparel,United States,USA,0.386,57.06,798.31,0.0,7166.8,road_electric,1172.9,5.733,cotton_fabric,8829.95,8.0,0.021,141.4216,0.0,70639.5953,141.2223,73850.5391
1133,SYNTHETIC,2,Packaging Materials,Saudi Arabia,SAU,0.74,11.59,2329.04,,6591.4,inland_waterway,5328.4,5.273,plastic_pet,10709.2,3.1,0.031,1529.0725,0.0,33198.5067,871.0161,37108.7188
986,SYNTHETIC,2,Mining & Raw Materials,Brazil,BRA,0.08,36.63,8352.09,314.23,6734.3,sea_container,1363.1,5.387,concrete,9552.08,0.13,0.016,484.608,845.267,1241.7703,117.4947,2651.5697
399,SYNTHETIC,1,Mining & Raw Materials,Japan,JPN,0.47,20.42,3495.67,538.12,264.1,inland_waterway,1342.3,0.211,copper,503.95,3.17,0.031,1321.6725,1447.5361,1597.533,8.7919,4390.0239
1512,SYNTHETIC,3,Automotive Manufacturing,China,CHN,0.581,38.85,2069.23,0.0,8132.2,road_diesel,116.6,6.506,plastic_pp,8997.79,1.65,0.1033,751.2346,0.0,14846.354,78.3667,15719.7012
437,SYNTHETIC,1,Packaging Materials,Japan,JPN,0.47,30.14,1564.84,0.0,4664.6,sea_container,380.5,3.732,plastic_pet,6637.38,3.1,0.016,523.242,0.0,20575.8661,22.7212,21036.8275
193,SYNTHETIC,1,Food Processing,United Kingdom,GBR,0.207,10.12,2235.83,0.0,7968.5,road_diesel,206.8,6.375,glass,11409.67,0.85,0.1033,420.4868,0.0,9698.2219,136.2083,10355.1474
1436,SYNTHETIC,3,Textiles & Apparel,United Kingdom,GBR,0.207,28.55,1161.46,0.0,6475.8,sea_container,153.5,5.181,plastic_pet,15350.68,3.1,0.016,178.4202,0.0,47587.1177,12.7217,46048.8087
615,SYNTHETIC,2,Agricultural Commodities,Turkey,TUR,0.445,,747.94,526.57,6079.1,sea_bulk,8436.7,4.863,cardboard,8379.89,0.89,0.012,294.8146,1416.4785,7458.1051,492.3566,9667.2857
1494,SYNTHETIC,3,Electronics Assembly,Mexico,MEX,0.42,28.37,1188.52,0.0,2993.2,sea_container,497.0,2.395,aluminium,3051.41,8.24,0.016,364.3122,0.0,25143.6439,19.0398,25644.5694
577,SYNTHETIC,1,Pharmaceutical Manufacturing,China,CHN,0.581,,2146.18,0.0,6247.7,sea_container,3467.3,4.998,glass,7071.48,0.85,0.016,456.2916,0.0,6010.7555,277.2873,6579.8758
987,SYNTHETIC,2,Food Processing,Saudi Arabia,SAU,0.74,39.57,926.22,0.0,6617.3,inland_waterway,5869.6,5.294,cardboard,4426.16,0.89,0.031,421.502,0.0,3939.28,963.2519,5277.949
1433,SYNTHETIC,3,Steel & Metals,Germany,DEU,0.385,28.55,3009.6,11.79,3913.2,sea_container,1147.7,3.131,copper,4063.59,3.17,0.016,845.0212,31.7131,12881.5684,57.4862,14170.4688
707,SYNTHETIC,2,Steel & Metals,India,IND,0.7082,62.99,5208.8,1673.6,1642.2,rail_freight,2326.6,1.314,copper,1867.48,3.17,0.028,1430.9384,4501.9927,5919.907,85.5841,11504.9999
1259,SYNTHETIC,2,Construction Materials,Brazil,BRA,0.08,54.46,2197.46,1997.26,3157.7,road_electric,203.3,2.526,wood_timber,2853.52,0.46,0.021,103.9919,5372.6245,1312.621,10.7863,7025.5427
142,SYNTHETIC,1,Packaging Materials,Japan,JPN,0.47,63.09,904.87,0.0,10556.7,road_diesel,4965.7,8.445,glass,14882.31,0.85,0.1033,168.4025,0.0,12649.9645,4332.1521,16772.3963
1358,SYNTHETIC,2,Construction Materials,Brazil,BRA,0.08,18.4,3041.93,335.74,4303.4,road_electric,640.4,3.443,concrete,3394.35,0.13,0.021,209.7667,903.1432,441.2654,46.2978,1569.0791
3,SYNTHETIC,1,Mining & Raw Materials,Australia,AUS,0.66,25.09,2935.45,0.0,5168.8,air_freight,2338.3,4.135,copper,5077.06,3.17,0.602,1465.9934,0.0,16094.2738,5820.8205,23458.8924
1222,SYNTHETIC,2,Packaging Materials,Turkey,TUR,0.445,43.6,969.22,0.0,6711.8,road_electric,,5.369,plastic_pet,11753.61,3.1,0.021,251.7032,0.0,36436.1994,552.9522,39641.4447
1870,SYNTHETIC,3,Mining & Raw Materials,France,FRA,0.056,17.41,6431.96,0.0,4022.4,rail_freight,2919.0,3.218,concrete,3744.05,0.13,0.028,319.8863,0.0,486.7262,263.0097,1069.8233
1623,SYNTHETIC,3,Steel & Metals,India,IND,0.7082,24.51,6974.03,0.0,7304.8,air_freight,1287.2,5.844,copper,11906.45,3.17,0.602,3762.6987,0.0,37743.4453,4528.2491,48526.3418
340,SYNTHETIC,1,Pharmaceutical Manufacturing,South Africa,ZAF,0.89,28.34,2606.07,0.0,6588.6,sea_bulk,5398.1,5.271,chemicals_general,3406.62,2.2,0.012,1676.8488,0.0,7494.5605,341.4332,9069.4727
1770,SYNTHETIC,3,Steel & Metals,South Korea,KOR,0.435,22.3,3396.91,447.24,7051.4,sea_bulk,2976.0,5.641,copper,9668.84,3.17,0.012,1163.3165,1203.0857,30650.2333,201.4537,32846.9459
1537,SYNTHETIC,3,Construction Materials,Mexico,MEX,0.42,17.58,1445.25,123.8,7490.3,road_electric,1170.9,5.992,concrete,10191.43,0.13,0.021,505.3926,333.0345,1324.8855,147.3419,2334.8922
484,SYNTHETIC,1,Pharmaceutical Manufacturing,France,FRA,0.056,17.72,3835.76,,9672.0,sea_bulk,2362.6,7.738,plastic_pet,12676.5,3.1,0.012,190.3284,0.0,39297.1407,219.3746,39717.0357
266,SYNTHETIC,1,Renewable Energy Components,Vietnam,VNM,0.59,7.36,1064.52,0.0,7051.4,inland_waterway,983.7,5.641,steel,6550.56,1.85,0.031,583.4219,0.0,12118.5316,172.0239,13207.5151
377,SYNTHETIC,1,Textiles & Apparel,Australia,AUS,0.66,36.9,771.47,0.0,1527.7,air_freight,254.1,1.222,cotton_fabric,1660.41,8.0,0.602,326.9697,0.0,13283.2458,186.9543,13540.9262
742,SYNTHETIC,2,Agricultural Commodities,Vietnam,VNM,0.59,7.79,638.26,0.0,2868.3,road_electric,3934.0,2.295,cotton_fabric,5531.06,8.0,0.021,348.2455,0.0,44248.4677,189.5691,45365.7717
1014,SYNTHETIC,2,Construction Materials,South Korea,KOR,0.435,20.07,5634.68,1671.29,2881.3,road_electric,,2.305,glass,4731.81,0.85,0.021,1981.8073,4495.7756,4022.0403,75.1282,10279.2332
440,SYNTHETIC,1,Logistics & Freight,United Kingdom,GBR,0.207,40.89,293.53,285.22,3464.2,sea_container,2977.5,2.771,cardboard,5796.73,0.89,0.016,38.317,767.2497,5159.0941,132.0262,6402.8446
272,SYNTHETIC,1,Automotive Manufacturing,South Korea,KOR,0.435,25.78,2734.23,632.49,6137.0,air_freight,8530.8,4.91,rubber,8776.4,3.85,0.602,896.8902,1701.3849,33789.1246,25213.385,61613.8376
185,SYNTHETIC,1,Renewable Energy Components,Mexico,MEX,0.42,26.51,2151.69,0.0,2931.0,rail_freight,453.1,2.345,steel,2260.24,1.85,0.028,675.5079,0.0,4181.4497,29.7502,4458.4342
940,SYNTHETIC,2,Chemical Processing,India,IND,0.7082,29.62,4787.85,0.0,3733.4,sea_bulk,518.8,2.987,plastic_pp,6698.46,1.65,0.012,2414.7066,0.0,11052.4518,18.5951,12657.4166
245,SYNTHETIC,1,Textiles & Apparel,China,CHN,0.581,28.09,1414.4,0.0,7813.6,inland_waterway,555.4,6.251,plastic_pet,6996.57,3.1,0.031,598.8674,0.0,21689.3817,107.6252,22175.0834
932,SYNTHETIC,2,Logistics & Freight,United Kingdom,GBR,0.207,10.92,289.88,427.64,3424.9,sea_container,5148.4,2.74,cardboard,4039.73,0.89,0.016,54.085,1150.3543,3595.3632,225.6988,4787.0882
446,SYNTHETIC,1,Renewable Energy Components,India,IND,0.7082,39.82,2740.12,0.0,3647.2,sea_bulk,1128.5,2.918,aluminium,6055.98,8.24,0.012,1189.5974,0.0,49901.2535,39.511,50794.3866
597,SYNTHETIC,1,Mining & Raw Materials,France,FRA,0.056,11.4,6102.71,417.19,3564.0,road_electric,4264.3,2.851,steel,8461.98,1.85,0.021,316.714,1122.2529,15654.6594,255.3308,16790.3234
818,SYNTHETIC,2,Construction Materials,China,CHN,0.581,60.91,2175.24,179.69,3211.9,rail_freight,1754.9,2.57,wood_timber,3175.91,0.46,0.028,520.4959,483.3625,1460.9201,126.2559,2696.2099
1273,SYNTHETIC,2,Logistics & Freight,Brazil,BRA,0.08,8.68,198.06,52.33,2169.3,inland_waterway,2596.2,1.735,cardboard,1591.88,0.89,0.031,14.8134,140.7683,1416.7774,139.6732,1787.5668
1677,SYNTHETIC,3,Food Processing,South Africa,ZAF,0.89,13.63,829.58,0.0,3626.1,sea_bulk,1978.6,2.901,cardboard,2564.59,0.89,0.012,639.9188,0.0,2282.4876,68.8752,3016.1769
487,SYNTHETIC,1,Construction Materials,Turkey,TUR,0.445,40.36,3731.9,1012.72,5584.6,inland_waterway,1530.8,4.468,concrete,5010.24,0.13,0.031,1020.5731,2724.2135,651.3309,212.0085,4575.2641
681,SYNTHETIC,2,Mining & Raw Materials,South Korea,KOR,0.435,12.66,5545.69,146.01,5341.5,sea_bulk,3043.0,4.273,concrete,7911.96,0.13,0.012,2120.9809,392.7771,1028.5547,156.0377,3639.8034
416,SYNTHETIC,1,Packaging Materials,France,FRA,0.056,42.78,1506.73,0.0,6053.9,sea_bulk,7825.6,4.843,glass,6443.44,0.85,0.012,61.1731,0.0,5476.9223,454.7985,6059.426
274,SYNTHETIC,1,Textiles & Apparel,France,FRA,0.056,12.4,1155.07,0.0,7024.6,rail_freight,2120.1,5.62,cotton_fabric,4591.43,8.0,0.028,59.5278,0.0,36731.4573,333.6016,37202.2664
1472,SYNTHETIC,3,Renewable Energy Components,United Kingdom,GBR,0.207,45.88,3063.76,0.0,7485.0,road_electric,733.8,5.988,aluminium,5567.51,8.24,0.021,371.3543,0.0,45876.2865,92.2714,45433.5701
1830,SYNTHETIC,3,Renewable Energy Components,South Africa,ZAF,0.89,10.59,2131.03,0.0,6186.5,inland_waterway,5165.6,4.949,aluminium,5684.58,8.24,0.031,1700.194,0.0,46840.9304,792.5419,49194.1844
1455,SYNTHETIC,3,Agricultural Commodities,South Korea,KOR,0.435,16.3,363.69,1551.18,841.9,road_diesel,6007.9,0.674,cotton_fabric,1084.43,8.0,0.1033,133.6068,4172.6876,8675.4279,418.0055,12699.9803
251,SYNTHETIC,1,Agricultural Commodities,China,CHN,0.581,31.88,524.96,779.16,3375.0,road_diesel,3800.4,2.7,wood_timber,3621.04,0.46,0.1033,211.1127,2095.9533,1665.6784,1059.9525,4864.8879
414,SYNTHETIC,1,Electronics Assembly,Mexico,MEX,0.42,29.78,743.17,0.0,2535.5,rail_freight,,2.028,aluminium,4254.31,8.24,0.028,223.619,0.0,35055.5351,121.5141,36350.8015
1386,SYNTHETIC,2,Construction Materials,Saudi Arabia,SAU,0.74,,1759.49,1102.32,2751.6,rail_freight,2034.4,2.201,wood_timber,2081.56,0.46,0.028,980.3711,2965.238,957.5154,125.3924,4975.3263
1308,SYNTHETIC,2,Logistics & Freight,India,IND,0.7082,35.14,148.07,1400.61,1325.9,sea_container,1504.3,1.061,plastic_pp,950.27,1.65,0.016,69.0527,3767.6496,1567.9441,25.5315,5490.6495
716,SYNTHETIC,2,Steel & Metals,France,FRA,0.056,3.3,6533.4,143.23,6897.4,sea_container,2451.7,5.518,copper,5508.4,3.17,0.016,358.1055,385.2753,17461.6308,216.4512,18238.343
311,SYNTHETIC,1,Steel & Metals,Australia,AUS,0.66,22.74,8429.59,668.1,4389.8,road_electric,937.7,3.512,steel,4218.48,1.85,0.021,4336.512,1797.1937,7804.1809,69.1574,13502.2427
927,SYNTHETIC,2,Pharmaceutical Manufacturing,Japan,JPN,0.47,31.54,2771.49,0.0,417.7,inland_waterway,232.0,0.334,chemicals_general,560.92,2.2,0.031,909.2097,0.0,1234.0159,2.4037,2142.3851
382,SYNTHETIC,1,Food Processing,United States,USA,0.386,18.56,1565.51,0.0,4951.3,rail_freight,5705.4,3.961,plastic_pet,2880.23,3.1,0.028,497.9549,0.0,8928.7058,632.7813,10163.5799
1566,SYNTHETIC,3,Logistics & Freight,Australia,AUS,0.66,9.74,484.31,1687.07,4674.3,rail_freight,3827.4,3.739,cardboard,6338.65,0.89,0.028,289.4542,4538.2287,5641.3999,400.7458,10958.5069
426,SYNTHETIC,1,Food Processing,United States,USA,0.386,15.3,1627.91,0.0,6242.2,inland_waterway,741.5,4.994,glass,4495.13,0.85,0.031,537.2404,0.0,3820.8585,114.7828,4162.0866
1875,SYNTHETIC,3,Renewable Energy Components,Australia,AUS,0.66,5.69,1761.03,0.0,3185.4,rail_freight,1901.6,2.548,copper,4624.12,3.17,0.028,1098.1956,0.0,14658.4595,135.6854,15541.9744
533,SYNTHETIC,1,Pharmaceutical Manufacturing,India,IND,0.7082,23.37,2640.03,0.0,6558.5,air_freight,1178.3,5.247,glass,8196.96,0.85,0.602,1445.0593,0.0,6967.4146,3721.7451,12223.8
753,SYNTHETIC,2,Food Processing,United States,USA,0.386,19.76,482.77,0.0,5634.3,rail_freight,664.5,4.507,glass,6112.35,0.85,0.028,151.4385,0.0,5195.4951,83.8614,5470.7177
766,SYNTHETIC,2,Logistics & Freight,Australia,AUS,0.66,41.6,469.96,164.17,4405.5,air_freight,2912.1,3.524,plastic_pp,7598.72,1.65,0.602,185.0681,441.6178,12537.8959,6178.5979,19886.3956
1357,SYNTHETIC,2,Logistics & Freight,Vietnam,VNM,0.59,34.81,310.54,335.45,5200.9,air_freight,199.9,4.161,cardboard,6303.53,0.89,0.602,121.5992,902.3562,5610.1387,500.7193,7480.731
409,SYNTHETIC,1,Automotive Manufacturing,South Korea,KOR,0.435,21.13,2987.19,0.0,4256.3,sea_bulk,2122.3,3.405,plastic_pp,5653.7,1.65,0.012,1037.5381,0.0,9328.5997,86.718,10513.7077
1615,SYNTHETIC,3,Mining & Raw Materials,United States,USA,0.386,35.0,6538.46,45.22,1919.1,road_diesel,7073.7,1.535,steel,2035.46,1.85,0.1033,1686.3833,121.6435,3765.5999,1121.8542,7085.1892
695,SYNTHETIC,2,Automotive Manufacturing,South Korea,KOR,0.435,17.59,3242.17,0.0,2913.9,sea_container,811.8,2.331,steel,2247.15,1.85,0.016,1173.6245,0.0,4157.2344,30.2772,5570.5968
1739,SYNTHETIC,3,Construction Materials,United Kingdom,GBR,0.207,32.2,2088.46,269.94,4812.7,sea_bulk,230.5,3.85,glass,5940.13,0.85,0.012,306.5605,726.1448,5049.1095,10.6514,6141.5251
549,SYNTHETIC,1,Agricultural Commodities,Japan,JPN,0.47,34.37,452.19,988.36,2972.6,air_freight,53.4,2.378,cotton_fabric,4342.71,8.0,0.602,142.6014,2658.6887,34741.6781,76.5064,39230.3089
937,SYNTHETIC,2,Food Processing,United Kingdom,GBR,0.207,42.53,1578.63,0.0,6705.8,road_diesel,5597.7,5.365,cardboard,9667.29,0.89,0.1033,201.2407,0.0,8603.8859,3102.0835,11760.7409
1390,SYNTHETIC,2,Construction Materials,Turkey,TUR,0.445,23.3,1431.35,3583.29,433.5,inland_waterway,1737.2,0.347,wood_timber,586.75,0.46,0.031,495.216,9639.056,269.9038,18.6744,10390.1585
1608,SYNTHETIC,3,Packaging Materials,Japan,JPN,0.47,13.76,1368.65,0.0,4139.1,sea_container,11614.4,3.311,plastic_pet,5348.6,3.1,0.016,558.5044,0.0,16580.6697,615.3356,17652.8433
1940,SYNTHETIC,3,Mining & Raw Materials,United Kingdom,GBR,0.207,21.4,9731.53,449.68,3412.8,road_diesel,6648.8,2.73,concrete,2941.56,0.13,0.1033,1624.9856,1209.6517,382.4025,1875.2192,5115.3067
1482,SYNTHETIC,3,Chemical Processing,South Africa,ZAF,0.89,23.48,4460.67,148.38,2803.8,sea_bulk,3268.2,2.243,plastic_pp,2507.32,1.65,0.012,3058.6548,399.1314,4137.0814,87.9667,7516.6378
183,SYNTHETIC,1,Packaging Materials,Mexico,MEX,0.42,35.36,1717.71,0.0,3490.0,inland_waterway,551.9,2.792,plastic_pet,2436.99,3.1,0.031,478.4914,0.0,7554.6707,47.7694,7757.7369
1941,SYNTHETIC,3,Construction Materials,Turkey,TUR,0.445,9.15,2764.39,836.4,5026.8,rail_freight,2312.3,4.021,wood_timber,3502.25,0.46,0.028,1122.6936,2249.9121,1611.0351,260.3587,5296.3407
1161,SYNTHETIC,2,Semiconductor Fabrication,United Kingdom,GBR,0.207,19.42,12030.23,0.0,6256.4,inland_waterway,1017.1,5.005,aluminium,3770.86,8.24,0.031,2053.4791,0.0,31071.9044,157.8094,33114.662
171,SYNTHETIC,1,Textiles & Apparel,Vietnam,VNM,0.59,11.26,795.61,0.0,5986.7,rail_freight,3828.8,4.789,cotton_fabric,4525.39,8.0,0.028,418.3337,0.0,36203.154,513.446,36985.6322
293,SYNTHETIC,1,Packaging Materials,Germany,DEU,0.385,2.64,1469.93,0.0,4216.2,road_diesel,3449.3,3.373,cardboard,5337.1,0.89,0.1033,551.7639,0.0,4750.0163,1201.8384,6904.8678
562,SYNTHETIC,1,Plastics Manufacturing,United Kingdom,GBR,0.207,,869.48,1938.37,8330.2,road_electric,,6.664,chemicals_general,5758.1,2.2,0.021,159.8436,5214.2248,12667.8146,166.5185,18323.8773
1457,SYNTHETIC,3,Textiles & Apparel,Australia,AUS,0.66,20.8,731.18,0.0,6615.2,inland_waterway,9262.4,5.292,cotton_fabric,9842.86,8.0,0.031,385.2389,0.0,78742.8426,1519.5577,80275.5098
1877,SYNTHETIC,3,Pharmaceutical Manufacturing,Turkey,TUR,0.445,18.69,2947.03,0.0,5384.6,rail_freight,7026.3,4.308,glass,6055.74,0.85,0.028,1077.3355,0.0,5147.3792,847.4847,7160.3891
1652,SYNTHETIC,3,Renewable Energy Components,Mexico,MEX,0.42,,1676.52,0.0,3458.7,rail_freight,742.5,2.767,lithium_battery,5197.18,75.0,0.028,514.4729,0.0,389788.2096,57.5277,400071.8896
850,SYNTHETIC,2,Textiles & Apparel,France,FRA,0.056,0.65,690.5,0.0,7573.0,inland_waterway,1307.1,6.058,plastic_pet,7520.41,3.1,0.031,38.5066,0.0,23313.2561,245.4919,23740.5253
273,SYNTHETIC,1,Logistics & Freight,Japan,JPN,0.47,,77.0,112.99,5672.6,air_freight,5011.7,4.538,cardboard,9296.54,0.89,0.602,29.7548,303.9384,8273.9189,13691.4452,21978.7286
1550,SYNTHETIC,3,Agricultural Commodities,United Kingdom,GBR,0.207,7.26,478.54,778.41,4441.0,sea_bulk,209.3,3.553,wood_timber,6088.95,0.46,0.012,92.5573,2093.9359,2800.9185,8.9246,4858.35
1035,SYNTHETIC,2,Pharmaceutical Manufacturing,India,IND,0.7082,,3408.04,0.0,4541.1,road_electric,2787.5,3.633,plastic_pet,2756.97,3.1,0.021,2233.6126,0.0,8546.5928,212.6618,11372.6704
1744,SYNTHETIC,3,Renewable Energy Components,South Africa,ZAF,0.89,9.14,2345.21,0.0,5335.0,sea_container,1343.6,4.268,steel,136.15,1.85,0.016,1900.7302,0.0,251.8704,91.75,2308.0225
372,SYNTHETIC,1,Electronics Assembly,Germany,DEU,0.385,28.9,1190.23,0.0,9055.5,road_electric,235.4,7.244,plastic_pet,8066.32,3.1,0.021,332.6669,0.0,25005.5974,35.8177,25374.4628
1670,SYNTHETIC,3,Textiles & Apparel,United Kingdom,GBR,0.207,20.03,921.51,0.0,3670.6,road_diesel,5818.6,2.936,plastic_pet,4745.0,3.1,0.1033,156.2452,0.0,14709.5076,1764.9756,16298.8918
722,SYNTHETIC,2,Packaging Materials,India,IND,0.7082,30.0,1791.38,0.0,131.6,rail_freight,2956.4,0.105,glass,115.29,0.85,0.028,898.8098,0.0,97.9983,8.718,1031.3774
734,SYNTHETIC,2,Agricultural Commodities,India,IND,0.7082,18.66,666.29,102.51,490.6,air_freight,1170.8,0.392,cardboard,778.33,0.89,0.602,386.3232,275.7601,692.7169,276.6341,1697.8659
778,SYNTHETIC,2,Electronics Assembly,Vietnam,VNM,0.59,15.63,660.43,,947.5,air_freight,1526.7,0.758,aluminium,1340.72,8.24,0.602,330.8319,0.0,11047.4959,696.6539,12275.3062
519,SYNTHETIC,1,Renewable Energy Components,Vietnam,VNM,0.59,44.33,1717.45,0.0,6856.1,sea_bulk,6025.3,5.485,steel,8821.62,1.85,0.012,579.3319,0.0,16319.9994,396.5805,17138.5103
335,SYNTHETIC,1,Steel & Metals,India,IND,0.7082,36.03,6227.74,391.93,6857.1,sea_bulk,3731.9,5.486,copper,8497.56,3.17,0.012,2866.0499,1054.3005,26937.2776,245.6626,32312.4669
846,SYNTHETIC,2,Logistics & Freight,France,FRA,0.056,43.69,479.75,142.01,3010.0,road_electric,4816.3,2.408,cardboard,4161.78,0.89,0.021,19.32,382.014,3703.9883,243.5531,4376.4773
1252,SYNTHETIC,2,Textiles & Apparel,United Kingdom,GBR,0.207,8.12,1155.84,0.0,8025.4,inland_waterway,1540.8,6.42,cotton_fabric,5098.36,8.0,0.031,221.7115,0.0,40786.8752,306.6603,40456.3563
1053,SYNTHETIC,2,Construction Materials,Brazil,BRA,0.08,33.2,2409.79,0.0,6930.6,road_diesel,1097.6,5.544,glass,10042.76,0.85,0.1033,144.7833,0.0,8536.3418,628.6306,9491.9183
1924,SYNTHETIC,3,Textiles & Apparel,South Africa,ZAF,0.89,28.13,1480.79,0.0,5618.0,sea_container,1880.4,4.494,plastic_pet,5714.74,3.1,0.016,955.4772,0.0,17715.7091,135.2217,18952.95
16,SYNTHETIC,1,Pharmaceutical Manufacturing,Germany,DEU,0.385,13.73,4198.87,0.0,9266.5,inland_waterway,642.1,7.413,chemicals_general,11153.71,2.2,0.031,1406.1566,0.0,24538.1605,147.5516,25805.7407
708,SYNTHETIC,2,Packaging Materials,Turkey,TUR,0.445,7.66,1359.35,0.0,3182.3,rail_freight,2383.3,2.546,plastic_pet,5493.37,3.1,0.028,560.6448,0.0,17029.4463,169.8875,17682.8075
901,SYNTHETIC,2,Packaging Materials,Vietnam,VNM,0.59,15.48,1304.5,0.0,1699.8,road_diesel,7520.1,1.36,plastic_pet,2913.87,3.1,0.1033,654.5516,0.0,9032.9819,1056.365,10725.5067
1980,SYNTHETIC,3,Packaging Materials,China,CHN,0.581,8.42,2057.39,0.0,8437.0,inland_waterway,388.0,6.75,glass,8398.11,0.85,0.031,1098.1539,0.0,7138.3963,81.1751,8241.1757
1573,SYNTHETIC,3,Agricultural Commodities,South Africa,ZAF,0.89,9.24,472.04,393.03,100.0,air_freight,393.8,0.08,cotton_fabric,113.6,8.0,0.602,382.1833,1057.2493,908.8157,18.9655,2408.5942
904,SYNTHETIC,2,Renewable Energy Components,Turkey,TUR,0.445,8.22,2512.03,0.0,8137.8,sea_container,3264.4,6.51,lithium_battery,11217.13,75.0,0.016,1030.1284,0.0,841285.0492,340.0312,850233.3478
466,SYNTHETIC,1,Packaging Materials,South Africa,ZAF,0.89,19.02,1277.75,0.0,4029.1,sea_container,1385.7,3.223,plastic_pet,5856.2,3.1,0.016,925.7331,0.0,18154.2228,71.4626,18750.2732
1978,SYNTHETIC,3,Agricultural Commodities,France,FRA,0.056,36.43,474.49,0.0,8865.3,sea_container,254.6,7.092,cardboard,13941.81,0.89,0.016,20.3485,0.0,12408.2093,28.8865,13453.2729
200,SYNTHETIC,1,Food Processing,Japan,JPN,0.47,30.78,1368.67,,4445.3,air_freight,6041.3,3.556,glass,4560.53,0.85,0.602,453.687,0.0,3876.4519,12933.801,17652.6825
1207,SYNTHETIC,2,Automotive Manufacturing,United States,USA,0.386,61.39,3018.16,1532.39,4743.4,rail_freight,2093.5,3.795,steel,4210.57,1.85,0.028,486.8303,4122.1289,7789.563,222.4373,13458.2605
1056,SYNTHETIC,2,Steel & Metals,Brazil,BRA,0.08,20.44,3375.07,262.35,7942.5,air_freight,6578.0,6.354,aluminium,14196.43,8.24,0.602,228.6118,705.7287,116978.6208,25161.6666,144713.0817
1132,SYNTHETIC,2,Packaging Materials,South Korea,KOR,0.435,37.03,1061.51,0.0,5559.6,sea_bulk,4935.5,4.448,plastic_pet,9111.57,3.1,0.012,298.607,0.0,28245.8527,263.4208,30001.2238
1380,SYNTHETIC,2,Chemical Processing,India,IND,0.7082,39.95,3534.3,0.0,675.2,road_electric,,0.54,glass,1231.17,0.85,0.021,1531.1688,0.0,1046.4941,9.029,2558.8807
999,SYNTHETIC,2,Steel & Metals,Brazil,BRA,0.08,39.9,5097.56,285.6,5599.8,inland_waterway,1893.5,4.48,aluminium,6426.82,8.24,0.031,285.7843,768.2628,52957.0048,262.9568,51718.6967
728,SYNTHETIC,2,Food Processing,South Korea,KOR,0.435,29.38,1960.45,0.0,667.8,air_freight,2894.9,0.534,glass,1221.73,0.85,0.602,613.7592,0.0,1038.4696,931.0648,2538.6715
1772,SYNTHETIC,3,Automotive Manufacturing,Japan,JPN,0.47,28.05,3015.01,235.71,3338.6,rail_freight,2294.2,2.671,plastic_pp,5426.47,1.65,0.028,1036.5529,634.0705,8953.6737,171.5718,10681.97
1910,SYNTHETIC,3,Renewable Energy Components,Germany,DEU,0.385,28.86,2099.06,0.0,6639.9,sea_bulk,3888.8,5.312,aluminium,6861.13,8.24,0.012,587.0207,0.0,56535.6974,247.8851,56699.7766
1822,SYNTHETIC,3,Food Processing,India,IND,0.7082,20.75,924.51,0.0,7768.2,sea_container,2389.5,6.215,glass,3363.42,0.85,0.016,522.7311,0.0,2858.9089,237.5899,3650.9382
568,SYNTHETIC,1,Automotive Manufacturing,Japan,JPN,0.47,11.94,1964.69,1704.59,7001.9,inland_waterway,,5.602,rubber,6565.87,3.85,0.031,817.8459,4585.3537,25278.5948,559.743,31020.618
44,SYNTHETIC,1,Semiconductor Fabrication,South Africa,ZAF,0.89,54.36,13540.22,0.0,8001.0,road_diesel,2419.8,6.401,chemicals_general,9246.21,2.2,0.1033,5647.7273,0.0,20341.655,1600.0055,28397.4608
275,SYNTHETIC,1,Plastics Manufacturing,Japan,JPN,0.47,25.88,2408.87,0.0,1618.3,sea_bulk,1296.0,1.295,plastic_pp,1379.82,1.65,0.012,851.6628,0.0,2276.7054,20.1345,3097.8935
1097,SYNTHETIC,2,Agricultural Commodities,Mexico,MEX,0.42,61.77,487.78,449.06,4060.0,road_diesel,2797.5,3.248,wood_timber,3028.81,0.46,0.1033,84.3458,1207.9783,1393.2508,938.6166,3619.9098
102,SYNTHETIC,1,Mining & Raw Materials,United Kingdom,GBR,0.207,32.35,3969.0,420.01,5836.1,road_diesel,1165.8,4.669,copper,7247.87,3.17,0.1033,581.5083,1129.8312,22975.7492,562.2544,25919.032
1232,SYNTHETIC,2,Pharmaceutical Manufacturing,Australia,AUS,0.66,29.91,3673.24,0.0,9985.3,road_diesel,50.0,7.988,chemicals_general,5702.69,2.2,0.1033,1721.2635,0.0,12545.9133,41.2593,14176.4576
1722,SYNTHETIC,3,Chemical Processing,South Africa,ZAF,0.89,84.04,2393.8,158.81,6830.5,air_freight,2033.2,5.464,plastic_pp,7424.86,1.65,0.602,380.337,427.1974,12251.0248,6688.5294,19614.9545
1833,SYNTHETIC,3,Chemical Processing,Saudi Arabia,SAU,0.74,24.23,4026.73,462.02,8411.9,road_diesel,2178.8,6.73,chemicals_general,15764.14,2.2,0.1033,2277.2956,1242.8238,34681.1066,1514.6396,37309.1721
108,SYNTHETIC,1,Steel & Metals,Germany,DEU,0.385,27.52,8147.26,55.78,6021.3,road_electric,2181.7,4.817,aluminium,4753.16,8.24,0.021,2318.4566,150.0502,39166.0571,220.6958,43355.8293
1618,SYNTHETIC,3,Food Processing,South Korea,KOR,0.435,15.85,499.21,,2827.9,rail_freight,764.9,2.262,cardboard,5431.7,0.89,0.028,184.3205,0.0,4834.2124,48.4509,5096.1686
498,SYNTHETIC,1,Packaging Materials,Mexico,MEX,0.42,39.29,1561.69,0.0,4730.0,road_electric,,3.784,plastic_pet,7030.45,3.1,0.021,410.4863,0.0,21794.3984,22.3073,22660.2425
1981,SYNTHETIC,3,Chemical Processing,China,CHN,0.581,23.32,2868.04,267.36,1082.4,inland_waterway,6328.3,0.866,plastic_pp,1473.41,1.65,0.031,1291.0701,719.2003,2431.1334,169.8717,4869.5852
882,SYNTHETIC,2,Agricultural Commodities,Vietnam,VNM,0.59,17.59,424.48,222.41,3183.1,road_electric,397.2,2.546,cardboard,4778.91,0.89,0.021,207.8899,598.2896,4253.2265,21.2397,5101.0377
757,SYNTHETIC,2,Agricultural Commodities,India,IND,0.7082,4.53,599.66,700.37,6918.7,inland_waterway,587.1,5.535,cardboard,2130.07,0.89,0.031,405.9684,1884.0065,1895.7644,100.7287,4528.3281
620,SYNTHETIC,2,Plastics Manufacturing,South Korea,KOR,0.435,49.08,1773.38,,6709.3,road_diesel,404.5,5.367,plastic_pet,6520.57,3.1,0.1033,410.2312,5776.6259,20213.7711,224.2942,25683.1124
1107,SYNTHETIC,2,Pharmaceutical Manufacturing,United Kingdom,GBR,0.207,54.03,3409.21,0.0,3983.7,rail_freight,317.5,3.187,glass,6829.22,0.85,0.028,361.2808,0.0,5804.8338,28.3279,5899.1216
1936,SYNTHETIC,3,Chemical Processing,Turkey,TUR,0.445,12.63,5810.75,31.87,5329.4,air_freight,3238.4,4.264,glass,9231.49,0.85,0.602,2273.8698,85.7342,7846.768,8311.8596,18435.5203
810,SYNTHETIC,2,Construction Materials,Australia,AUS,0.66,22.55,3337.78,677.67,8840.2,road_electric,207.5,7.072,glass,5115.68,0.85,0.021,1721.2704,1822.9379,4348.3271,30.8153,8081.6471
1038,SYNTHETIC,2,Semiconductor Fabrication,South Korea,KOR,0.435,54.32,4839.48,0.0,3300.2,rail_freight,1979.8,2.64,chemicals_general,4268.16,2.2,0.028,1014.2389,0.0,9389.9628,146.3549,11010.9634
73,SYNTHETIC,1,Semiconductor Fabrication,Vietnam,VNM,0.59,61.8,9542.15,0.0,6814.4,inland_waterway,413.8,5.452,chemicals_general,9382.41,2.2,0.031,2268.4773,0.0,20641.2948,69.9272,24277.1499
1284,SYNTHETIC,2,Chemical Processing,France,FRA,0.056,20.84,3957.73,4331.75,7844.6,sea_container,255.8,6.276,plastic_pp,14224.13,1.65,0.016,191.9391,11652.4042,23469.8067,25.6838,35270.4398
1272,SYNTHETIC,2,Construction Materials,France,FRA,0.056,25.52,2173.42,,7506.3,sea_container,4245.4,6.005,wood_timber,4274.64,0.46,0.016,101.7409,757.4624,1966.3337,407.903,3271.7329
1335,SYNTHETIC,2,Packaging Materials,United Kingdom,GBR,0.207,17.41,1431.17,0.0,9879.8,sea_container,1503.7,7.904,glass,16530.53,0.85,0.016,249.6483,0.0,14050.9472,190.1653,14711.155
1459,SYNTHETIC,3,Mining & Raw Materials,India,IND,0.7082,14.48,5856.5,37.44,5781.5,rail_freight,7267.4,4.625,copper,2233.14,3.17,0.028,3563.926,100.7245,7079.0573,941.1642,11342.5898
482,SYNTHETIC,1,Electronics Assembly,China,CHN,0.581,23.02,428.13,0.0,6994.6,road_electric,50.0,5.596,chemicals_general,8520.81,2.2,0.021,193.4551,0.0,18745.7806,5.8755,19262.4435
1069,SYNTHETIC,2,Logistics & Freight,Vietnam,VNM,0.59,31.08,524.16,84.35,5163.8,sea_container,244.9,4.131,plastic_pp,9081.52,1.65,0.016,216.4063,226.8905,14984.5122,16.1894,15650.161
507,SYNTHETIC,1,Plastics Manufacturing,United States,USA,0.386,,909.42,64.07,5272.0,air_freight,2777.5,4.218,plastic_pet,1622.79,3.1,0.602,308.2817,172.3594,5030.6549,7051.9673,12354.8049
1238,SYNTHETIC,2,Food Processing,Mexico,MEX,0.42,50.85,1312.78,0.0,5702.2,sea_bulk,3866.8,4.562,cardboard,3581.61,0.89,0.012,284.3554,0.0,3187.6359,211.6752,3621.6648
1862,SYNTHETIC,3,Semiconductor Fabrication,United Kingdom,GBR,0.207,1.55,11311.38,0.0,569.9,sea_bulk,1972.2,0.456,copper,566.58,3.17,0.012,2308.6001,0.0,1796.0581,10.7904,4164.778
1990,SYNTHETIC,3,Steel & Metals,United Kingdom,GBR,0.207,33.84,9835.7,403.02,3177.9,rail_freight,337.0,2.542,aluminium,3649.45,8.24,0.028,1413.667,1084.1209,30071.4475,23.9898,35621.164
1477,SYNTHETIC,3,Agricultural Commodities,United States,USA,0.386,27.48,684.79,0.0,6802.5,road_diesel,2362.6,5.442,wood_timber,7922.02,0.46,0.1033,195.4549,0.0,3644.1309,1328.1317,5033.6313
1867,SYNTHETIC,3,Logistics & Freight,Australia,AUS,0.66,3.03,256.23,413.09,4185.5,sea_container,,3.348,plastic_pp,4059.81,1.65,0.016,164.1496,1111.2011,6698.6848,85.2346,8093.5329
1456,SYNTHETIC,3,Semiconductor Fabrication,Japan,JPN,0.47,31.61,11900.21,0.0,7805.4,sea_bulk,2049.1,6.244,copper,13618.11,3.17,0.012,3900.3208,0.0,43169.4101,153.5395,49797.3342
312,SYNTHETIC,1,Agricultural Commodities,Brazil,BRA,0.08,30.76,814.28,783.84,8322.3,air_freight,4995.7,6.658,cardboard,16711.41,0.89,0.602,50.1156,2108.5308,14873.1538,20023.0554,38871.227
963,SYNTHETIC,2,Pharmaceutical Manufacturing,Turkey,TUR,0.445,72.43,2686.23,0.0,7042.6,inland_waterway,500.7,5.634,chemicals_general,6649.88,2.2,0.031,368.4943,0.0,14629.7356,87.4555,14806.5251
406,SYNTHETIC,1,Plastics Manufacturing,Mexico,MEX,0.42,43.56,1782.09,0.0,2221.0,sea_container,2286.4,1.777,plastic_pp,2193.1,1.65,0.016,437.9356,0.0,3618.6225,64.9997,3927.6971
1331,SYNTHETIC,2,Pharmaceutical Manufacturing,India,IND,0.7082,,3448.1,0.0,7867.4,road_electric,1470.2,6.294,chemicals_general,10095.21,2.2,0.021,407.304,0.0,22209.4517,194.3189,23485.7909
1650,SYNTHETIC,3,Pharmaceutical Manufacturing,Japan,JPN,0.47,,4089.3,0.0,7469.6,road_electric,519.2,5.976,glass,12933.56,0.85,0.021,1692.9093,0.0,10993.5282,65.152,12805.712
310,SYNTHETIC,1,Plastics Manufacturing,United States,USA,0.386,47.89,1565.43,687.74,6829.7,rail_freight,,5.464,chemicals_general,9956.65,2.2,0.028,329.8575,1850.0309,21904.6369,26.6287,24951.2339
227,SYNTHETIC,1,Semiconductor Fabrication,China,CHN,0.581,21.89,11815.13,0.0,2068.5,sea_bulk,2221.3,1.655,copper,2439.7,3.17,0.012,5413.8594,0.0,7733.854,44.1096,12618.7479
1858,SYNTHETIC,3,Packaging Materials,Saudi Arabia,SAU,0.74,9.87,1333.66,0.0,4422.4,sea_container,50.0,3.538,cardboard,4670.61,0.89,0.016,892.1745,0.0,4156.8395,2.8303,5191.8963
711,SYNTHETIC,2,Chemical Processing,South Africa,ZAF,0.89,64.97,2266.22,1750.1,10399.3,sea_bulk,951.7,8.319,glass,10496.89,0.85,0.012,735.9157,4707.7787,8922.3549,95.0114,13895.0884
1944,SYNTHETIC,3,Logistics & Freight,Japan,JPN,0.47,20.7,423.06,592.74,5430.4,sea_container,278.4,4.344,plastic_pp,8514.89,1.65,0.016,159.4259,1594.4723,14049.5718,19.3533,16254.4058
1384,SYNTHETIC,2,Textiles & Apparel,United Kingdom,GBR,0.207,22.47,883.47,0.0,6204.9,road_electric,5702.8,4.964,cotton_fabric,3355.9,8.0,0.021,145.7569,0.0,26847.2098,594.477,27823.3451
1786,SYNTHETIC,3,Agricultural Commodities,United States,USA,0.386,33.01,425.06,0.0,5121.7,road_diesel,689.5,4.097,wood_timber,2916.46,0.46,0.1033,112.7159,0.0,1341.5733,291.8264,1748.7596
149,SYNTHETIC,1,Logistics & Freight,United Kingdom,GBR,0.207,55.02,377.13,1218.71,5333.9,rail_freight,1116.3,4.267,plastic_pp,4116.47,1.65,0.028,39.2641,3278.3333,6792.1687,133.3677,9969.7201
1555,SYNTHETIC,3,Chemical Processing,Japan,JPN,0.47,25.0,5030.76,307.6,3440.3,road_electric,1380.1,2.752,glass,1666.42,0.85,0.021,1798.4381,827.4503,1416.4606,79.7688,4265.9733
1957,SYNTHETIC,3,Mining & Raw Materials,France,FRA,0.056,,9254.81,619.47,4427.8,sea_container,3069.4,3.542,steel,7682.1,1.85,0.016,447.3859,1666.3795,14211.8881,173.9595,17383.3351
926,SYNTHETIC,2,Logistics & Freight,South Korea,KOR,0.435,38.03,400.61,70.19,7701.8,road_diesel,2764.7,6.161,cardboard,12795.78,0.89,0.1033,111.0382,188.8182,11388.2454,1759.6655,13916.7878
943,SYNTHETIC,2,Electronics Assembly,Australia,AUS,0.66,52.54,797.93,0.0,5532.1,inland_waterway,725.2,4.426,plastic_pet,6253.72,3.1,0.031,258.3161,0.0,19386.535,99.4903,20537.23
837,SYNTHETIC,2,Food Processing,France,FRA,0.056,14.99,1659.89,0.0,2611.6,sea_bulk,114.5,2.089,cardboard,3649.16,0.89,0.012,83.9977,0.0,3247.7548,2.8697,3229.5629
576,SYNTHETIC,1,Semiconductor Fabrication,Brazil,BRA,0.08,25.02,11253.74,0.0,5581.2,air_freight,708.1,4.465,chemicals_general,5649.87,2.2,0.602,731.3436,0.0,12429.7246,1903.2709,15077.8368
558,SYNTHETIC,1,Pharmaceutical Manufacturing,United States,USA,0.386,29.32,2860.86,0.0,6112.8,inland_waterway,6930.7,4.89,glass,10284.4,0.85,0.031,797.2466,0.0,8741.7384,1050.6725,10783.1862
1236,SYNTHETIC,2,Pharmaceutical Manufacturing,Japan,JPN,0.47,34.64,2987.88,0.0,8635.8,inland_waterway,2495.6,6.909,glass,12117.76,0.85,0.031,938.5561,0.0,10300.098,534.4773,11429.181
1361,SYNTHETIC,2,Renewable Energy Components,South Africa,ZAF,0.89,39.75,2109.48,0.0,3470.8,sea_container,2350.9,2.777,copper,3411.97,3.17,0.016,1147.8748,0.0,10815.9526,104.4428,11846.9906
1348,SYNTHETIC,2,Automotive Manufacturing,Saudi Arabia,SAU,0.74,32.17,1319.04,142.2,3099.3,road_diesel,108.2,2.479,steel,3675.39,1.85,0.1033,670.5573,382.5135,6799.4711,27.708,8275.2516
1162,SYNTHETIC,2,Agricultural Commodities,Turkey,TUR,0.445,22.01,830.58,0.0,3348.2,sea_container,2735.6,2.679,wood_timber,4455.33,0.46,0.016,291.9187,0.0,2049.452,117.2379,2367.4587
1443,SYNTHETIC,3,Automotive Manufacturing,Brazil,BRA,0.08,71.29,1122.92,92.87,7201.4,rail_freight,5645.1,5.761,steel,12633.0,1.85,0.028,41.8029,249.8087,23371.0479,910.627,25575.4233
287,SYNTHETIC,1,Renewable Energy Components,Australia,AUS,0.66,45.82,2192.3,0.0,5094.8,road_electric,1932.3,4.076,copper,7675.83,3.17,0.021,804.0091,0.0,24332.3695,165.3898,24705.1633
1605,SYNTHETIC,3,Agricultural Commodities,India,IND,0.7082,23.57,402.07,1691.22,4489.4,road_electric,443.3,3.592,cardboard,3741.2,0.89,0.021,219.5377,4549.3819,3329.6658,33.4323,8104.8516
1058,SYNTHETIC,2,Packaging Materials,Brazil,BRA,0.08,32.17,1517.67,0.0,7646.2,sea_bulk,1314.2,6.117,cardboard,10254.98,0.89,0.012,92.1213,0.0,9126.929,96.4658,9116.4559
599,SYNTHETIC,1,Construction Materials,Turkey,TUR,0.445,39.67,2521.31,0.0,8953.7,road_diesel,,7.163,glass,10648.58,0.85,0.1033,696.9165,0.0,9051.2952,4164.6867,14520.7508
933,SYNTHETIC,2,Construction Materials,Germany,DEU,0.385,22.01,2310.13,0.0,6168.1,road_diesel,1078.8,4.935,steel,6157.22,1.85,0.1033,703.7823,0.0,11390.8545,549.8843,12067.9716
1462,SYNTHETIC,3,Steel & Metals,France,FRA,0.056,,5051.68,1236.41,5556.8,inland_waterway,6425.4,4.445,copper,10468.86,3.17,0.031,233.7329,3325.9357,33186.2984,885.4711,36235.4372
1638,SYNTHETIC,3,Mining & Raw Materials,South Africa,ZAF,0.89,12.63,6951.4,1223.16,3260.4,road_diesel,2865.7,2.608,concrete,4694.06,0.13,0.1033,5423.1562,3290.2892,610.2281,772.1386,10192.0419
1588,SYNTHETIC,3,Textiles & Apparel,United Kingdom,GBR,0.207,58.22,975.81,0.0,6517.0,road_electric,11444.6,5.214,cotton_fabric,9247.66,8.0,0.021,95.7501,0.0,73981.3036,1253.0169,75627.5205
1041,SYNTHETIC,2,Automotive Manufacturing,United States,USA,0.386,41.44,1762.58,1130.04,5298.0,air_freight,8886.0,4.238,rubber,10274.07,3.85,0.602,413.0408,3039.8004,39555.1629,22672.7642,66744.8318
1231,SYNTHETIC,2,Mining & Raw Materials,Turkey,TUR,0.445,27.41,9045.46,0.0,5333.1,inland_waterway,2038.1,4.266,steel,11053.53,1.85,0.031,2971.4781,0.0,20449.0318,269.5666,23429.8939
807,SYNTHETIC,2,Agricultural Commodities,China,CHN,0.581,23.36,920.44,825.25,7615.6,air_freight,1551.4,6.093,cotton_fabric,4351.82,8.0,0.602,414.1647,2219.9327,34814.5771,5690.1405,41932.1733
905,SYNTHETIC,2,Automotive Manufacturing,Germany,DEU,0.385,19.16,1925.67,155.88,4313.4,inland_waterway,2788.6,3.451,rubber,5694.97,3.85,0.031,606.7094,419.3208,21925.6266,298.3066,23785.3566
1680,SYNTHETIC,3,Textiles & Apparel,Brazil,BRA,0.08,40.88,886.19,0.0,4957.8,air_freight,,3.966,plastic_pet,5378.82,3.1,0.602,49.1597,0.0,16674.355,22158.9769,39366.751
1205,SYNTHETIC,2,Construction Materials,Australia,AUS,0.66,,2965.71,450.7,1515.5,road_diesel,755.6,1.212,steel,2387.41,1.85,0.1033,859.051,1212.3872,4416.7012,94.6275,6583.5536
768,SYNTHETIC,2,Plastics Manufacturing,South Africa,ZAF,0.89,20.05,2514.38,1922.41,7681.4,inland_waterway,3870.3,6.145,plastic_pp,9342.26,1.65,0.031,1799.2226,5171.2949,15414.7318,737.2744,22884.7936
610,SYNTHETIC,2,Renewable Energy Components,Vietnam,VNM,0.59,,1916.72,0.0,6087.7,inland_waterway,5101.0,4.87,lithium_battery,5491.69,75.0,0.031,603.3156,0.0,411877.0114,770.1275,409154.6127
1993,SYNTHETIC,3,Electronics Assembly,United Kingdom,GBR,0.207,32.23,655.54,0.0,4690.8,road_electric,654.6,3.753,chemicals_general,4543.24,2.2,0.021,96.1888,0.0,9995.1378,51.5867,9879.194
1565,SYNTHETIC,3,Logistics & Freight,South Africa,ZAF,0.89,14.7,541.98,199.79,4943.0,road_electric,1737.9,3.954,cardboard,7554.77,0.89,0.021,413.0397,537.4445,6723.7492,144.3172,8102.216
1423,SYNTHETIC,3,Construction Materials,Brazil,BRA,0.08,22.5,4089.95,910.74,2883.7,rail_freight,167.7,2.307,concrete,3826.55,0.13,0.028,271.9732,2449.8839,497.4517,10.8316,3245.1844
1011,SYNTHETIC,2,Semiconductor Fabrication,South Africa,ZAF,0.89,26.82,7233.33,0.0,1087.6,sea_bulk,62.8,0.87,aluminium,1618.11,8.24,0.012,4749.7151,0.0,13333.2566,0.6557,17534.7272
494,SYNTHETIC,1,Semiconductor Fabrication,Germany,DEU,0.385,20.9,9386.23,0.0,2387.0,inland_waterway,50.0,1.91,aluminium,2543.02,8.24,0.031,2897.7627,0.0,20954.4958,2.9598,22623.4476
1321,SYNTHETIC,2,Automotive Manufacturing,South Africa,ZAF,0.89,11.01,2458.09,320.64,7310.5,inland_waterway,1917.7,5.848,aluminium,10259.59,8.24,0.031,1952.2706,862.5191,84539.0578,347.6763,88012.856
278,SYNTHETIC,1,Semiconductor Fabrication,United States,USA,0.386,9.0,4384.53,0.0,3466.6,sea_bulk,1267.1,2.773,copper,2871.02,3.17,0.012,1547.9447,0.0,9101.1378,42.1694,10425.5159
1847,SYNTHETIC,3,Agricultural Commodities,Turkey,TUR,0.445,74.9,673.23,0.0,4928.4,rail_freight,4272.4,3.943,cardboard,4915.2,0.89,0.028,85.2884,0.0,4374.5256,471.6615,4687.9683
359,SYNTHETIC,1,Steel & Metals,Vietnam,VNM,0.59,37.73,8636.6,23.26,226.6,road_diesel,3870.5,0.181,aluminium,255.4,8.24,0.1033,3238.0641,62.5606,2104.4683,72.4835,5482.6832
1111,SYNTHETIC,2,Electronics Assembly,South Africa,ZAF,0.89,35.33,1097.28,0.0,6936.6,road_diesel,941.8,5.549,plastic_pet,5233.71,3.1,0.1033,639.2936,0.0,16224.4964,539.8552,18105.892
237,SYNTHETIC,1,Automotive Manufacturing,Saudi Arabia,SAU,0.74,8.78,2706.02,1303.54,3770.9,air_freight,2010.2,3.017,aluminium,5368.94,8.24,0.602,1831.3937,3506.5311,44240.1001,3650.6681,51383.32
552,SYNTHETIC,1,Pharmaceutical Manufacturing,United States,USA,0.386,54.59,3995.79,0.0,6469.6,rail_freight,410.0,5.176,plastic_pet,2817.35,3.1,0.028,744.0323,0.0,8733.8005,59.4199,9563.8556
1868,SYNTHETIC,3,Plastics Manufacturing,Vietnam,VNM,0.59,40.13,2214.64,1479.29,9249.5,inland_waterway,2209.6,7.4,plastic_pp,11672.38,1.65,0.031,800.0089,3979.2818,19259.4231,506.8619,24001.2998
1813,SYNTHETIC,3,Chemical Processing,Saudi Arabia,SAU,0.74,20.72,2874.31,168.81,4958.0,rail_freight,1534.9,3.966,chemicals_general,7437.98,2.2,0.028,1698.1639,454.1091,16363.5534,170.4676,17898.4758
209,SYNTHETIC,1,Electronics Assembly,China,CHN,0.581,,666.12,0.0,2764.2,sea_container,50.0,2.211,chemicals_general,3090.41,2.2,0.016,205.0538,0.0,6798.9067,1.7691,7007.1731
1387,SYNTHETIC,2,Logistics & Freight,Saudi Arabia,SAU,0.74,44.37,68.87,311.02,6135.0,road_diesel,2899.3,4.908,cardboard,6716.96,0.89,0.1033,28.9602,836.6418,5978.0939,1469.9033,8488.2372
1561,SYNTHETIC,3,Logistics & Freight,United Kingdom,GBR,0.207,,295.56,1056.5,8430.9,air_freight,2355.7,6.745,cardboard,13035.12,0.89,0.602,47.0296,2841.9864,11601.2602,9564.8405,24710.0405
59,SYNTHETIC,1,Automotive Manufacturing,Saudi Arabia,SAU,0.74,14.24,3149.22,0.0,3898.7,rail_freight,1127.8,3.119,rubber,4073.29,3.85,0.028,2007.4929,0.0,15682.1826,98.4916,17431.4778
632,SYNTHETIC,2,Automotive Manufacturing,South Korea,KOR,0.435,,1686.19,561.37,3046.8,road_diesel,5018.2,2.437,steel,2910.77,1.85,0.1033,662.1977,1510.0813,5384.9201,1263.5218,8773.2873
1962,SYNTHETIC,3,Construction Materials,Mexico,MEX,0.42,42.13,2577.11,881.64,4208.3,sea_bulk,151.5,3.367,glass,6906.8,0.85,0.012,648.0848,2371.5984,5870.7825,6.121,8734.8617
1860,SYNTHETIC,3,Packaging Materials,South Africa,ZAF,0.89,20.85,2283.3,0.0,2434.9,inland_waterway,1182.1,1.948,cardboard,2227.23,0.89,0.031,1617.9013,0.0,1982.236,71.3815,3652.5703
1817,SYNTHETIC,3,Steel & Metals,Vietnam,VNM,0.59,28.77,4075.0,,8689.5,air_freight,7647.6,6.952,steel,10712.55,1.85,0.602,1736.095,3432.5231,19818.2163,32004.3635,56734.1419
364,SYNTHETIC,1,Pharmaceutical Manufacturing,China,CHN,0.581,60.27,3239.53,0.0,6308.5,road_diesel,653.4,5.047,chemicals_general,6781.58,2.2,0.1033,786.7509,0.0,14919.4833,340.6349,16340.5379
506,SYNTHETIC,1,Chemical Processing,South Korea,KOR,0.435,,5849.8,0.0,545.9,rail_freight,3141.0,0.437,chemicals_general,931.35,2.2,0.028,1807.0395,0.0,2048.971,38.4064,3789.1987
1166,SYNTHETIC,2,Packaging Materials,Japan,JPN,0.47,17.48,1812.18,0.0,5681.3,air_freight,3858.1,4.545,plastic_pet,9752.44,3.1,0.602,709.1461,0.0,30232.5648,10556.1022,41880.0118
1122,SYNTHETIC,2,Mining & Raw Materials,France,FRA,0.056,12.11,7762.75,720.35,4610.0,air_freight,10666.7,3.688,copper,7048.77,3.17,0.602,400.8763,1937.7344,22344.608,23681.8645,46462.0952
1630,SYNTHETIC,3,Textiles & Apparel,United Kingdom,GBR,0.207,62.37,1128.0,0.0,8017.2,rail_freight,4363.7,6.414,plastic_pet,10460.45,3.1,0.028,101.9252,0.0,32427.388,783.6561,31144.1342
1217,SYNTHETIC,2,Packaging Materials,India,IND,0.7082,24.43,1321.36,0.0,7804.6,sea_container,,6.244,cardboard,7732.64,0.89,0.016,713.6065,0.0,6882.05,147.2426,7570.5633
1152,SYNTHETIC,2,Packaging Materials,Vietnam,VNM,0.59,19.18,2141.77,0.0,1918.6,sea_bulk,1972.5,1.535,glass,3357.9,0.85,0.012,1029.532,0.0,2854.2153,36.3308,3990.1054
1125,SYNTHETIC,2,Mining & Raw Materials,Germany,DEU,0.385,23.49,4680.38,641.18,7457.6,sea_bulk,2324.7,5.966,steel,7893.57,1.85,0.012,1400.6609,1724.761,14603.1071,166.4334,18445.1112
1595,SYNTHETIC,3,Textiles & Apparel,Germany,DEU,0.385,43.5,658.8,0.0,6842.1,inland_waterway,3981.4,5.474,plastic_pet,8922.81,3.1,0.031,149.0302,0.0,27660.705,675.5805,29237.7437
119,SYNTHETIC,1,Steel & Metals,Vietnam,VNM,0.59,24.0,6229.07,0.0,6587.9,road_electric,4249.7,5.27,steel,10409.31,1.85,0.021,2822.9662,0.0,19257.2271,470.3498,23954.491
1250,SYNTHETIC,2,Logistics & Freight,Australia,AUS,0.66,13.06,338.95,605.97,2044.4,road_diesel,395.7,1.636,plastic_pp,3966.74,1.65,0.1033,195.3852,1630.0559,6545.1272,66.8461,8500.1499
1994,SYNTHETIC,3,Semiconductor Fabrication,India,IND,0.7082,17.38,8147.48,0.0,2736.7,inland_waterway,213.4,2.189,copper,3104.41,3.17,0.031,4795.5287,0.0,9840.9745,14.4843,14422.509
523,SYNTHETIC,1,Semiconductor Fabrication,Germany,DEU,0.385,13.26,9014.85,0.0,1927.0,sea_container,3963.2,1.542,chemicals_general,2974.34,2.2,0.016,3034.5461,0.0,6543.5489,97.757,9502.7283
514,SYNTHETIC,1,Steel & Metals,Germany,DEU,0.385,14.52,3526.96,136.4,3555.2,road_electric,2875.5,2.844,aluminium,5226.87,8.24,0.021,1171.0081,366.925,43069.3792,171.7473,46749.6157
82,SYNTHETIC,1,Automotive Manufacturing,France,FRA,0.056,29.37,1983.42,882.3,2649.0,inland_waterway,573.5,2.119,plastic_pp,4407.17,1.65,0.031,90.1019,2373.3908,7271.8281,37.6746,9946.8868
916,SYNTHETIC,2,Renewable Energy Components,India,IND,0.7082,10.66,2161.03,0.0,1630.5,road_electric,4879.0,1.304,lithium_battery,2933.66,75.0,0.021,1371.8881,0.0,220024.6397,133.6495,227455.1428
1019,SYNTHETIC,2,Electronics Assembly,South Africa,ZAF,0.89,10.4,652.45,0.0,6711.2,sea_bulk,3070.0,5.369,aluminium,2817.6,8.24,0.012,521.6276,0.0,23217.0561,197.792,22704.8147
381,SYNTHETIC,1,Agricultural Commodities,Turkey,TUR,0.445,15.18,639.23,628.82,3394.5,rail_freight,665.6,2.716,cardboard,2845.87,0.89,0.028,243.2033,1691.5131,2532.8219,50.6093,4667.772
1030,SYNTHETIC,2,Electronics Assembly,Germany,DEU,0.385,36.41,459.87,0.0,4643.8,sea_container,6493.9,3.715,aluminium,4207.75,8.24,0.016,115.9332,0.0,34671.8551,385.9993,36593.5596
1689,SYNTHETIC,3,Packaging Materials,Brazil,BRA,0.08,,1666.94,0.0,4539.4,road_diesel,1733.2,3.632,glass,5776.12,0.85,0.1033,112.1498,0.0,4909.6998,650.176,5652.3131
85,SYNTHETIC,1,Food Processing,Brazil,BRA,0.08,29.31,2062.1,0.0,4857.6,sea_container,745.6,3.886,cardboard,7135.4,0.89,0.016,128.7061,0.0,6350.5021,46.362,6559.02
1678,SYNTHETIC,3,Electronics Assembly,United Kingdom,GBR,0.207,10.39,810.87,0.0,6060.9,sea_bulk,6407.5,4.849,chemicals_general,9122.71,2.2,0.012,152.1018,0.0,20069.9594,372.8175,20882.2725
330,SYNTHETIC,1,Mining & Raw Materials,Japan,JPN,0.47,27.34,3369.01,346.13,4645.5,road_electric,6337.5,3.716,copper,5516.88,3.17,0.021,1168.9306,931.0857,17488.5142,494.6093,19535.0609
7,SYNTHETIC,1,Electronics Assembly,Brazil,BRA,0.08,27.0,675.3,0.0,4482.1,inland_waterway,164.2,3.586,plastic_pet,2674.63,3.1,0.031,43.0849,0.0,8291.3644,18.2485,8628.2482
746,SYNTHETIC,2,Electronics Assembly,India,IND,0.7082,,961.41,0.0,4078.5,rail_freight,1455.2,3.263,chemicals_general,6720.78,2.2,0.028,675.3323,0.0,14785.7135,132.947,15726.4107
1554,SYNTHETIC,3,Agricultural Commodities,Vietnam,VNM,0.59,30.84,750.22,0.0,1944.1,sea_container,3812.5,1.555,cotton_fabric,862.97,8.0,0.016,310.7572,0.0,6903.7996,94.8729,7440.6914
915,SYNTHETIC,2,Agricultural Commodities,France,FRA,0.056,33.9,665.4,669.92,1704.0,inland_waterway,2015.4,1.363,cardboard,1475.54,0.89,0.031,29.1422,1802.0725,1313.2305,85.1667,3226.4121
874,SYNTHETIC,2,Construction Materials,Japan,JPN,0.47,49.06,4190.0,139.4,2815.8,road_diesel,7393.8,2.253,concrete,4995.92,0.13,0.1033,1044.211,374.9862,649.4698,1720.547,3581.3674
452,SYNTHETIC,1,Semiconductor Fabrication,Japan,JPN,0.47,,6914.3,0.0,6288.2,sea_bulk,546.9,5.031,copper,13039.53,3.17,0.012,2305.9947,0.0,41335.3072,33.015,44421.8123
491,SYNTHETIC,1,Mining & Raw Materials,China,CHN,0.581,,5249.71,,3924.2,road_diesel,613.4,3.139,steel,6600.7,1.85,0.1033,2637.5554,0.0,12211.294,198.9356,15592.4884
1481,SYNTHETIC,3,Food Processing,United States,USA,0.386,21.0,1658.59,0.0,4265.0,sea_container,705.3,3.412,cardboard,6466.93,0.89,0.016,512.7257,0.0,5755.5667,38.5015,6253.4451
288,SYNTHETIC,1,Food Processing,France,FRA,0.056,5.6,664.56,0.0,6603.0,inland_waterway,3055.9,5.282,glass,9753.69,0.85,0.031,35.8765,0.0,8290.6343,500.4077,8399.1573
949,SYNTHETIC,2,Renewable Energy Components,France,FRA,0.056,61.38,3206.36,0.0,5765.3,inland_waterway,1415.3,4.612,aluminium,8723.41,8.24,0.031,108.7002,0.0,71880.911,202.3568,73003.7986
1986,SYNTHETIC,3,Packaging Materials,Mexico,MEX,0.42,31.97,2257.42,0.0,3225.4,sea_bulk,470.1,2.58,plastic_pet,4271.63,3.1,0.012,659.4664,0.0,13242.0658,14.5574,14178.5738
1369,SYNTHETIC,2,Semiconductor Fabrication,Saudi Arabia,SAU,0.74,19.41,9104.55,0.0,7223.2,sea_bulk,1938.2,5.779,chemicals_general,6654.36,2.2,0.012,5464.8372,0.0,14639.5937,134.3998,19921.5743
1147,SYNTHETIC,2,Packaging Materials,Mexico,MEX,0.42,29.74,1183.48,0.0,6260.9,air_freight,430.6,5.009,cardboard,2562.41,0.89,0.602,356.2948,0.0,2280.547,1298.5158,3876.8921
706,SYNTHETIC,2,Textiles & Apparel,Japan,JPN,0.47,21.43,766.47,0.0,8948.6,rail_freight,7210.2,7.159,cotton_fabric,14804.37,8.0,0.028,286.3186,0.0,118434.9475,1445.2828,119611.3878
1727,SYNTHETIC,3,Mining & Raw Materials,India,IND,0.7082,46.49,4299.11,1003.85,4539.3,rail_freight,1959.3,3.631,steel,5507.52,1.85,0.028,1669.2157,2700.3544,10188.9047,199.2219,14519.7701
1702,SYNTHETIC,3,Plastics Manufacturing,China,CHN,0.581,54.85,1620.8,551.31,8292.2,inland_waterway,,6.634,chemicals_general,3665.7,2.2,0.031,442.9505,1483.0196,8064.5435,401.686,10716.0396
1629,SYNTHETIC,3,Packaging Materials,China,CHN,0.581,3.78,1876.8,0.0,6278.5,air_freight,5786.9,5.023,cardboard,10883.64,0.89,0.602,1050.657,0.0,9686.4434,17497.9989,26893.0899
1600,SYNTHETIC,3,Construction Materials,Australia,AUS,0.66,,2512.84,1073.23,7477.5,road_electric,870.1,5.982,wood_timber,6237.26,0.46,0.021,1186.8706,2886.9922,2869.1408,109.2979,6665.5185
1539,SYNTHETIC,3,Construction Materials,Vietnam,VNM,0.59,25.62,2056.79,0.0,5138.3,air_freight,1016.2,4.111,wood_timber,7726.8,0.46,0.602,913.1753,0.0,3554.3267,2514.5922,7062.2223
1406,SYNTHETIC,3,Automotive Manufacturing,Germany,DEU,0.385,18.25,2052.82,1309.87,7921.8,sea_container,978.7,6.337,aluminium,8638.31,8.24,0.016,653.6187,3523.5538,71179.6377,99.2373,79352.2262
1651,SYNTHETIC,3,Automotive Manufacturing,Australia,AUS,0.66,23.96,1098.66,361.27,10414.7,road_diesel,4898.9,8.332,plastic_pp,11751.1,1.65,0.1033,556.6532,971.8166,19389.3192,4216.3111,24022.0831
328,SYNTHETIC,1,Chemical Processing,Saudi Arabia,SAU,0.74,21.73,4764.65,375.42,2237.8,road_electric,227.6,1.79,chemicals_general,2208.92,2.2,0.021,2780.2576,1009.8929,4859.622,8.5566,8968.7664
443,SYNTHETIC,1,Semiconductor Fabrication,Germany,DEU,0.385,,13134.04,,5798.8,sea_bulk,1911.9,4.639,chemicals_general,7283.05,2.2,0.012,3703.7613,0.0,16022.701,106.4342,20425.5738
775,SYNTHETIC,2,Renewable Energy Components,India,IND,0.7082,28.87,3186.9,0.0,2620.6,air_freight,420.1,2.097,steel,3898.1,1.85,0.602,1623.7166,0.0,7211.4816,530.2262,9485.1277
1088,SYNTHETIC,2,Construction Materials,South Africa,ZAF,0.89,15.91,1877.72,2434.28,5438.9,road_diesel,2601.8,4.351,concrete,7324.57,0.13,0.1033,1411.2882,6548.2195,952.1935,1169.4593,10494.0706
1221,SYNTHETIC,2,Packaging Materials,Germany,DEU,0.385,12.74,852.7,0.0,3275.5,rail_freight,906.7,2.62,cardboard,4569.65,0.89,0.028,288.638,0.0,4066.9869,66.5241,4480.2103
1636,SYNTHETIC,3,Pharmaceutical Manufacturing,United Kingdom,GBR,0.207,48.37,3269.89,0.0,2323.7,road_diesel,1169.5,1.859,plastic_pet,2671.67,3.1,0.1033,381.1031,0.0,8282.179,224.58,8638.6618
178,SYNTHETIC,1,Chemical Processing,China,CHN,0.581,67.11,4669.06,283.88,2063.8,sea_bulk,7062.0,1.651,glass,1016.69,0.85,0.012,954.9585,763.6501,864.1862,139.9171,2684.6454
1323,SYNTHETIC,2,Textiles & Apparel,United Kingdom,GBR,0.207,16.27,772.66,0.0,7696.5,road_electric,3894.2,6.157,cotton_fabric,10247.67,8.0,0.021,136.4275,0.0,81981.3218,503.5297,81453.0311
705,SYNTHETIC,2,Pharmaceutical Manufacturing,Germany,DEU,0.385,18.54,4013.02,,3901.0,sea_bulk,1813.9,3.121,plastic_pet,2368.07,3.1,0.012,1273.4654,0.0,7341.0198,67.9306,8584.4949
87,SYNTHETIC,1,Plastics Manufacturing,Turkey,TUR,0.445,20.53,879.56,585.37,8926.2,inland_waterway,120.3,7.141,plastic_pp,6142.76,1.65,0.031,314.6787,1574.6548,10135.556,26.6224,12238.6692
1884,SYNTHETIC,3,Renewable Energy Components,Mexico,MEX,0.42,9.7,1535.44,,3260.9,rail_freight,1835.2,2.609,aluminium,4607.13,8.24,0.028,585.312,0.0,37962.7656,134.0537,40093.1087
1948,SYNTHETIC,3,Plastics Manufacturing,Brazil,BRA,0.08,41.3,1766.44,1195.33,6837.1,road_electric,157.0,5.47,chemicals_general,5927.45,2.2,0.021,97.5461,3215.4505,13040.3978,18.0347,16804.468
458,SYNTHETIC,1,Food Processing,France,FRA,0.056,56.04,1149.31,0.0,3099.0,sea_bulk,1757.5,2.479,cardboard,2832.37,0.89,0.012,41.1727,0.0,2520.8058,52.2869,2566.4321
1829,SYNTHETIC,3,Textiles & Apparel,China,CHN,0.581,19.69,1383.72,0.0,6332.8,sea_bulk,2632.9,5.066,plastic_pet,4244.03,3.1,0.012,651.0988,0.0,13156.493,160.0667,14182.6824
55,SYNTHETIC,1,Packaging Materials,United States,USA,0.386,57.87,1881.85,0.0,6286.5,inland_waterway,3448.4,5.029,cardboard,9684.57,0.89,0.031,327.835,0.0,8619.27,537.6201,9308.2057
1502,SYNTHETIC,3,Chemical Processing,Mexico,MEX,0.42,38.46,5174.63,0.0,4156.2,road_diesel,2152.2,3.325,glass,3641.59,0.85,0.1033,1377.298,0.0,3095.3512,739.2046,5052.0099
644,SYNTHETIC,2,Plastics Manufacturing,France,FRA,0.056,8.73,1975.7,0.0,7381.2,road_electric,769.1,5.905,chemicals_general,7469.56,2.2,0.021,104.4291,0.0,16433.029,95.37,16708.3759
678,SYNTHETIC,2,Textiles & Apparel,Mexico,MEX,0.42,8.25,1070.98,0.0,7952.5,sea_container,3865.9,6.362,plastic_pet,6467.9,3.1,0.016,414.4777,0.0,20050.4924,393.5138,20360.3431
222,SYNTHETIC,1,Electronics Assembly,China,CHN,0.581,40.74,889.54,0.0,4731.7,sea_bulk,1949.0,3.785,copper,2704.9,3.17,0.012,313.4968,0.0,8574.5319,88.5321,8673.1259
114,SYNTHETIC,1,Agricultural Commodities,South Korea,KOR,0.435,49.86,464.72,179.04,4875.6,inland_waterway,1691.2,3.9,cardboard,9362.95,0.89,0.031,105.9966,481.6169,8333.0298,204.4894,9160.2018
983,SYNTHETIC,2,Plastics Manufacturing,Australia,AUS,0.66,17.82,1867.93,,9839.7,rail_freight,4276.3,7.872,plastic_pp,11429.74,1.65,0.028,1019.8319,0.0,18859.0674,942.5388,20697.7214
1229,SYNTHETIC,2,Automotive Manufacturing,South Korea,KOR,0.435,52.11,2103.98,1492.02,263.5,sea_bulk,1310.3,0.211,steel,210.26,1.85,0.012,460.2645,4013.5288,388.9833,3.3153,5191.5807
1000,SYNTHETIC,2,Textiles & Apparel,United Kingdom,GBR,0.207,26.36,724.6,0.0,1149.0,road_electric,5882.8,0.919,cotton_fabric,2077.38,8.0,0.021,114.2744,0.0,16619.0732,113.5549,15968.5442
175,SYNTHETIC,1,Mining & Raw Materials,Australia,AUS,0.66,,5193.67,0.0,8281.0,sea_bulk,3841.6,6.625,copper,8435.95,3.17,0.012,2249.455,0.0,26741.9595,305.3984,30129.8612
782,SYNTHETIC,2,Agricultural Commodities,United States,USA,0.386,11.52,597.54,0.0,1261.1,sea_container,,1.009,wood_timber,1426.18,0.46,0.016,205.4458,0.0,656.0437,6.2601,856.4055
590,SYNTHETIC,1,Automotive Manufacturing,Brazil,BRA,0.08,68.57,2193.48,0.0,2826.8,sea_container,390.0,2.261,plastic_pp,3547.45,1.65,0.016,85.2355,0.0,5853.2847,14.1108,6473.7554
1560,SYNTHETIC,3,Steel & Metals,India,IND,0.7082,49.43,5570.96,389.07,9464.0,air_freight,50.0,7.571,steel,14634.6,1.85,0.602,2050.1094,1046.5959,27074.0023,227.8923,30075.9577
19,SYNTHETIC,1,Plastics Manufacturing,Germany,DEU,0.385,,2223.7,7.39,5565.7,sea_container,50.0,4.453,plastic_pet,7331.33,3.1,0.016,653.7308,19.8836,22727.1187,3.5621,22902.7284
424,SYNTHETIC,1,Packaging Materials,South Korea,KOR,0.435,50.39,1294.33,0.0,5059.7,air_freight,1104.8,4.048,glass,5948.39,0.85,0.602,292.3619,0.0,5056.1349,2692.0805,8094.0016
1344,SYNTHETIC,2,Mining & Raw Materials,Germany,DEU,0.385,67.98,3634.89,558.58,6813.5,road_electric,2059.7,5.451,copper,7666.69,3.17,0.021,497.4695,1502.5768,24303.4048,235.7699,26098.388
286,SYNTHETIC,1,Semiconductor Fabrication,South Korea,KOR,0.435,26.25,9189.89,0.0,6131.3,sea_container,558.7,4.905,aluminium,9179.05,8.24,0.016,2996.3118,0.0,75635.3414,43.8505,82020.0475
1584,SYNTHETIC,3,Agricultural Commodities,United Kingdom,GBR,0.207,25.29,951.45,368.23,5022.2,road_diesel,,4.018,cotton_fabric,6632.88,8.0,0.1033,151.9481,990.5391,53063.0574,401.7141,53767.683
429,SYNTHETIC,1,Electronics Assembly,Saudi Arabia,SAU,0.74,38.28,961.49,0.0,8639.0,rail_freight,4053.8,6.911,plastic_pet,9998.76,3.1,0.028,446.5043,0.0,30996.1714,784.4608,31788.4036
1510,SYNTHETIC,3,Chemical Processing,Mexico,MEX,0.42,19.32,6372.05,1911.29,7161.5,sea_container,1347.6,5.729,plastic_pp,5106.86,1.65,0.016,2183.7652,5141.3622,8426.3124,123.5255,15426.0517
1319,SYNTHETIC,2,Semiconductor Fabrication,Turkey,TUR,0.445,19.49,12892.9,0.0,3112.6,sea_bulk,3546.4,2.49,chemicals_general,3968.01,2.2,0.012,4669.6527,0.0,8729.6217,105.9714,14023.0638
670,SYNTHETIC,2,Plastics Manufacturing,South Africa,ZAF,0.89,7.72,1669.35,296.42,3027.9,road_diesel,843.0,2.422,chemicals_general,5139.4,2.2,0.1033,1373.6538,797.381,11306.6891,210.9302,14192.9565
32,SYNTHETIC,1,Logistics & Freight,Saudi Arabia,SAU,0.74,12.12,384.23,455.12,1762.6,road_diesel,2520.3,1.41,cardboard,3266.12,0.89,0.1033,250.7884,1224.2709,2906.8436,367.1172,4545.2671
941,SYNTHETIC,2,Packaging Materials,United Kingdom,GBR,0.207,70.42,1765.97,0.0,3814.9,road_electric,216.4,3.052,glass,4188.39,0.85,0.021,132.9875,0.0,3560.1311,13.8706,3734.598
723,SYNTHETIC,2,Chemical Processing,Japan,JPN,0.47,65.59,6354.88,0.0,4619.8,sea_container,,3.696,chemicals_general,4032.68,2.2,0.016,1111.2446,0.0,8871.9057,331.9109,10997.1506
995,SYNTHETIC,2,Semiconductor Fabrication,Mexico,MEX,0.42,29.02,6147.09,0.0,7264.3,air_freight,1583.3,5.811,copper,9345.75,3.17,0.602,1868.3266,0.0,29626.0374,5539.0274,38802.1339
215,SYNTHETIC,1,Agricultural Commodities,Turkey,TUR,0.445,35.01,470.89,532.43,757.3,road_diesel,328.1,0.606,cotton_fabric,742.5,8.0,0.1033,139.4762,1432.227,5939.9811,20.5343,7553.1984
814,SYNTHETIC,2,Agricultural Commodities,Japan,JPN,0.47,59.27,318.58,70.1,2806.3,air_freight,5130.5,2.245,cotton_fabric,1955.4,8.0,0.602,64.7594,188.5744,15643.2039,6933.8571,23432.527
327,SYNTHETIC,1,Pharmaceutical Manufacturing,Vietnam,VNM,0.59,7.79,3821.67,0.0,2769.2,sea_container,816.6,2.215,glass,1892.43,0.85,0.016,2085.0456,0.0,1608.5687,28.9432,3755.039
561,SYNTHETIC,1,Agricultural Commodities,Saudi Arabia,SAU,0.74,17.44,511.01,982.69,5952.4,sea_container,,4.762,cardboard,5960.64,0.89,0.016,313.9642,2643.4356,5304.9695,21.3012,7997.0159
1113,SYNTHETIC,2,Packaging Materials,Saudi Arabia,SAU,0.74,19.78,1409.59,0.0,5257.7,sea_container,521.7,4.206,plastic_pet,4730.61,3.1,0.016,842.3837,0.0,14664.884,35.11,15402.7064
701,SYNTHETIC,2,Renewable Energy Components,Germany,DEU,0.385,,1360.45,0.0,6155.7,sea_bulk,3123.5,4.925,lithium_battery,6886.5,75.0,0.012,472.0835,0.0,516487.7319,184.5803,505162.4004
1579,SYNTHETIC,3,Mining & Raw Materials,Germany,DEU,0.385,22.66,9192.72,422.08,5177.1,sea_bulk,4557.9,4.142,copper,8918.34,3.17,0.012,2778.7891,1135.3917,28271.1455,226.5269,32635.148
1190,SYNTHETIC,2,Packaging Materials,China,CHN,0.581,47.13,1999.42,0.0,3824.4,road_diesel,244.6,3.059,glass,4173.56,0.85,0.1033,632.98,0.0,3547.5221,77.3115,4018.9845
342,SYNTHETIC,1,Mining & Raw Materials,Mexico,MEX,0.42,4.57,5690.36,,7278.4,rail_freight,6704.3,5.823,steel,11215.09,1.85,0.028,2286.022,907.1325,20747.9165,1093.0458,25973.9901
630,SYNTHETIC,2,Textiles & Apparel,Vietnam,VNM,0.59,54.63,881.87,0.0,4739.4,inland_waterway,6595.4,3.792,plastic_pet,5418.55,3.1,0.031,245.7096,0.0,16797.4972,775.207,18780.2077
148,SYNTHETIC,1,Pharmaceutical Manufacturing,South Africa,ZAF,0.89,61.52,2374.28,0.0,3665.2,road_electric,4613.4,2.932,plastic_pet,4505.29,3.1,0.021,842.2792,0.0,13966.407,284.0756,15445.9678
1310,SYNTHETIC,2,Construction Materials,China,CHN,0.581,,4997.13,669.0,899.8,road_diesel,2654.5,0.72,glass,1299.09,0.85,0.1033,2673.7274,1799.6097,1104.2224,197.3802,5646.4167
361,SYNTHETIC,1,Logistics & Freight,Turkey,TUR,0.445,17.31,359.65,0.0,8025.6,sea_container,640.7,6.42,plastic_pp,7734.06,1.65,0.016,133.5877,0.0,12761.2052,65.8191,13215.3038
84,SYNTHETIC,1,Agricultural Commodities,France,FRA,0.056,10.18,249.31,2372.21,9387.0,air_freight,3605.6,7.51,cardboard,9218.31,0.89,0.602,13.0474,6381.2551,8204.2974,16300.2601,31799.7064
49,SYNTHETIC,1,Steel & Metals,China,CHN,0.581,7.07,5392.27,890.75,2930.3,rail_freight,1835.8,2.344,copper,5334.44,3.17,0.028,2918.9866,2396.1256,16910.1644,120.4966,22423.3184
469,SYNTHETIC,1,Packaging Materials,France,FRA,0.056,57.95,1164.04,0.0,6488.7,sea_container,1224.4,5.191,plastic_pet,7443.43,3.1,0.016,40.9003,0.0,23074.6278,101.6923,23267.5639
156,SYNTHETIC,1,Semiconductor Fabrication,South Korea,KOR,0.435,16.33,5164.25,0.0,5007.6,sea_bulk,2444.7,4.006,chemicals_general,7836.79,2.2,0.012,1896.4265,0.0,17240.9333,117.5254,17779.6214
773,SYNTHETIC,2,Construction Materials,China,CHN,0.581,,2642.35,1170.27,4770.3,road_diesel,1556.9,3.816,steel,5219.53,1.85,0.1033,1022.3311,3148.0199,9656.1341,613.77,14598.7051
1240,SYNTHETIC,2,Semiconductor Fabrication,United Kingdom,GBR,0.207,39.35,8046.91,0.0,5872.3,road_electric,2673.8,4.698,chemicals_general,6560.19,2.2,0.021,1073.6195,0.0,14432.4232,263.7811,15435.0725
1201,SYNTHETIC,2,Mining & Raw Materials,Japan,JPN,0.47,22.79,5728.54,,154.0,sea_container,2528.9,0.123,steel,102.06,1.85,0.016,2105.018,0.0,188.802,4.9856,2286.8596
1403,SYNTHETIC,3,Food Processing,United States,USA,0.386,25.03,1650.57,0.0,4400.6,inland_waterway,3080.6,3.52,plastic_pet,8100.64,3.1,0.031,485.906,0.0,25111.991,336.1999,25324.8795
1203,SYNTHETIC,2,Agricultural Commodities,South Korea,KOR,0.435,19.26,582.77,0.0,5571.2,sea_bulk,1782.8,4.457,cotton_fabric,5430.63,8.0,0.012,206.9183,0.0,43445.0431,95.3519,42505.0238
1631,SYNTHETIC,3,Agricultural Commodities,South Africa,ZAF,0.89,18.88,393.94,0.0,4303.0,rail_freight,1087.8,3.442,cardboard,5515.8,0.89,0.028,285.8889,0.0,4909.0664,104.8477,5567.8682
501,SYNTHETIC,1,Electronics Assembly,India,IND,0.7082,65.9,977.75,0.0,10105.2,rail_freight,4403.4,8.084,plastic_pet,13586.2,3.1,0.028,248.978,0.0,42117.2308,996.7254,42495.4386
1765,SYNTHETIC,3,Logistics & Freight,Japan,JPN,0.47,55.52,302.23,0.0,7291.8,inland_waterway,1860.2,5.833,plastic_pp,10554.96,1.65,0.031,66.5315,0.0,17415.6913,336.3974,18176.9912
180,SYNTHETIC,1,Renewable Energy Components,Turkey,TUR,0.445,42.81,1500.97,0.0,6945.3,sea_container,3479.5,5.556,aluminium,9172.74,8.24,0.016,394.8163,0.0,75583.3645,309.328,77096.4987
1048,SYNTHETIC,2,Construction Materials,China,CHN,0.581,17.14,4210.8,0.0,2116.3,road_diesel,,1.693,steel,2132.61,1.85,0.1033,2041.6016,0.0,3945.3197,679.6421,6906.5559
1756,SYNTHETIC,3,Agricultural Commodities,Japan,JPN,0.47,39.99,745.02,925.01,7873.7,sea_container,1333.9,6.299,cardboard,10405.11,0.89,0.016,216.1031,2488.2688,9260.5478,134.4368,12584.0923
951,SYNTHETIC,2,Chemical Processing,India,IND,0.7082,37.65,5321.66,1166.33,8621.0,road_electric,7647.9,6.897,plastic_pp,9697.87,1.65,0.021,2390.0797,3137.4265,16001.4937,1107.6695,23207.5255
1317,SYNTHETIC,2,Pharmaceutical Manufacturing,China,CHN,0.581,5.74,4175.16,0.0,4953.4,road_electric,1560.8,3.963,chemicals_general,5382.0,2.2,0.021,2291.4312,0.0,11840.4005,129.8838,13372.2252
1620,SYNTHETIC,3,Agricultural Commodities,France,FRA,0.056,14.48,324.22,0.0,5467.7,road_electric,400.9,4.374,wood_timber,2315.29,0.46,0.021,16.4665,0.0,1065.0334,36.8294,1122.9511
529,SYNTHETIC,1,Renewable Energy Components,South Africa,ZAF,0.89,59.0,3100.43,0.0,4735.5,air_freight,663.2,3.788,copper,4903.14,3.17,0.602,1168.0006,0.0,15542.9625,1512.5654,18418.294
347,SYNTHETIC,1,Mining & Raw Materials,South Africa,ZAF,0.89,15.47,5383.6,200.04,8084.5,inland_waterway,4337.8,6.468,steel,13582.88,1.85,0.031,4066.7422,538.1091,25128.3258,869.722,30177.6766
1388,SYNTHETIC,2,Packaging Materials,Mexico,MEX,0.42,6.39,1233.96,0.0,7938.1,inland_waterway,2386.6,6.35,cardboard,11764.68,0.89,0.031,486.7124,0.0,10470.564,469.8378,11447.5253
1961,SYNTHETIC,3,Chemical Processing,Brazil,BRA,0.08,39.84,3536.35,0.0,2173.4,sea_container,1234.7,1.739,glass,4046.37,0.85,0.016,198.3845,0.0,3439.4152,34.3479,3380.53
1051,SYNTHETIC,2,Textiles & Apparel,France,FRA,0.056,32.26,1374.23,0.0,8843.5,sea_bulk,10704.2,7.075,plastic_pet,1813.07,3.1,0.012,60.9957,0.0,5620.5132,908.756,6499.6706
1973,SYNTHETIC,3,Steel & Metals,South Africa,ZAF,0.89,12.16,3792.61,748.9,4421.5,road_electric,8762.4,3.537,steel,6696.7,1.85,0.021,2974.307,2014.5333,12388.8904,650.8751,17931.8399
1442,SYNTHETIC,3,Agricultural Commodities,Japan,JPN,0.47,6.53,709.28,492.69,5125.0,air_freight,589.9,4.1,cotton_fabric,5414.97,8.0,0.602,312.511,1325.325,43319.7848,1455.9667,46085.1583
602,SYNTHETIC,2,Pharmaceutical Manufacturing,South Africa,ZAF,0.89,26.64,3061.68,0.0,7730.3,inland_waterway,2025.9,6.184,plastic_pet,5145.69,3.1,0.031,2015.2972,0.0,15951.6426,388.3798,18754.0723
1282,SYNTHETIC,2,Automotive Manufacturing,Vietnam,VNM,0.59,24.72,2716.2,590.21,3369.3,road_diesel,1938.2,2.695,plastic_pp,313.58,1.65,0.1033,1219.8802,1587.6575,517.4125,539.6896,3834.3787
244,SYNTHETIC,1,Automotive Manufacturing,France,FRA,0.056,17.32,2036.19,906.1,2152.9,inland_waterway,2339.7,1.722,plastic_pp,2897.93,1.65,0.031,101.3338,2437.4064,4781.592,124.9196,7279.5191
1337,SYNTHETIC,2,Logistics & Freight,United States,USA,0.386,13.24,583.07,3590.65,3557.5,road_diesel,4512.7,2.846,cardboard,1905.12,0.89,0.1033,196.803,9658.8486,1695.5572,1326.7094,13476.6714
1068,SYNTHETIC,2,Construction Materials,Mexico,MEX,0.42,36.48,3270.1,274.54,6432.0,road_diesel,450.0,5.146,steel,9029.25,1.85,0.1033,896.3307,738.4994,16704.1054,239.2103,18473.7384
1476,SYNTHETIC,3,Electronics Assembly,United Kingdom,GBR,0.207,23.22,656.11,0.0,4686.8,road_diesel,1714.1,3.749,copper,4452.26,3.17,0.1033,107.3255,0.0,14113.6776,663.9067,14753.0078
313,SYNTHETIC,1,Renewable Energy Components,India,IND,0.7082,12.31,1260.42,0.0,6249.7,rail_freight,594.5,5.0,steel,8418.67,1.85,0.028,785.8393,0.0,15574.5315,83.2238,15407.635
436,SYNTHETIC,1,Agricultural Commodities,Australia,AUS,0.66,43.98,603.26,1076.03,8614.7,road_diesel,1979.9,6.892,wood_timber,6912.88,0.46,0.1033,228.3648,2894.5139,3179.9237,1409.5276,7809.5497
1899,SYNTHETIC,3,Logistics & Freight,India,IND,0.7082,34.2,665.91,0.0,1867.0,sea_bulk,3992.1,1.494,cardboard,2303.91,0.89,0.012,314.8739,0.0,2050.4766,71.5504,2320.9287
1329,SYNTHETIC,2,Renewable Energy Components,China,CHN,0.581,3.42,672.74,0.0,3432.4,sea_bulk,3694.8,2.746,aluminium,6138.23,8.24,0.012,377.9628,0.0,50579.0346,121.75,54796.5314
309,SYNTHETIC,1,Pharmaceutical Manufacturing,South Africa,ZAF,0.89,46.65,3779.72,0.0,8586.8,inland_waterway,99.4,6.869,chemicals_general,4929.52,2.2,0.031,1830.0789,0.0,10844.9487,21.1672,12225.6699
431,SYNTHETIC,1,Pharmaceutical Manufacturing,Germany,DEU,0.385,7.95,3057.66,,6661.8,sea_bulk,50.0,5.329,chemicals_general,10663.67,2.2,0.012,1088.5294,0.0,23460.0821,3.1976,24185.3212
661,SYNTHETIC,2,Agricultural Commodities,France,FRA,0.056,7.78,739.52,,5458.6,sea_container,2130.3,4.367,cardboard,4724.78,0.89,0.016,39.3423,451.1846,4205.0526,148.8453,4910.1251
371,SYNTHETIC,1,Food Processing,Saudi Arabia,SAU,0.74,43.84,1964.57,0.0,2322.9,road_diesel,877.2,1.858,plastic_pet,1597.71,3.1,0.1033,833.681,0.0,4952.9027,168.3892,5988.8232
567,SYNTHETIC,1,Packaging Materials,United Kingdom,GBR,0.207,20.11,844.28,0.0,5817.1,sea_bulk,8497.3,4.654,glass,6525.2,0.85,0.012,143.0161,0.0,5546.4234,474.5282,6359.9984
980,SYNTHETIC,2,Semiconductor Fabrication,China,CHN,0.581,21.52,7315.86,0.0,5003.7,sea_container,3944.7,4.003,chemicals_general,8895.02,2.2,0.016,3367.4508,0.0,19569.0471,252.6481,22190.9809
182,SYNTHETIC,1,Plastics Manufacturing,United States,USA,0.386,18.65,587.88,341.36,4965.0,road_diesel,5752.3,3.972,plastic_pp,7713.64,1.65,0.1033,186.7922,918.2671,12727.5031,2360.1891,16225.2945
1363,SYNTHETIC,2,Pharmaceutical Manufacturing,Germany,DEU,0.385,17.71,3774.37,0.0,9147.2,rail_freight,4756.3,7.318,plastic_pet,8609.23,3.1,0.028,1209.1843,0.0,26688.6006,974.5438,30620.0653
622,SYNTHETIC,2,Packaging Materials,France,FRA,0.056,31.58,358.26,0.0,3467.5,road_electric,9525.2,2.774,glass,3432.23,0.85,0.021,15.9899,0.0,2917.396,554.8884,3425.2818
819,SYNTHETIC,2,Chemical Processing,South Korea,KOR,0.435,7.01,6337.97,582.44,3826.5,road_diesel,3833.4,3.061,plastic_pp,6683.2,1.65,0.1033,2572.6166,1566.7636,11027.286,1212.1939,16016.3616
1193,SYNTHETIC,2,Automotive Manufacturing,Germany,DEU,0.385,23.56,2719.34,149.29,6066.6,road_diesel,940.3,4.853,aluminium,7182.33,8.24,0.1033,813.0677,401.5855,59182.3994,471.4031,59951.7915
953,SYNTHETIC,2,Chemical Processing,Germany,DEU,0.385,15.01,5053.64,455.43,6969.8,sea_container,2485.7,5.576,plastic_pp,8782.36,1.65,0.016,1668.8372,1225.1052,14490.8967,221.7569,17982.9273
1422,SYNTHETIC,3,Automotive Manufacturing,Japan,JPN,0.47,29.38,1564.87,258.82,4957.8,rail_freight,1427.1,3.966,aluminium,2901.25,8.24,0.028,528.6114,696.2389,23906.2888,158.4907,26946.7813
1841,SYNTHETIC,3,Plastics Manufacturing,France,FRA,0.056,34.78,1220.6,390.3,5359.1,sea_bulk,343.6,4.287,plastic_pet,8783.1,3.1,0.012,53.0695,1049.8984,27227.6143,17.6747,26076.1036
923,SYNTHETIC,2,Agricultural Commodities,United Kingdom,GBR,0.207,17.66,854.5,302.74,6372.1,road_diesel,2840.4,5.098,cotton_fabric,5399.86,8.0,0.1033,148.6573,814.3575,43198.8864,1495.6992,45781.3003
1074,SYNTHETIC,2,Renewable Energy Components,United States,USA,0.386,3.24,2486.9,,5781.4,sea_container,3529.9,4.625,copper,10838.24,3.17,0.016,930.4972,0.0,34357.2212,261.219,34812.9242
297,SYNTHETIC,1,Steel & Metals,India,IND,0.7082,8.31,6503.67,99.73,7310.7,inland_waterway,1028.2,5.849,aluminium,6091.59,8.24,0.031,4234.0563,268.2705,50194.7172,186.4229,55597.2095
967,SYNTHETIC,2,Renewable Energy Components,Saudi Arabia,SAU,0.74,50.66,2021.78,0.0,5674.2,road_diesel,656.9,4.539,copper,8576.23,3.17,0.1033,758.6959,0.0,27186.6453,308.0526,27302.1685
462,SYNTHETIC,1,Semiconductor Fabrication,India,IND,0.7082,36.6,10914.7,,5511.9,sea_bulk,1051.2,4.41,aluminium,3051.64,8.24,0.012,4980.5899,0.0,25145.4798,55.6248,30453.0108
1303,SYNTHETIC,2,Semiconductor Fabrication,Brazil,BRA,0.08,19.89,10312.92,0.0,4440.3,air_freight,6157.4,3.552,aluminium,1086.04,8.24,0.602,701.9591,0.0,8948.9454,13167.1293,22627.9924
1177,SYNTHETIC,2,Chemical Processing,South Korea,KOR,0.435,39.63,4511.07,0.0,4766.0,rail_freight,909.4,3.813,chemicals_general,4600.7,2.2,0.028,1220.3601,0.0,10121.5481,97.0828,11181.2131
378,SYNTHETIC,1,Pharmaceutical Manufacturing,United States,USA,0.386,34.68,2845.83,0.0,5845.1,road_electric,2790.7,4.676,chemicals_general,3197.01,2.2,0.021,737.2252,0.0,7033.4152,274.0406,7766.3309
799,SYNTHETIC,2,Steel & Metals,India,IND,0.7082,40.73,7074.96,462.47,5487.7,rail_freight,2926.5,4.39,copper,5532.24,3.17,0.028,3027.3588,1244.0422,17537.1931,359.7398,22148.2144
1103,SYNTHETIC,2,Renewable Energy Components,Japan,JPN,0.47,3.31,2102.85,0.0,5647.6,rail_freight,2868.0,4.518,copper,5760.17,3.17,0.028,956.9899,0.0,18259.7501,362.8217,17874.4204
106,SYNTHETIC,1,Textiles & Apparel,Germany,DEU,0.385,22.36,1007.33,0.0,5008.5,rail_freight,2497.9,4.007,cotton_fabric,6103.28,8.0,0.028,305.5936,0.0,48826.2074,280.2441,50528.7142
127,SYNTHETIC,1,Automotive Manufacturing,South Korea,KOR,0.435,24.5,1990.81,0.0,1520.0,rail_freight,93.4,1.216,rubber,1611.66,3.85,0.028,663.5492,0.0,6204.8949,3.1802,7046.2485
1996,SYNTHETIC,3,Agricultural Commodities,Germany,DEU,0.385,24.2,311.51,1171.96,2833.2,air_freight,4975.0,2.267,cotton_fabric,4838.24,8.0,0.602,92.4152,3152.5629,38705.8905,6788.1508,49356.813
839,SYNTHETIC,2,Electronics Assembly,United Kingdom,GBR,0.207,10.13,940.46,0.0,4705.8,air_freight,4291.1,3.765,chemicals_general,8414.84,2.2,0.602,176.8627,0.0,18512.65,9724.9706,27241.8454
356,SYNTHETIC,1,Pharmaceutical Manufacturing,Saudi Arabia,SAU,0.74,,3966.84,,7604.3,road_diesel,3823.1,6.083,glass,8731.22,0.85,0.1033,2319.8773,0.0,7421.5355,2402.5012,12355.1661
1617,SYNTHETIC,3,Construction Materials,France,FRA,0.056,31.7,3278.67,1689.78,6300.0,sea_bulk,2585.1,5.04,glass,7462.45,0.85,0.012,146.187,4545.5168,6343.084,156.3463,11658.0606
683,SYNTHETIC,2,Mining & Raw Materials,Japan,JPN,0.47,27.84,5501.36,2019.29,7439.3,road_electric,1953.9,5.951,steel,8603.72,1.85,0.021,1896.5251,5431.899,15916.8758,244.1925,23222.9266
813,SYNTHETIC,2,Pharmaceutical Manufacturing,Vietnam,VNM,0.59,9.61,3659.61,0.0,9423.3,sea_container,1041.0,7.539,plastic_pet,18836.44,3.1,0.016,1958.7343,0.0,58392.9513,125.5607,58695.0909
1681,SYNTHETIC,3,Agricultural Commodities,Turkey,TUR,0.445,22.45,1022.54,524.88,7475.7,sea_container,4388.7,5.981,wood_timber,11490.5,0.46,0.016,357.4585,1411.9388,5285.6311,419.957,7534.6617
210,SYNTHETIC,1,Logistics & Freight,Vietnam,VNM,0.59,28.72,417.25,2147.71,312.1,sea_bulk,2399.7,0.25,cardboard,277.22,0.89,0.012,177.8792,5777.3288,246.7285,7.1893,6172.9269
1493,SYNTHETIC,3,Renewable Energy Components,South Africa,ZAF,0.89,53.91,2788.24,0.0,3866.3,road_electric,789.8,3.093,lithium_battery,4264.02,75.0,0.021,1173.8933,0.0,319801.1715,51.302,323445.7124
141,SYNTHETIC,1,Automotive Manufacturing,Mexico,MEX,0.42,21.32,1784.26,0.0,1890.3,road_diesel,4323.6,1.512,aluminium,1725.2,8.24,0.1033,597.2385,0.0,14215.6163,675.4192,15904.099
1975,SYNTHETIC,3,Semiconductor Fabrication,South Africa,ZAF,0.89,28.3,4532.15,0.0,8150.2,rail_freight,671.0,6.52,chemicals_general,6492.33,2.2,0.028,2917.6932,0.0,14283.1211,122.4925,18317.9658
1340,SYNTHETIC,2,Agricultural Commodities,Turkey,TUR,0.445,9.7,612.95,2139.18,4277.9,inland_waterway,2164.1,3.422,cotton_fabric,4277.62,8.0,0.031,247.501,5754.3871,34220.9531,229.5946,41098.084
1798,SYNTHETIC,3,Semiconductor Fabrication,China,CHN,0.581,19.17,7337.27,0.0,4252.7,road_diesel,7430.1,3.402,aluminium,6348.0,8.24,0.1033,3473.9348,0.0,52307.5401,2611.2238,61037.0942
1575,SYNTHETIC,3,Renewable Energy Components,United Kingdom,GBR,0.207,18.9,1607.5,0.0,4713.2,sea_bulk,2236.0,3.771,copper,6486.78,3.17,0.012,275.9356,0.0,20563.1075,101.1738,21143.7704
1182,SYNTHETIC,2,Food Processing,Vietnam,VNM,0.59,35.26,1378.94,,7471.6,road_diesel,464.8,5.977,plastic_pet,8852.65,3.1,0.1033,536.4295,0.0,27443.2062,286.9941,28329.5391
1394,SYNTHETIC,2,Electronics Assembly,Brazil,BRA,0.08,30.67,458.33,0.0,4984.2,inland_waterway,4148.6,3.987,plastic_pet,3113.96,3.1,0.031,28.2328,0.0,9653.2693,512.7959,10080.9056
1816,SYNTHETIC,3,Chemical Processing,Turkey,TUR,0.445,50.22,5373.02,0.0,4956.6,rail_freight,103.2,3.965,glass,4031.9,0.85,0.028,1244.2421,0.0,3427.1181,11.4598,4701.4602
712,SYNTHETIC,2,Mining & Raw Materials,Vietnam,VNM,0.59,13.36,308.22,1511.15,3842.3,road_diesel,745.0,3.074,chemicals_general,4476.96,2.2,0.1033,158.3779,4064.9934,9849.3219,236.5574,15116.2385
1794,SYNTHETIC,3,Renewable Energy Components,United Kingdom,GBR,0.207,31.87,2922.58,0.0,5140.4,sea_bulk,819.6,4.112,aluminium,1229.7,8.24,0.012,430.7972,0.0,10132.7042,40.4467,10582.7578
893,SYNTHETIC,2,Semiconductor Fabrication,China,CHN,0.581,,8004.29,0.0,5387.9,road_electric,508.5,4.31,copper,6718.89,3.17,0.021,1294.1101,0.0,21298.8743,46.0257,22741.8415
860,SYNTHETIC,2,Plastics Manufacturing,Brazil,BRA,0.08,37.94,3002.42,63.12,9362.2,road_diesel,523.8,7.49,plastic_pet,14694.33,3.1,0.1033,171.8486,169.8021,45552.4251,405.2358,48354.3442
11,SYNTHETIC,1,Packaging Materials,India,IND,0.7082,23.91,1470.22,0.0,8429.7,sea_container,291.5,6.744,cardboard,9072.71,0.89,0.016,799.2901,0.0,8074.7102,31.4506,9085.2854
1695,SYNTHETIC,3,Textiles & Apparel,Japan,JPN,0.47,37.24,953.2,0.0,2604.8,air_freight,4441.1,2.084,cotton_fabric,3566.09,8.0,0.602,288.2709,0.0,28528.7166,5571.2456,32514.4871
1428,SYNTHETIC,3,Agricultural Commodities,Germany,DEU,0.385,14.45,279.38,63.99,6048.9,road_electric,985.5,4.839,wood_timber,6401.6,0.46,0.021,92.8224,172.1214,2944.7367,100.1428,3393.0499
283,SYNTHETIC,1,Semiconductor Fabrication,Brazil,BRA,0.08,17.99,8671.32,0.0,4647.7,inland_waterway,748.4,3.718,copper,7112.9,3.17,0.031,600.089,0.0,22547.8851,86.264,24403.4753
811,SYNTHETIC,2,Textiles & Apparel,India,IND,0.7082,76.36,1303.98,0.0,1569.8,sea_container,,1.256,cotton_fabric,2343.34,8.0,0.016,238.2207,0.0,18746.6917,50.9661,19752.3045
1342,SYNTHETIC,2,Chemical Processing,Vietnam,VNM,0.59,16.94,3876.79,57.47,6522.5,road_diesel,744.6,5.218,chemicals_general,7845.95,2.2,0.1033,1912.9139,154.5906,17261.1,401.3294,20717.5027
292,SYNTHETIC,1,Mining & Raw Materials,Saudi Arabia,SAU,0.74,43.08,6773.75,1672.04,5819.7,road_electric,270.5,4.656,chemicals_general,7004.68,2.2,0.021,2911.4449,4497.7943,15410.2924,26.4514,23575.8277
755,SYNTHETIC,2,Steel & Metals,Brazil,BRA,0.08,2.87,9481.88,578.77,586.5,inland_waterway,4785.5,0.469,steel,819.32,1.85,0.031,742.2407,1556.8793,1515.747,69.6094,3768.5149
627,SYNTHETIC,2,Mining & Raw Materials,Mexico,MEX,0.42,43.88,5648.99,,327.1,sea_bulk,1275.9,0.262,concrete,397.33,0.13,0.012,1381.1095,1630.9526,51.6525,4.0065,3080.0686
944,SYNTHETIC,2,Semiconductor Fabrication,Saudi Arabia,SAU,0.74,24.43,9060.6,0.0,6137.7,road_electric,1117.8,4.91,aluminium,4673.96,8.24,0.021,5111.38,0.0,38513.3984,115.2595,41259.838
862,SYNTHETIC,2,Packaging Materials,South Korea,KOR,0.435,46.56,1646.67,0.0,8152.1,rail_freight,516.7,6.522,glass,10069.42,0.85,0.028,398.1531,0.0,8559.0045,94.3605,8931.9635
130,SYNTHETIC,1,Steel & Metals,South Korea,KOR,0.435,,8216.37,180.37,12344.4,road_diesel,2797.8,9.876,aluminium,9678.46,8.24,0.1033,1530.3311,485.1965,79750.5111,2854.1429,83036.6783
1176,SYNTHETIC,2,Electronics Assembly,United States,USA,0.386,45.77,880.1,0.0,7504.6,inland_waterway,9450.6,6.004,chemicals_general,1988.03,2.2,0.031,192.2765,0.0,4373.6689,1758.887,6532.1514
324,SYNTHETIC,1,Steel & Metals,Vietnam,VNM,0.59,,7363.38,0.0,7823.7,sea_bulk,1930.6,6.259,steel,8092.44,1.85,0.012,3039.0859,0.0,14971.0131,145.0022,18594.0317
1091,SYNTHETIC,2,Food Processing,Germany,DEU,0.385,26.98,2068.72,0.0,7384.4,air_freight,368.5,5.908,cardboard,6136.88,0.89,0.602,592.7602,0.0,5461.8197,1310.5933,7184.1254
844,SYNTHETIC,2,Semiconductor Fabrication,United Kingdom,GBR,0.207,30.6,13319.91,0.0,7357.6,road_electric,1221.4,5.886,aluminium,7447.84,8.24,0.021,1995.1073,0.0,61370.2308,150.9765,64587.6551
964,SYNTHETIC,2,Logistics & Freight,South Korea,KOR,0.435,22.74,395.12,227.33,6533.7,inland_waterway,884.0,5.227,cardboard,6706.05,0.89,0.031,134.5836,611.5054,5968.3885,143.2403,7199.3199
1865,SYNTHETIC,3,Steel & Metals,China,CHN,0.581,28.97,8439.45,334.7,2731.5,rail_freight,7903.7,2.185,copper,3151.49,3.17,0.028,3531.6465,900.3322,9990.2296,483.5985,15068.9489
866,SYNTHETIC,2,Chemical Processing,Mexico,MEX,0.42,23.06,5086.34,417.47,3717.7,inland_waterway,1784.5,2.974,plastic_pp,6210.78,1.65,0.031,1667.1856,1122.9832,10247.7838,164.5239,12971.2791
922,SYNTHETIC,2,Pharmaceutical Manufacturing,Germany,DEU,0.385,19.63,3873.16,0.0,3655.1,sea_bulk,9322.5,2.924,plastic_pet,4501.63,3.1,0.012,1213.592,0.0,13955.0654,327.1125,15361.814
696,SYNTHETIC,2,Textiles & Apparel,Turkey,TUR,0.445,5.41,1046.06,,8871.6,sea_container,85.0,7.097,plastic_pet,14979.85,3.1,0.016,441.4629,0.0,46437.5447,9.6517,47077.0932
216,SYNTHETIC,1,Electronics Assembly,Brazil,BRA,0.08,3.03,969.12,0.0,6177.4,rail_freight,805.3,4.942,chemicals_general,11960.07,2.2,0.028,75.7681,0.0,26312.1595,111.4296,25906.7202
1781,SYNTHETIC,3,Pharmaceutical Manufacturing,United States,USA,0.386,33.68,2925.95,0.0,5657.4,inland_waterway,2334.0,4.526,plastic_pet,6778.68,3.1,0.031,768.7745,0.0,21013.9089,327.4617,22511.9476
1262,SYNTHETIC,2,Pharmaceutical Manufacturing,South Korea,KOR,0.435,24.41,3212.03,0.0,3415.0,sea_bulk,1120.6,2.732,glass,2376.62,0.85,0.012,1071.8856,0.0,2020.1232,36.7372,3164.2551
159,SYNTHETIC,1,Steel & Metals,Mexico,MEX,0.42,61.52,5945.39,130.06,10151.4,sea_container,981.4,8.121,steel,8392.09,1.85,0.016,1034.0737,349.8639,15525.3602,127.5219,16948.4262
1059,SYNTHETIC,2,Pharmaceutical Manufacturing,China,CHN,0.581,33.03,2623.3,0.0,2910.3,sea_bulk,2106.6,2.328,plastic_pet,6715.14,3.1,0.012,1038.0598,0.0,20816.9194,58.8573,21748.4625
989,SYNTHETIC,2,Steel & Metals,United Kingdom,GBR,0.207,41.11,4459.15,651.47,9042.6,sea_container,1854.1,7.234,steel,9251.57,1.85,0.016,580.2241,1752.4475,17115.4098,214.6063,20160.53
842,SYNTHETIC,2,Plastics Manufacturing,Turkey,TUR,0.445,7.57,1342.26,0.0,2613.6,rail_freight,4087.1,2.091,chemicals_general,3268.56,2.2,0.028,554.1233,0.0,7190.8297,239.2812,8331.5692
635,SYNTHETIC,2,Packaging Materials,Australia,AUS,0.66,2.86,1980.5,0.0,8320.1,air_freight,51.4,6.656,cardboard,7523.36,0.89,0.602,1270.8202,0.0,6695.7881,205.8667,8156.8884
517,SYNTHETIC,1,Semiconductor Fabrication,Australia,AUS,0.66,,8114.55,0.0,8396.5,sea_bulk,256.8,6.717,chemicals_general,6235.01,2.2,0.012,4311.2443,0.0,13717.0207,20.6973,18342.2465
1429,SYNTHETIC,3,Plastics Manufacturing,China,CHN,0.581,30.49,1815.21,159.23,100.0,sea_bulk,2908.7,0.08,plastic_pet,100.0,3.1,0.012,744.1571,428.3344,310.0,2.7924,1514.397
1748,SYNTHETIC,3,Electronics Assembly,South Korea,KOR,0.435,74.73,389.05,0.0,3881.9,air_freight,2770.1,3.106,aluminium,3276.02,8.24,0.602,48.5749,0.0,26994.3719,5178.8782,31621.3785
598,SYNTHETIC,1,Agricultural Commodities,Germany,DEU,0.385,38.3,933.4,119.17,3162.3,road_electric,2549.8,2.53,wood_timber,4184.17,0.46,0.021,228.8649,320.5648,1924.7166,135.4625,2771.5267
196,SYNTHETIC,1,Food Processing,United Kingdom,GBR,0.207,54.22,1027.35,0.0,7495.8,road_electric,2513.8,5.997,cardboard,10205.44,0.89,0.021,108.4956,0.0,9082.8425,316.5574,9500.994
1784,SYNTHETIC,3,Textiles & Apparel,Turkey,TUR,0.445,14.85,1553.27,0.0,4629.2,sea_bulk,756.9,3.703,plastic_pet,4851.27,3.1,0.012,593.2035,0.0,15038.9387,33.6382,15896.1564
870,SYNTHETIC,2,Textiles & Apparel,Brazil,BRA,0.08,63.14,840.93,0.0,2287.8,sea_container,2732.6,1.83,cotton_fabric,2159.11,8.0,0.016,35.4182,0.0,17272.8602,80.0219,17553.8813
411,SYNTHETIC,1,Steel & Metals,United Kingdom,GBR,0.207,7.39,8365.13,1282.19,8342.3,rail_freight,2719.4,6.674,copper,17697.82,3.17,0.028,1616.0407,3449.095,56102.0911,508.1644,58938.0321
97,SYNTHETIC,1,Renewable Energy Components,Vietnam,VNM,0.59,37.83,1832.7,0.0,5784.7,air_freight,1367.7,4.628,lithium_battery,10304.52,75.0,0.602,686.1026,0.0,772838.7713,3810.1889,756985.2713
1001,SYNTHETIC,2,Pharmaceutical Manufacturing,Germany,DEU,0.385,57.87,4413.25,0.0,4318.9,air_freight,4375.6,3.455,plastic_pet,3355.46,3.1,0.602,766.9247,0.0,10401.9234,9101.281,20646.5959
1506,SYNTHETIC,3,Textiles & Apparel,Australia,AUS,0.66,66.53,1261.51,0.0,11132.2,inland_waterway,6221.8,8.906,cotton_fabric,17609.2,8.0,0.031,295.4596,0.0,140873.5652,1717.6948,144462.8912
157,SYNTHETIC,1,Plastics Manufacturing,Mexico,MEX,0.42,42.04,1214.94,1406.06,7473.4,road_electric,3307.0,5.979,plastic_pet,3581.32,3.1,0.021,305.9796,3782.3073,11102.1015,415.2087,15335.6934
420,SYNTHETIC,1,Steel & Metals,Vietnam,VNM,0.59,43.75,8302.44,232.62,7113.8,inland_waterway,137.8,5.691,copper,8352.51,3.17,0.031,2828.0939,625.7438,26477.4414,24.314,30021.0827
1803,SYNTHETIC,3,Steel & Metals,Saudi Arabia,SAU,0.74,44.81,7284.24,,8206.2,air_freight,853.7,6.565,steel,7353.93,1.85,0.602,3040.266,2659.2944,13604.7617,3373.7775,22003.9744
478,SYNTHETIC,1,Electronics Assembly,South Africa,ZAF,0.89,,996.46,0.0,2569.6,road_diesel,2327.9,2.056,plastic_pet,2982.99,3.1,0.1033,805.1045,0.0,9247.2617,494.328,10196.1405
1856,SYNTHETIC,3,Pharmaceutical Manufacturing,Mexico,MEX,0.42,23.26,2787.16,0.0,4990.6,road_electric,73.8,3.993,plastic_pet,9104.01,3.1,0.021,911.2656,0.0,28222.4327,6.1874,29634.8359
669,SYNTHETIC,2,Construction Materials,Japan,JPN,0.47,7.67,3173.93,160.53,328.0,sea_bulk,546.1,0.262,steel,425.49,1.85,0.012,1382.1593,431.8178,787.1553,1.7196,2566.1359
1418,SYNTHETIC,3,Renewable Energy Components,Brazil,BRA,0.08,,2618.63,0.0,1946.8,sea_container,2006.2,1.557,steel,2086.44,1.85,0.016,169.1967,0.0,3859.9079,49.9923,4004.7528
1872,SYNTHETIC,3,Automotive Manufacturing,Turkey,TUR,0.445,8.48,2387.49,157.1,5159.6,road_electric,5961.3,4.128,plastic_pp,2520.38,1.65,0.021,976.3993,422.5919,4158.6207,516.7278,6014.9513
1300,SYNTHETIC,2,Construction Materials,United States,USA,0.386,19.95,4572.5,0.0,6622.9,sea_bulk,1040.0,5.298,concrete,6001.55,0.13,0.012,1431.0913,0.0,780.2021,66.1222,2225.1592
448,SYNTHETIC,1,Textiles & Apparel,Germany,DEU,0.385,64.28,1015.56,0.0,1461.8,road_diesel,1647.4,1.169,plastic_pet,2344.47,3.1,0.1033,152.7188,0.0,7267.8561,199.0099,7426.4417
554,SYNTHETIC,1,Semiconductor Fabrication,South Africa,ZAF,0.89,16.8,5803.95,0.0,5118.1,rail_freight,7305.6,4.094,copper,10928.13,3.17,0.028,4317.2811,0.0,34642.1623,837.5483,39515.2649
179,SYNTHETIC,1,Steel & Metals,South Korea,KOR,0.435,7.98,3660.17,114.62,6004.4,road_diesel,210.1,4.804,aluminium,306.8,8.24,0.1033,1471.0231,308.3172,2528.0069,104.2475,4407.953
391,SYNTHETIC,1,Logistics & Freight,France,FRA,0.056,35.46,428.01,0.0,1330.6,sea_bulk,1641.0,1.064,cardboard,1848.31,0.89,0.012,18.5052,0.0,1644.9971,20.9616,1650.3568
579,SYNTHETIC,1,Automotive Manufacturing,United Kingdom,GBR,0.207,16.55,1966.27,403.42,7350.0,rail_freight,1217.6,5.88,aluminium,7834.33,8.24,0.028,346.1608,1085.1918,64554.8898,200.461,63523.8838
1478,SYNTHETIC,3,Steel & Metals,India,IND,0.7082,56.26,9966.75,251.15,2956.5,sea_container,2282.8,2.365,copper,3821.59,3.17,0.016,3199.8478,675.6029,12114.4377,86.3866,17097.6313
1707,SYNTHETIC,3,Textiles & Apparel,Germany,DEU,0.385,41.32,894.01,0.0,3745.6,road_electric,7124.6,2.996,cotton_fabric,3228.34,8.0,0.021,209.3741,0.0,25826.7117,448.3243,26712.6537
1288,SYNTHETIC,2,Pharmaceutical Manufacturing,Germany,DEU,0.385,16.61,4066.61,0.0,6220.9,sea_bulk,4200.1,4.977,glass,9395.26,0.85,0.012,1319.0419,0.0,7985.9688,250.8352,9555.9811
1645,SYNTHETIC,3,Construction Materials,Brazil,BRA,0.08,47.83,2766.79,81.55,2885.1,road_diesel,858.0,2.308,concrete,3449.53,0.13,0.1033,141.9379,219.3562,448.439,204.5674,992.6941
1024,SYNTHETIC,2,Chemical Processing,South Korea,KOR,0.435,24.19,5300.48,1284.62,4248.9,road_electric,357.9,3.399,chemicals_general,2472.76,2.2,0.021,1773.5908,3455.6266,5440.0648,25.5482,10866.0639
821,SYNTHETIC,2,Food Processing,South Africa,ZAF,0.89,31.02,1153.6,0.0,3144.0,road_electric,1799.9,2.515,glass,6159.65,0.85,0.021,715.381,0.0,5235.7023,95.0681,6025.5076
1825,SYNTHETIC,3,Plastics Manufacturing,France,FRA,0.056,32.34,1620.12,1793.62,6161.2,sea_bulk,4498.4,4.929,chemicals_general,6145.48,2.2,0.012,71.8659,4824.851,13520.0598,266.0704,17812.1011
985,SYNTHETIC,2,Automotive Manufacturing,Japan,JPN,0.47,25.47,1738.74,1476.97,1272.4,sea_container,5520.8,1.018,aluminium,950.14,8.24,0.016,617.9496,3973.0474,7829.1313,89.9153,12726.3296
1339,SYNTHETIC,2,Agricultural Commodities,China,CHN,0.581,11.67,546.39,428.49,5257.7,sea_bulk,539.9,4.206,cotton_fabric,5859.64,8.0,0.012,281.6825,1152.6412,46877.1574,27.2509,46883.7818
665,SYNTHETIC,2,Agricultural Commodities,United Kingdom,GBR,0.207,2.74,888.39,0.0,7758.0,sea_bulk,322.3,6.206,wood_timber,9989.15,0.46,0.012,179.342,0.0,4595.0069,24.0051,4677.1732
143,SYNTHETIC,1,Agricultural Commodities,France,FRA,0.056,24.68,1042.1,211.12,7409.7,inland_waterway,1716.8,5.928,cardboard,13217.4,0.89,0.031,49.1006,567.9056,11763.486,315.4716,12054.0644
1517,SYNTHETIC,3,Automotive Manufacturing,United States,USA,0.386,27.89,1551.01,1818.87,6475.8,sea_bulk,50.0,5.181,rubber,3879.61,3.85,0.012,440.3731,4892.7536,14936.5064,3.1084,20368.2861
1430,SYNTHETIC,3,Construction Materials,South Korea,KOR,0.435,58.19,2800.79,0.0,7933.1,air_freight,1267.4,6.346,glass,4459.3,0.85,0.602,541.9798,0.0,3790.4046,4842.2669,9347.7094
865,SYNTHETIC,2,Textiles & Apparel,India,IND,0.7082,36.56,885.92,0.0,2830.1,inland_waterway,3164.1,2.264,cotton_fabric,1661.04,8.0,0.031,404.4848,0.0,13288.3025,222.0714,13443.7332
422,SYNTHETIC,1,Agricultural Commodities,South Korea,KOR,0.435,58.36,767.89,0.0,6333.4,sea_container,1127.4,5.067,wood_timber,10686.2,0.46,0.016,148.0677,0.0,4915.6532,91.3952,5318.6418
637,SYNTHETIC,2,Construction Materials,Saudi Arabia,SAU,0.74,41.99,2797.49,0.0,5843.4,sea_bulk,420.6,4.675,steel,5766.06,1.85,0.012,1224.4604,0.0,10667.2173,23.5932,11744.4587
1407,SYNTHETIC,3,Mining & Raw Materials,Mexico,MEX,0.42,37.84,1125.78,3039.5,2008.7,road_diesel,66.0,1.607,chemicals_general,1701.0,2.2,0.1033,302.4078,8176.2671,3742.189,10.9574,12853.6159
800,SYNTHETIC,2,Renewable Energy Components,Vietnam,VNM,0.59,12.22,2798.44,0.0,9780.0,sea_bulk,4933.4,7.824,steel,17014.01,1.85,0.012,1456.1009,0.0,31475.9226,463.1841,33419.6848
1404,SYNTHETIC,3,Automotive Manufacturing,Australia,AUS,0.66,40.05,2252.62,0.0,6610.2,road_diesel,4038.1,5.288,rubber,9081.36,3.85,0.1033,909.3711,0.0,34963.2538,2205.8579,37120.4385
616,SYNTHETIC,2,Construction Materials,Turkey,TUR,0.445,42.02,4316.07,2145.26,2728.1,inland_waterway,6268.5,2.182,wood_timber,3300.75,0.46,0.031,1149.8915,5770.7387,1518.3459,424.1062,8627.9565
295,SYNTHETIC,1,Mining & Raw Materials,India,IND,0.7082,60.68,5690.35,748.69,1853.7,sea_bulk,703.8,1.483,chemicals_general,1092.06,2.2,0.012,1653.5844,2013.9766,2402.5302,12.524,6055.9575
924,SYNTHETIC,2,Construction Materials,South Korea,KOR,0.435,48.54,1253.84,321.1,5227.0,air_freight,4018.3,4.182,glass,6099.47,0.85,0.602,292.8511,863.7584,5184.5487,10115.3998,17017.4919
1269,SYNTHETIC,2,Plastics Manufacturing,United Kingdom,GBR,0.207,49.63,1270.98,2143.08,3739.2,road_electric,2247.1,2.991,plastic_pp,5041.74,1.65,0.021,145.1359,5764.8982,8318.8704,141.158,13942.6964
1903,SYNTHETIC,3,Automotive Manufacturing,Saudi Arabia,SAU,0.74,15.12,2067.5,1608.57,1322.0,road_electric,2136.8,1.058,rubber,1913.18,3.85,0.021,1304.804,4327.0501,7365.755,47.4562,13091.9376
89,SYNTHETIC,1,Electronics Assembly,Turkey,TUR,0.445,,921.51,0.0,5462.1,inland_waterway,132.0,4.37,copper,3235.35,3.17,0.031,392.5053,0.0,10256.0565,17.8791,11485.6507
42,SYNTHETIC,1,Agricultural Commodities,Saudi Arabia,SAU,0.74,36.81,434.55,1096.48,5806.8,rail_freight,1174.5,4.645,cotton_fabric,8112.53,8.0,0.028,206.3876,2949.5263,64900.2218,152.7687,68390.7623
1802,SYNTHETIC,3,Renewable Energy Components,France,FRA,0.056,30.7,2221.74,,6557.2,sea_bulk,298.4,5.246,copper,7136.79,3.17,0.012,99.8602,0.0,22623.6086,18.7814,22228.6944
1934,SYNTHETIC,3,Chemical Processing,Vietnam,VNM,0.59,30.61,4950.31,0.0,4064.6,sea_bulk,1645.7,3.252,plastic_pp,7007.53,1.65,0.012,2057.0832,0.0,11562.4212,64.2151,12999.1631
132,SYNTHETIC,1,Construction Materials,South Africa,ZAF,0.89,21.88,1819.37,0.0,7967.6,air_freight,2633.4,6.374,concrete,14759.54,0.13,0.602,1272.9543,0.0,1918.74,10104.7566,13417.1702
1002,SYNTHETIC,2,Packaging Materials,Saudi Arabia,SAU,0.74,12.99,1465.33,0.0,3019.0,road_diesel,864.3,2.415,cardboard,5387.9,0.89,0.1033,947.2864,0.0,4795.2316,215.6323,6181.8045
1158,SYNTHETIC,2,Plastics Manufacturing,China,CHN,0.581,10.44,1449.99,19.03,6521.5,rail_freight,1086.5,5.217,plastic_pet,5594.19,3.1,0.028,757.5611,51.181,17341.9967,158.7173,18159.157
1095,SYNTHETIC,2,Steel & Metals,India,IND,0.7082,20.96,4532.45,254.55,10700.7,rail_freight,302.7,8.561,steel,10381.34,1.85,0.028,2556.1594,684.7322,19205.4701,72.5646,22292.0852
1855,SYNTHETIC,3,Electronics Assembly,United States,USA,0.386,32.98,610.52,0.0,5003.8,air_freight,869.5,4.003,aluminium,5495.84,8.24,0.602,161.9612,0.0,45285.6846,2095.2245,47472.8073
1345,SYNTHETIC,2,Textiles & Apparel,China,CHN,0.581,18.95,922.93,0.0,6167.7,sea_container,561.2,4.934,plastic_pet,11370.55,3.1,0.016,438.1164,0.0,35248.6928,44.3087,35358.6208
1499,SYNTHETIC,3,Automotive Manufacturing,Australia,AUS,0.66,43.94,1976.72,315.22,2636.3,road_diesel,5126.8,2.109,aluminium,3806.76,8.24,0.1033,748.6999,847.9543,31367.72,1116.9545,33933.5985
165,SYNTHETIC,1,Electronics Assembly,India,IND,0.7082,27.03,907.66,0.0,9498.2,sea_container,342.7,7.599,aluminium,15472.56,8.24,0.016,473.9723,0.0,127493.9057,41.663,130147.8923
725,SYNTHETIC,2,Agricultural Commodities,China,CHN,0.581,12.38,552.81,0.0,5444.4,rail_freight,4829.4,4.356,cotton_fabric,5923.72,8.0,0.028,282.8024,0.0,47389.7669,588.9773,47550.611
291,SYNTHETIC,1,Semiconductor Fabrication,Turkey,TUR,0.445,16.92,5622.31,0.0,850.6,sea_bulk,4408.7,0.68,aluminium,570.77,8.24,0.012,2097.7219,0.0,4703.1803,36.0012,6699.8774
1209,SYNTHETIC,2,Renewable Energy Components,Saudi Arabia,SAU,0.74,47.48,1669.08,0.0,2154.4,air_freight,1640.0,1.724,copper,2752.56,3.17,0.602,664.4915,0.0,8725.6036,1701.5355,10662.853
1589,SYNTHETIC,3,Agricultural Commodities,India,IND,0.7082,5.62,50.0,0.0,5809.1,air_freight,2551.4,4.647,wood_timber,6362.89,0.46,0.602,33.4767,0.0,2926.9282,7137.8325,9492.3472
1897,SYNTHETIC,3,Steel & Metals,China,CHN,0.581,40.39,4610.17,812.61,4914.5,sea_bulk,1355.8,3.932,steel,5154.58,1.85,0.012,1633.9309,2185.9152,9535.9682,63.9658,13484.1287
1642,SYNTHETIC,3,Pharmaceutical Manufacturing,United States,USA,0.386,2.86,4918.39,0.0,5638.3,air_freight,986.9,4.511,chemicals_general,8320.37,2.2,0.602,1847.0248,0.0,18304.8188,2679.7571,22458.393
1362,SYNTHETIC,2,Pharmaceutical Manufacturing,South Africa,ZAF,0.89,9.59,3199.26,0.0,4746.6,road_diesel,69.7,3.797,plastic_pet,6191.85,3.1,0.1033,2580.3803,0.0,19194.7258,27.3308,21185.4871
779,SYNTHETIC,2,Semiconductor Fabrication,Saudi Arabia,SAU,0.74,33.68,6732.74,0.0,2627.6,road_diesel,,2.102,copper,682.7,3.17,0.1033,3349.4181,0.0,2164.1639,314.8808,6120.9703
840,SYNTHETIC,2,Food Processing,Japan,JPN,0.47,10.43,1296.72,0.0,10681.3,road_diesel,7180.6,8.545,plastic_pet,14105.38,3.1,0.1033,548.5887,0.0,43726.6842,6338.3656,50201.5346
349,SYNTHETIC,1,Chemical Processing,United Kingdom,GBR,0.207,44.91,4704.56,432.57,4143.6,sea_bulk,6971.1,3.315,glass,5414.35,0.85,0.012,578.7483,1163.614,4602.197,277.3009,6441.6778
1945,SYNTHETIC,3,Plastics Manufacturing,Germany,DEU,0.385,23.71,2035.54,0.0,4194.8,rail_freight,677.1,3.356,chemicals_general,5170.81,2.2,0.028,607.4909,0.0,11375.7834,63.6225,12189.4876
572,SYNTHETIC,1,Electronics Assembly,Brazil,BRA,0.08,17.86,904.3,0.0,3232.7,rail_freight,843.2,2.586,copper,3656.45,3.17,0.028,62.6519,0.0,11590.935,61.0561,11236.6663
918,SYNTHETIC,2,Food Processing,Mexico,MEX,0.42,51.86,819.72,0.0,470.0,inland_waterway,1829.1,0.376,plastic_pet,100.0,3.1,0.031,174.2405,0.0,310.0,21.3217,503.4846
977,SYNTHETIC,2,Textiles & Apparel,Germany,DEU,0.385,21.93,541.39,0.0,4198.0,inland_waterway,7732.7,3.358,cotton_fabric,3889.32,8.0,0.031,165.0993,0.0,31114.5464,805.0596,32075.8893
1914,SYNTHETIC,3,Construction Materials,South Africa,ZAF,0.89,39.22,4115.79,0.0,3425.4,inland_waterway,7852.9,2.74,wood_timber,3772.45,0.46,0.031,2258.5753,0.0,1735.3281,667.1147,4603.5568
1469,SYNTHETIC,3,Chemical Processing,Vietnam,VNM,0.59,,5213.42,386.96,5180.9,road_electric,50.0,4.145,glass,1918.41,0.85,0.021,2032.1184,1040.9224,1630.6483,4.3519,4836.0251
1592,SYNTHETIC,3,Renewable Energy Components,United States,USA,0.386,18.65,3741.58,0.0,2292.9,road_diesel,50.0,1.834,lithium_battery,3273.15,75.0,0.1033,1188.9124,0.0,245486.5502,9.4743,254196.8407
1318,SYNTHETIC,2,Packaging Materials,Australia,AUS,0.66,38.4,1146.41,0.0,5840.7,air_freight,2960.6,4.673,plastic_pet,8345.99,3.1,0.602,474.8803,0.0,25872.5645,8327.7225,33407.9534
1845,SYNTHETIC,3,Plastics Manufacturing,Saudi Arabia,SAU,0.74,42.38,1633.71,273.65,5180.2,inland_waterway,166.7,4.144,chemicals_general,5224.37,2.2,0.031,710.4756,736.118,11493.6149,21.4183,11879.1821
137,SYNTHETIC,1,Mining & Raw Materials,Turkey,TUR,0.445,31.01,6205.75,2094.22,4368.3,rail_freight,1663.2,3.495,chemicals_general,3924.53,2.2,0.028,1943.6498,5633.4392,8633.9656,162.7441,16235.9272
459,SYNTHETIC,1,Mining & Raw Materials,United Kingdom,GBR,0.207,11.91,4457.58,1486.29,4802.3,sea_container,101.9,3.842,steel,4762.25,1.85,0.016,823.4074,3998.1092,8810.1698,6.2609,12991.2014
376,SYNTHETIC,1,Construction Materials,Japan,JPN,0.47,8.25,2920.87,0.0,7925.5,sea_container,1806.2,6.34,wood_timber,9762.94,0.46,0.016,1264.4062,0.0,4490.9511,183.2366,6037.3035
1343,SYNTHETIC,2,Steel & Metals,Mexico,MEX,0.42,41.61,8698.89,575.56,4345.5,rail_freight,3354.9,3.476,steel,3861.12,1.85,0.028,2205.846,1548.2515,7143.0793,326.5623,11562.3229
334,SYNTHETIC,1,Textiles & Apparel,Brazil,BRA,0.08,16.03,610.98,0.0,3959.5,inland_waterway,3473.4,3.168,cotton_fabric,4038.68,8.0,0.031,43.0012,0.0,32309.4712,341.0781,33926.5707
1160,SYNTHETIC,2,Agricultural Commodities,South Africa,ZAF,0.89,20.8,521.36,2294.06,668.8,inland_waterway,1322.4,0.535,cotton_fabric,390.16,8.0,0.031,369.6423,6171.0107,3121.2999,21.9321,9711.0102
1761,SYNTHETIC,3,Chemical Processing,Vietnam,VNM,0.59,18.27,4313.93,1193.83,11362.6,road_electric,536.2,9.09,glass,19036.77,0.85,0.021,2095.9105,3211.4072,16181.2524,102.3558,21092.8492
1458,SYNTHETIC,3,Steel & Metals,China,CHN,0.581,29.34,434.08,315.65,4835.7,air_freight,2592.9,3.869,aluminium,5634.24,8.24,0.602,180.7526,849.093,46426.1751,6038.4072,54136.0079
817,SYNTHETIC,2,Mining & Raw Materials,Japan,JPN,0.47,40.45,5664.34,581.75,6450.2,road_electric,104.1,5.16,steel,8239.33,1.85,0.021,1631.293,1564.9178,15242.7607,11.2806,19175.2724
1115,SYNTHETIC,2,Semiconductor Fabrication,Australia,AUS,0.66,48.17,4015.01,0.0,6070.8,road_electric,3714.0,4.857,chemicals_general,8728.41,2.2,0.021,1412.0649,0.0,19202.4914,378.7935,20646.3358
1006,SYNTHETIC,2,Steel & Metals,France,FRA,0.056,55.06,8383.86,296.67,4310.4,road_diesel,7163.9,3.448,aluminium,4650.49,8.24,0.1033,303.3178,798.0294,38320.0023,2551.8639,42628.7497
1857,SYNTHETIC,3,Construction Materials,Brazil,BRA,0.08,53.73,2741.67,1618.92,5697.2,road_diesel,,4.558,concrete,7304.19,0.13,0.1033,130.948,4354.8959,949.5453,115.1682,5350.4817
1955,SYNTHETIC,3,Electronics Assembly,United States,USA,0.386,27.77,886.99,0.0,6378.5,road_electric,1244.1,5.103,copper,7324.8,3.17,0.021,252.2111,0.0,23219.6242,133.3121,22063.6513
1851,SYNTHETIC,3,Agricultural Commodities,United Kingdom,GBR,0.207,34.05,606.6,,2506.8,road_diesel,2350.2,2.005,wood_timber,2840.54,0.46,0.1033,86.9438,6141.6127,1306.6469,486.8724,8182.8979
911,SYNTHETIC,2,Logistics & Freight,Germany,DEU,0.385,23.9,444.28,386.08,3849.2,road_diesel,2223.6,3.079,cardboard,5100.06,0.89,0.1033,132.2929,1038.5582,4539.0536,707.3373,6235.4811
1930,SYNTHETIC,3,Textiles & Apparel,United States,USA,0.386,20.75,942.85,0.0,4983.5,air_freight,62.9,3.987,plastic_pet,4944.84,3.1,0.602,292.3201,0.0,15328.9905,150.891,16544.356
1126,SYNTHETIC,2,Food Processing,Vietnam,VNM,0.59,31.94,981.12,0.0,2144.7,rail_freight,793.9,1.716,plastic_pet,1500.14,3.1,0.028,400.2567,0.0,4650.4209,38.1414,5027.7341
329,SYNTHETIC,1,Textiles & Apparel,Vietnam,VNM,0.59,,1154.41,0.0,2244.3,inland_waterway,718.1,1.795,cotton_fabric,3059.93,8.0,0.031,404.3639,0.0,24479.4683,39.968,24693.6476
1248,SYNTHETIC,2,Packaging Materials,Turkey,TUR,0.445,19.4,1079.88,0.0,966.7,inland_waterway,88.4,0.773,plastic_pet,1153.05,3.1,0.031,391.4942,0.0,3574.4542,2.1192,3684.7698
319,SYNTHETIC,1,Textiles & Apparel,Saudi Arabia,SAU,0.74,22.13,972.43,0.0,5721.6,sea_bulk,161.1,4.577,cotton_fabric,9595.17,8.0,0.012,564.6355,0.0,76761.3898,8.8469,77056.203
1690,SYNTHETIC,3,Food Processing,South Korea,KOR,0.435,43.58,1677.51,0.0,6857.3,road_diesel,13261.5,5.486,plastic_pet,4787.37,3.1,0.1033,426.3234,0.0,14840.8434,7515.0519,23133.2986
1359,SYNTHETIC,2,Mining & Raw Materials,Vietnam,VNM,0.59,59.75,8940.87,21.64,11450.7,road_diesel,1567.8,9.161,chemicals_general,16791.76,2.2,0.1033,2230.1688,58.2243,36941.8745,1483.5891,42029.5198
1733,SYNTHETIC,3,Renewable Energy Components,Brazil,BRA,0.08,24.91,1860.4,0.0,6166.0,rail_freight,397.1,4.933,lithium_battery,2567.07,75.0,0.028,121.0273,0.0,192530.4103,54.8497,198191.8563
168,SYNTHETIC,1,Logistics & Freight,France,FRA,0.056,35.63,385.84,1035.64,1757.9,road_diesel,4256.4,1.406,plastic_pp,2049.11,1.65,0.1033,16.6577,2785.8799,3381.0262,618.35,6808.1332
13,SYNTHETIC,1,Electronics Assembly,India,IND,0.7082,20.77,785.11,0.0,5643.9,road_electric,838.1,4.515,plastic_pet,2440.93,3.1,0.021,443.7765,0.0,7566.8782,79.4685,8083.6883
1927,SYNTHETIC,3,Pharmaceutical Manufacturing,Turkey,TUR,0.445,3.0,3660.85,0.0,8441.3,road_diesel,1613.2,6.753,glass,6869.89,0.85,0.1033,1582.4767,0.0,5839.4031,1125.3497,8396.0674
172,SYNTHETIC,1,Steel & Metals,Vietnam,VNM,0.59,43.57,7444.76,4487.0,2234.2,sea_bulk,1148.4,1.787,steel,2347.88,1.85,0.012,2543.4211,12070.0219,4343.5734,24.6313,19965.0664
650,SYNTHETIC,2,Packaging Materials,South Africa,ZAF,0.89,20.21,997.23,0.0,6271.6,road_diesel,6794.8,5.017,glass,7645.95,0.85,0.1033,712.2098,0.0,6499.0582,3521.655,10547.2643
1062,SYNTHETIC,2,Electronics Assembly,Saudi Arabia,SAU,0.74,38.8,532.0,0.0,3813.8,inland_waterway,4567.8,3.051,aluminium,6683.15,8.24,0.031,245.0698,0.0,55069.1176,432.0266,55804.9853
261,SYNTHETIC,1,Semiconductor Fabrication,United States,USA,0.386,57.31,7982.41,0.0,5081.4,inland_waterway,7512.4,4.065,chemicals_general,7492.72,2.2,0.031,1406.8338,0.0,16483.9859,946.7097,17967.0956
1367,SYNTHETIC,2,Food Processing,France,FRA,0.056,0.81,813.61,0.0,5103.0,inland_waterway,714.4,4.082,cardboard,4465.83,0.89,0.031,45.3241,0.0,3974.5866,90.4078,4253.1779
1549,SYNTHETIC,3,Electronics Assembly,France,FRA,0.056,22.36,682.28,0.0,4638.3,sea_container,1201.1,3.711,chemicals_general,8567.52,2.2,0.016,32.7158,0.0,18848.5433,71.31,18983.9591
902,SYNTHETIC,2,Chemical Processing,South Korea,KOR,0.435,5.0,5255.57,277.82,264.0,sea_container,1592.4,0.211,plastic_pp,112.44,1.65,0.016,2177.0158,747.3378,185.522,5.3821,3063.9345
673,SYNTHETIC,2,Logistics & Freight,United States,USA,0.386,39.07,441.24,5453.38,7453.8,inland_waterway,637.9,5.963,cardboard,4535.58,0.89,0.031,107.2286,14669.596,4036.6627,117.9188,19881.1564
259,SYNTHETIC,1,Plastics Manufacturing,Mexico,MEX,0.42,30.55,1620.83,0.0,3783.6,rail_freight,1268.1,3.027,chemicals_general,3560.26,2.2,0.028,482.6878,0.0,7832.5666,107.4705,8083.0918
845,SYNTHETIC,2,Mining & Raw Materials,South Africa,ZAF,0.89,,7669.21,1147.52,227.0,air_freight,150.2,0.182,chemicals_general,285.63,2.2,0.602,6016.6934,3086.8377,628.3925,16.4169,9857.8458
868,SYNTHETIC,2,Plastics Manufacturing,Australia,AUS,0.66,37.28,1388.57,962.41,6656.3,road_diesel,275.6,5.325,chemicals_general,8975.17,2.2,0.1033,585.1656,2588.8923,19745.3655,151.5876,22909.5449
1800,SYNTHETIC,3,Mining & Raw Materials,South Africa,ZAF,0.89,37.79,3744.96,428.2,10243.9,sea_container,83.5,8.195,copper,15397.57,3.17,0.016,2101.7899,1151.8566,48810.2818,10.9535,51443.2996
139,SYNTHETIC,1,Agricultural Commodities,Japan,JPN,0.47,25.71,644.46,90.42,9616.6,road_electric,,7.693,cotton_fabric,5412.23,8.0,0.021,228.3201,243.2425,43297.8207,1330.7813,45696.129
894,SYNTHETIC,2,Packaging Materials,Turkey,TUR,0.445,,1772.35,0.0,7440.9,rail_freight,2847.2,5.953,glass,9801.35,0.85,0.028,377.4908,0.0,8331.148,474.5567,9034.9857
1838,SYNTHETIC,3,Renewable Energy Components,Germany,DEU,0.385,28.77,2152.28,0.0,6939.7,road_electric,107.3,5.552,lithium_battery,11724.24,75.0,0.021,602.5989,0.0,879318.0897,12.5118,957827.4764
550,SYNTHETIC,1,Packaging Materials,India,IND,0.7082,34.3,1522.94,0.0,5750.1,sea_bulk,1086.7,4.6,glass,6330.33,0.85,0.012,719.0423,0.0,5380.777,59.9875,5986.1552
320,SYNTHETIC,1,Food Processing,Germany,DEU,0.385,20.32,901.37,0.0,4485.4,inland_waterway,781.9,3.588,cardboard,5065.26,0.89,0.031,280.184,0.0,4508.085,86.9713,4648.7437
1527,SYNTHETIC,3,Packaging Materials,Germany,DEU,0.385,41.61,1952.05,0.0,4734.5,inland_waterway,3367.0,3.788,plastic_pet,6740.68,3.1,0.031,455.1022,0.0,20896.0966,395.3392,22402.4089
1806,SYNTHETIC,3,Electronics Assembly,United Kingdom,GBR,0.207,7.41,793.61,0.0,2005.8,road_diesel,451.5,1.605,plastic_pet,3555.86,3.1,0.1033,153.2798,0.0,11023.1646,74.842,11715.5938
1178,SYNTHETIC,2,Semiconductor Fabrication,Japan,JPN,0.47,27.48,13969.52,0.0,6066.6,sea_bulk,4396.0,4.853,copper,12258.43,3.17,0.012,4838.2503,0.0,38859.23,256.0217,42829.5651
559,SYNTHETIC,1,Logistics & Freight,United States,USA,0.386,12.05,641.43,2020.98,3070.6,road_diesel,7384.4,2.456,cardboard,2833.14,0.89,0.1033,219.3019,5436.4457,2521.495,1873.8038,10127.7383
140,SYNTHETIC,1,Food Processing,France,FRA,0.056,48.24,1255.69,0.0,6179.9,inland_waterway,5389.9,4.944,cardboard,10397.45,0.89,0.031,48.5112,0.0,9253.7292,826.0596,10244.9694
1735,SYNTHETIC,3,Food Processing,France,FRA,0.056,8.14,566.25,0.0,6986.6,rail_freight,8416.3,5.589,cardboard,3498.7,0.89,0.028,30.0508,0.0,3113.845,1317.1554,4686.6569
532,SYNTHETIC,1,Packaging Materials,South Korea,KOR,0.435,16.14,842.91,0.0,4023.2,rail_freight,1558.8,3.219,plastic_pet,4772.2,3.1,0.028,310.2228,0.0,14793.8294,140.4735,15373.4572
225,SYNTHETIC,1,Textiles & Apparel,South Korea,KOR,0.435,15.05,815.63,0.0,9895.9,inland_waterway,100.6,7.917,plastic_pet,6824.86,3.1,0.031,303.846,0.0,21157.0526,24.7008,23190.0584
724,SYNTHETIC,2,Semiconductor Fabrication,Germany,DEU,0.385,45.1,5468.19,0.0,3771.1,rail_freight,1858.1,3.017,chemicals_general,3745.68,2.2,0.028,1205.1182,0.0,8240.5019,156.9615,9780.911
787,SYNTHETIC,2,Logistics & Freight,United Kingdom,GBR,0.207,18.62,393.17,1120.85,100.0,rail_freight,5019.7,0.08,cardboard,100.0,0.89,0.028,67.6953,3015.0973,89.0,11.2441,3056.7643
1718,SYNTHETIC,3,Steel & Metals,India,IND,0.7082,35.34,2051.98,504.38,4437.7,road_electric,1401.7,3.55,aluminium,4137.46,8.24,0.021,954.1318,1356.7701,34092.6635,104.4991,37105.157
1008,SYNTHETIC,2,Construction Materials,France,FRA,0.056,6.45,3124.17,646.87,6918.3,rail_freight,2292.1,5.535,glass,8739.8,0.85,0.028,167.7044,1740.0775,7428.8262,355.2039,9703.0959
410,SYNTHETIC,1,Agricultural Commodities,Mexico,MEX,0.42,24.62,233.04,709.37,6306.4,road_electric,,5.045,cardboard,12411.93,0.89,0.021,74.9306,1908.2034,11046.6192,22.539,12573.4447
326,SYNTHETIC,1,Semiconductor Fabrication,Saudi Arabia,SAU,0.74,9.05,8250.4,0.0,4391.5,air_freight,1681.5,3.513,aluminium,8614.68,8.24,0.602,5567.4465,0.0,70985.0036,3556.3596,84016.4187
1766,SYNTHETIC,3,Semiconductor Fabrication,Mexico,MEX,0.42,,6499.65,0.0,6378.2,road_diesel,1342.9,5.103,copper,10417.89,3.17,0.1033,1511.3008,0.0,33024.7123,707.852,36642.6659
300,SYNTHETIC,1,Packaging Materials,Germany,DEU,0.385,47.67,1079.98,0.0,8575.4,sea_container,1226.8,6.86,plastic_pet,10072.57,3.1,0.016,227.8864,0.0,31224.96,134.6649,31326.2489
1263,SYNTHETIC,2,Automotive Manufacturing,India,IND,0.7082,15.85,1847.19,0.0,8638.5,sea_container,3906.6,6.911,aluminium,9721.52,8.24,0.016,1106.672,0.0,80105.3128,431.9603,86961.8876
1946,SYNTHETIC,3,Agricultural Commodities,South Africa,ZAF,0.89,,360.91,,5556.2,rail_freight,3551.7,4.445,cotton_fabric,8055.56,8.0,0.028,226.5623,0.0,64444.4873,442.033,65069.4559
26,SYNTHETIC,1,Packaging Materials,China,CHN,0.581,47.35,1748.77,0.0,5059.8,air_freight,2624.3,4.048,plastic_pet,8980.91,3.1,0.602,551.5056,0.0,27840.8106,6394.9251,34794.8663
1859,SYNTHETIC,3,Logistics & Freight,Mexico,MEX,0.42,64.33,350.52,533.72,3668.0,road_diesel,714.9,2.934,plastic_pp,4818.29,1.65,0.1033,57.0271,1435.7003,7950.1772,216.7124,9811.9142
715,SYNTHETIC,2,Food Processing,India,IND,0.7082,14.67,1602.64,0.0,764.4,sea_bulk,1782.1,0.611,glass,743.05,0.85,0.012,973.2426,0.0,631.5927,13.0771,1600.5444
1010,SYNTHETIC,2,Agricultural Commodities,France,FRA,0.056,10.85,703.28,109.78,9044.3,road_diesel,770.3,7.235,wood_timber,6348.91,0.46,0.1033,36.6366,295.3181,2920.4978,575.7583,3772.3177
194,SYNTHETIC,1,Pharmaceutical Manufacturing,Japan,JPN,0.47,11.99,3780.63,0.0,9519.7,road_electric,4309.8,7.616,glass,10267.32,0.85,0.021,1572.8653,0.0,8727.2245,689.2753,10344.7477
441,SYNTHETIC,1,Electronics Assembly,Brazil,BRA,0.08,48.43,898.73,0.0,3688.3,rail_freight,64.2,2.951,copper,6338.14,3.17,0.028,45.7831,0.0,20091.9144,5.3032,19473.9568
574,SYNTHETIC,1,Steel & Metals,United States,USA,0.386,18.18,6988.36,0.0,5107.0,road_electric,2799.2,4.086,aluminium,7490.28,8.24,0.021,2232.4836,0.0,61719.9439,240.1587,64072.002
947,SYNTHETIC,2,Automotive Manufacturing,Germany,DEU,0.385,21.63,2668.9,283.11,11149.7,road_electric,1412.9,8.92,aluminium,17960.11,8.24,0.021,816.8471,761.5525,147991.298,264.6585,146998.7964
998,SYNTHETIC,2,Chemical Processing,Brazil,BRA,0.08,20.86,4833.02,27.18,7052.5,inland_waterway,238.8,5.642,glass,9366.19,0.85,0.031,326.1516,73.1113,7961.2615,41.7589,8367.4133
504,SYNTHETIC,1,Agricultural Commodities,South Korea,KOR,0.435,28.17,574.97,32.61,8302.7,sea_container,1124.7,6.642,wood_timber,12775.73,0.46,0.016,182.8982,87.7323,5876.8372,119.5256,6368.6893
606,SYNTHETIC,2,Construction Materials,Mexico,MEX,0.42,50.07,2647.16,460.69,2946.3,air_freight,3699.0,2.357,glass,2641.09,0.85,0.602,581.603,1239.2608,2244.9239,5248.573,9040.8703
1717,SYNTHETIC,3,Construction Materials,South Africa,ZAF,0.89,18.48,2998.79,1482.14,4984.0,sea_bulk,5713.6,3.987,concrete,7389.69,0.13,0.012,2186.7976,3986.9668,960.6599,273.3738,7271.3578
1164,SYNTHETIC,2,Steel & Metals,Japan,JPN,0.47,45.24,5939.81,70.15,2460.6,air_freight,7679.2,1.968,copper,1695.75,3.17,0.602,1582.4348,188.7006,5375.5311,9099.9637,15718.6854
1787,SYNTHETIC,3,Mining & Raw Materials,South Korea,KOR,0.435,11.04,6843.3,358.39,7281.9,sea_bulk,1972.9,5.825,steel,11362.03,1.85,0.012,2663.3744,964.08,21019.753,137.9189,25673.0398
847,SYNTHETIC,2,Semiconductor Fabrication,France,FRA,0.056,70.66,17191.0,0.0,4137.2,road_electric,,3.31,chemicals_general,5858.37,2.2,0.021,525.3974,0.0,12888.4174,284.5802,13855.1126
4,SYNTHETIC,1,Food Processing,China,CHN,0.581,12.52,1135.3,0.0,2446.1,inland_waterway,6001.1,1.957,cardboard,2413.2,0.89,0.031,579.8733,0.0,2147.7444,364.0467,3091.1517
1287,SYNTHETIC,2,Steel & Metals,Australia,AUS,0.66,16.6,8831.49,0.0,8415.5,air_freight,2753.6,6.732,copper,13535.48,3.17,0.602,4890.6615,0.0,42907.4748,11160.1071,62266.0461
1223,SYNTHETIC,2,Logistics & Freight,Brazil,BRA,0.08,29.03,311.47,408.18,6576.4,road_diesel,238.2,5.261,plastic_pp,9438.81,1.65,0.1033,19.4919,1098.0005,15574.0304,129.4804,16464.4945
468,SYNTHETIC,1,Textiles & Apparel,China,CHN,0.581,22.34,1075.22,0.0,5417.6,inland_waterway,805.9,4.334,plastic_pet,7711.73,3.1,0.031,489.9739,0.0,23906.3574,108.2796,24376.5862
322,SYNTHETIC,1,Electronics Assembly,South Africa,ZAF,0.89,,769.98,0.0,204.8,inland_waterway,368.8,0.164,chemicals_general,356.43,2.2,0.031,561.9572,0.0,784.1523,1.8726,1359.3936
6,SYNTHETIC,1,Food Processing,China,CHN,0.581,27.33,1622.85,0.0,3848.4,air_freight,379.7,3.079,cardboard,5147.04,0.89,0.602,694.039,0.0,4580.8624,703.8166,5662.4964
223,SYNTHETIC,1,Automotive Manufacturing,Saudi Arabia,SAU,0.74,42.86,2936.63,288.01,4452.1,sea_bulk,148.4,3.562,aluminium,3939.61,8.24,0.012,1266.9889,774.7495,32462.4028,6.3444,33867.713
1375,SYNTHETIC,2,Construction Materials,South Korea,KOR,0.435,14.18,3389.57,1007.96,860.2,inland_waterway,15396.4,0.688,glass,1145.4,0.85,0.031,1274.9865,2711.4066,973.5911,328.4499,5449.8685
548,SYNTHETIC,1,Logistics & Freight,France,FRA,0.056,32.65,472.93,641.86,3698.5,air_freight,1102.3,2.959,cardboard,1554.31,0.89,0.602,20.9259,1726.5931,1383.3319,1963.4433,5171.7816
229,SYNTHETIC,1,Mining & Raw Materials,South Africa,ZAF,0.89,26.85,5144.79,0.0,8729.8,rail_freight,4809.7,6.984,steel,9947.52,1.85,0.028,3377.0966,0.0,18402.9209,940.5288,23515.1788
40,SYNTHETIC,1,Chemical Processing,United Kingdom,GBR,0.207,23.89,4744.59,1380.15,3916.7,inland_waterway,221.6,3.133,chemicals_general,3962.12,2.2,0.031,770.2046,3712.6,8716.6545,21.5285,13313.0254
543,SYNTHETIC,1,Agricultural Commodities,Vietnam,VNM,0.59,26.99,566.98,1535.41,2284.7,road_electric,4847.5,1.828,cardboard,1986.29,0.89,0.021,247.2876,4130.2518,1767.7987,186.061,6442.455
243,SYNTHETIC,1,Packaging Materials,Turkey,TUR,0.445,53.94,1196.74,0.0,4476.4,road_diesel,,3.581,plastic_pet,5107.03,3.1,0.1033,258.1932,0.0,15831.8074,1349.4533,18085.6494
899,SYNTHETIC,2,Plastics Manufacturing,Germany,DEU,0.385,75.48,1544.21,343.98,3283.4,inland_waterway,2748.3,2.627,chemicals_general,5069.74,2.2,0.031,169.0842,925.3045,11153.4177,223.788,12774.7514
1134,SYNTHETIC,2,Electronics Assembly,Vietnam,VNM,0.59,42.65,962.73,0.0,4422.1,air_freight,153.4,3.538,copper,6587.1,3.17,0.602,333.9639,0.0,20881.1121,326.7541,22122.7507
1449,SYNTHETIC,3,Electronics Assembly,United Kingdom,GBR,0.207,47.1,763.2,0.0,2212.3,road_electric,881.3,1.77,aluminium,3102.1,8.24,0.021,90.7593,0.0,25561.342,32.7537,26172.4706
1869,SYNTHETIC,3,Logistics & Freight,Japan,JPN,0.47,29.9,259.27,125.24,8245.9,air_freight,272.4,6.597,cardboard,11073.08,0.89,0.602,86.9693,336.8896,9855.0389,1081.6003,11055.1458
843,SYNTHETIC,2,Automotive Manufacturing,Vietnam,VNM,0.59,8.62,1433.04,0.0,4422.4,inland_waterway,7131.3,3.538,rubber,4799.48,3.85,0.031,775.0526,0.0,18477.9968,782.1189,19578.563
1419,SYNTHETIC,3,Automotive Manufacturing,Mexico,MEX,0.42,47.08,1390.21,81.35,3257.1,road_electric,9741.8,2.606,rubber,4311.43,3.85,0.021,322.0984,218.8351,16599.016,533.062,17560.2294
1654,SYNTHETIC,3,Packaging Materials,Australia,AUS,0.66,29.44,1138.96,0.0,1830.5,sea_container,4153.5,1.464,plastic_pet,3893.55,3.1,0.016,537.1017,0.0,12069.9932,97.3196,12716.0266
1970,SYNTHETIC,3,Pharmaceutical Manufacturing,South Korea,KOR,0.435,47.49,4354.37,0.0,4651.2,road_electric,589.1,3.721,glass,6979.33,0.85,0.021,1035.9616,0.0,5932.4299,46.0307,6827.9706
662,SYNTHETIC,2,Renewable Energy Components,United States,USA,0.386,47.86,2374.39,0.0,5683.8,road_electric,7207.9,4.547,lithium_battery,11590.95,75.0,0.021,500.5844,0.0,869321.4903,688.2649,912253.7423
1211,SYNTHETIC,2,Renewable Energy Components,Mexico,MEX,0.42,15.52,1819.72,,6403.6,air_freight,3985.3,5.123,aluminium,9642.12,8.24,0.602,651.3027,0.0,79451.079,12290.5339,93481.4823
315,SYNTHETIC,1,Logistics & Freight,Germany,DEU,0.385,40.85,530.14,135.88,1720.8,sea_container,494.2,1.377,cardboard,2912.18,0.89,0.016,125.0664,365.512,2591.8437,10.8845,3249.6746
692,SYNTHETIC,2,Electronics Assembly,Brazil,BRA,0.08,20.29,801.13,0.0,602.1,sea_bulk,2950.7,0.482,copper,930.14,3.17,0.012,54.3354,0.0,2948.549,17.0557,2898.2241
1504,SYNTHETIC,3,Chemical Processing,United Kingdom,GBR,0.207,16.36,3153.64,1075.85,5613.2,sea_container,1640.8,4.491,glass,6905.1,0.85,0.016,556.2956,2894.0367,5869.334,117.8897,9532.9679
425,SYNTHETIC,1,Agricultural Commodities,India,IND,0.7082,59.33,1061.58,119.14,13107.7,sea_container,2261.9,10.486,wood_timber,16855.63,0.46,0.016,318.3333,320.4999,7753.5918,379.5048,8624.0922
595,SYNTHETIC,1,Pharmaceutical Manufacturing,Mexico,MEX,0.42,20.49,5449.79,0.0,7500.3,rail_freight,4114.0,6.0,plastic_pet,3872.68,3.1,0.028,1842.1771,0.0,12005.2965,691.1901,15075.0335
1964,SYNTHETIC,3,Renewable Energy Components,Germany,DEU,0.385,49.85,1484.43,0.0,6984.1,road_diesel,1589.4,5.587,aluminium,8449.72,8.24,0.1033,301.3975,0.0,69625.6736,917.3526,71639.2086
623,SYNTHETIC,2,Chemical Processing,Japan,JPN,0.47,20.32,2880.27,2179.48,2184.4,road_diesel,124.2,1.748,plastic_pp,4166.24,1.65,0.1033,1090.3916,5862.7886,6874.3028,22.4196,13982.8473
1171,SYNTHETIC,2,Construction Materials,France,FRA,0.056,,3480.66,5055.03,4242.2,road_diesel,156.7,3.394,glass,4278.61,0.85,0.1033,152.5461,13598.0385,3636.8144,54.9477,17712.1767
1044,SYNTHETIC,2,Food Processing,Japan,JPN,0.47,27.48,987.44,0.0,1192.1,air_freight,4130.4,0.954,glass,1338.42,0.85,0.602,341.9925,0.0,1137.6534,2371.2657,3972.2523
228,SYNTHETIC,1,Semiconductor Fabrication,Australia,AUS,0.66,18.6,15789.87,0.0,8436.1,inland_waterway,5016.9,6.749,chemicals_general,9213.17,2.2,0.031,8542.1621,0.0,20268.9647,1049.6141,29811.5656
1118,SYNTHETIC,2,Agricultural Commodities,China,CHN,0.581,31.57,245.24,555.73,6758.1,road_electric,575.5,5.407,cotton_fabric,100.0,8.0,0.021,99.0547,1494.9059,800.0,65.3418,2406.354
1332,SYNTHETIC,2,Plastics Manufacturing,South Korea,KOR,0.435,29.44,2191.05,361.21,4796.3,sea_container,591.5,3.837,plastic_pp,8567.73,1.65,0.016,685.4486,971.649,14136.7606,36.3125,16349.0225
1316,SYNTHETIC,2,Textiles & Apparel,Mexico,MEX,0.42,47.43,1052.37,0.0,4120.8,inland_waterway,5412.0,3.297,plastic_pet,8041.06,3.1,0.031,242.3559,0.0,24927.2823,553.0947,25206.9729
67,SYNTHETIC,1,Mining & Raw Materials,Vietnam,VNM,0.59,21.88,4282.46,0.0,3979.8,road_electric,896.6,3.184,concrete,1225.26,0.13,0.021,1992.5028,0.0,159.2834,59.9483,2212.9566
25,SYNTHETIC,1,Mining & Raw Materials,United States,USA,0.386,38.8,5592.45,1080.03,7643.6,road_electric,1113.7,6.115,chemicals_general,12483.62,2.2,0.021,1364.5832,2905.2737,27463.9571,143.0162,32884.5863
145,SYNTHETIC,1,Packaging Materials,Vietnam,VNM,0.59,34.89,777.64,,5584.5,sea_container,1903.3,4.468,cardboard,7440.47,0.89,0.016,304.1579,0.0,6622.0213,136.0529,7238.8293
537,SYNTHETIC,1,Agricultural Commodities,Saudi Arabia,SAU,0.74,28.63,345.72,5.69,3792.7,road_diesel,2850.5,3.034,cotton_fabric,2659.02,8.0,0.1033,184.5687,15.316,21272.1207,893.4487,22168.1246
812,SYNTHETIC,2,Agricultural Commodities,India,IND,0.7082,22.25,706.99,182.24,1220.5,inland_waterway,877.7,0.976,wood_timber,1313.8,0.46,0.031,392.4397,490.228,604.3481,26.5665,1418.0186
1467,SYNTHETIC,3,Chemical Processing,South Africa,ZAF,0.89,56.76,5362.09,29.48,2482.6,road_electric,698.2,1.986,plastic_pp,3200.63,1.65,0.021,2124.31,79.3135,5281.0392,29.1192,7516.146
86,SYNTHETIC,1,Agricultural Commodities,United States,USA,0.386,37.5,639.17,256.23,5252.0,road_diesel,2019.6,4.202,wood_timber,4247.07,0.46,0.1033,158.9837,689.2454,1953.6521,876.5599,3792.0117
1661,SYNTHETIC,3,Electronics Assembly,United Kingdom,GBR,0.207,,463.59,0.0,6748.1,road_diesel,1174.8,5.398,plastic_pet,11650.22,3.1,0.1033,61.0359,0.0,36115.6857,655.1443,37688.3665
1646,SYNTHETIC,3,Textiles & Apparel,Vietnam,VNM,0.59,33.3,1009.1,0.0,4138.1,inland_waterway,1556.3,3.31,plastic_pet,4142.07,3.1,0.031,403.8566,0.0,12840.4214,159.7116,13226.9261
1805,SYNTHETIC,3,Pharmaceutical Manufacturing,South Korea,KOR,0.435,45.19,2130.25,0.0,6857.5,sea_container,2551.8,5.486,chemicals_general,6565.89,2.2,0.016,527.1773,0.0,14444.9488,223.9874,15993.803
1818,SYNTHETIC,3,Packaging Materials,China,CHN,0.581,12.52,896.28,0.0,3232.2,rail_freight,623.4,2.586,cardboard,4397.23,0.89,0.028,457.7719,0.0,3913.5314,45.1363,4549.9654
1577,SYNTHETIC,3,Textiles & Apparel,Germany,DEU,0.385,48.2,1063.21,0.0,4911.7,air_freight,199.6,3.929,cotton_fabric,5495.85,8.0,0.602,222.2771,0.0,43966.7846,472.1724,46785.7858
1145,SYNTHETIC,2,Construction Materials,Mexico,MEX,0.42,31.88,2837.39,816.47,7057.5,rail_freight,1393.1,5.646,steel,9948.33,1.85,0.028,829.8875,2196.3036,18404.4082,220.2252,21041.655
363,SYNTHETIC,1,Construction Materials,Germany,DEU,0.385,44.18,2647.3,249.77,4570.1,road_electric,2846.2,3.656,concrete,3373.92,0.13,0.021,592.3444,671.8824,438.6097,218.5277,1820.3872
1612,SYNTHETIC,3,Pharmaceutical Manufacturing,Japan,JPN,0.47,26.94,3729.78,0.0,6346.9,road_diesel,3794.7,5.078,glass,2591.28,0.85,0.1033,1300.8991,0.0,2202.5876,1990.3745,5383.7371
1866,SYNTHETIC,3,Textiles & Apparel,Germany,DEU,0.385,34.53,50.0,0.0,5880.1,air_freight,1490.7,4.704,plastic_pet,8456.8,3.1,0.602,12.9479,0.0,26216.0658,4221.3636,30831.385
1027,SYNTHETIC,2,Pharmaceutical Manufacturing,Australia,AUS,0.66,14.1,3376.28,0.0,8561.8,rail_freight,113.5,6.849,plastic_pet,4064.14,3.1,0.028,1923.7291,0.0,12598.8222,21.7727,14487.7006
1031,SYNTHETIC,2,Renewable Energy Components,South Africa,ZAF,0.89,25.79,2862.8,0.0,7202.6,road_diesel,1135.5,5.762,aluminium,8975.8,8.24,0.1033,1905.6436,0.0,73960.6325,675.8833,77220.0736
1304,SYNTHETIC,2,Steel & Metals,South Korea,KOR,0.435,28.34,5092.63,0.0,3209.0,road_diesel,994.9,2.567,steel,4523.36,1.85,0.1033,1616.4187,0.0,8368.2248,263.8381,10365.335
1356,SYNTHETIC,2,Packaging Materials,Australia,AUS,0.66,35.42,1322.08,0.0,6852.7,rail_freight,263.5,5.482,cardboard,7386.41,0.89,0.028,572.9033,0.0,6573.9093,40.4402,6970.6162
1731,SYNTHETIC,3,Food Processing,Australia,AUS,0.66,11.43,675.18,0.0,3722.2,air_freight,3303.3,2.978,plastic_pet,4434.64,3.1,0.602,396.234,0.0,13747.3898,5921.6342,19388.2628
666,SYNTHETIC,2,Renewable Energy Components,Australia,AUS,0.66,35.84,1594.26,0.0,4645.9,road_diesel,984.2,3.717,aluminium,8983.78,8.24,0.1033,686.5418,0.0,74026.3441,377.858,76438.7684
365,SYNTHETIC,1,Logistics & Freight,United Kingdom,GBR,0.207,9.83,478.32,0.0,7446.1,road_diesel,3348.1,5.957,plastic_pp,5648.07,1.65,0.1033,90.2177,0.0,9319.3183,2060.2013,11355.9154
78,SYNTHETIC,1,Pharmaceutical Manufacturing,Germany,DEU,0.385,28.58,3408.12,0.0,4939.7,rail_freight,528.9,3.952,plastic_pet,6233.96,3.1,0.028,956.6137,0.0,19325.2689,58.5251,20320.4213
28,SYNTHETIC,1,Textiles & Apparel,United Kingdom,GBR,0.207,4.53,849.55,0.0,2767.2,air_freight,607.8,2.214,cotton_fabric,5047.79,8.0,0.602,168.6683,0.0,40382.3386,809.9982,41520.515
1437,SYNTHETIC,3,Steel & Metals,China,CHN,0.581,44.64,8813.62,629.74,2092.5,road_electric,3172.4,1.674,aluminium,519.01,8.24,0.021,2913.6234,1694.0101,4276.6071,111.5227,8928.5514
526,SYNTHETIC,1,Electronics Assembly,South Africa,ZAF,0.89,41.71,828.57,0.0,5490.6,sea_bulk,1608.7,4.392,copper,6610.72,3.17,0.012,436.7577,0.0,20955.997,84.7928,21298.7184
1835,SYNTHETIC,3,Steel & Metals,China,CHN,0.581,22.0,5158.13,0.0,6672.7,inland_waterway,312.7,5.338,steel,7819.13,1.85,0.031,2360.1555,0.0,14465.384,51.7433,16618.3326
56,SYNTHETIC,1,Agricultural Commodities,United Kingdom,GBR,0.207,23.28,873.37,0.0,1212.0,inland_waterway,93.4,0.97,cardboard,2251.92,0.89,0.031,142.7628,0.0,2004.2105,2.8084,2133.7205
639,SYNTHETIC,2,Packaging Materials,Saudi Arabia,SAU,0.74,52.6,791.89,0.0,1847.9,road_diesel,224.2,1.478,plastic_pet,2918.19,3.1,0.1033,286.0699,0.0,9046.3825,34.2443,9154.8608
303,SYNTHETIC,1,Pharmaceutical Manufacturing,Germany,DEU,0.385,50.25,4617.28,0.0,6670.9,inland_waterway,3483.3,5.337,plastic_pet,9111.44,3.1,0.031,930.7808,0.0,28245.4748,576.2617,29827.3389
719,SYNTHETIC,2,Electronics Assembly,United States,USA,0.386,10.38,980.14,0.0,7026.4,road_electric,592.5,5.621,plastic_pet,5851.05,3.1,0.021,341.114,0.0,18138.2601,69.9405,18905.9961
625,SYNTHETIC,2,Logistics & Freight,United Kingdom,GBR,0.207,47.55,104.9,0.0,4327.7,sea_container,4177.9,3.462,plastic_pp,5156.47,1.65,0.016,12.3878,0.0,8508.1836,231.4309,8854.2281
8,SYNTHETIC,1,Textiles & Apparel,Mexico,MEX,0.42,19.36,1251.06,0.0,4820.0,road_diesel,3576.0,3.856,cotton_fabric,6481.2,8.0,0.1033,428.5512,0.0,51849.6018,1424.3948,52663.2106
804,SYNTHETIC,2,Steel & Metals,Mexico,MEX,0.42,27.82,7054.62,1949.66,4598.8,road_electric,2333.1,3.679,copper,6820.0,3.17,0.021,2177.8877,5244.595,21619.4114,180.2551,29903.2575
1050,SYNTHETIC,2,Plastics Manufacturing,Japan,JPN,0.47,4.96,2605.15,335.93,4777.0,sea_bulk,6040.8,3.822,plastic_pp,7114.26,1.65,0.012,1166.2342,903.6399,11738.537,277.0274,14027.2821
337,SYNTHETIC,1,Mining & Raw Materials,Australia,AUS,0.66,26.49,7369.08,,7478.1,air_freight,1462.1,5.983,copper,7167.11,3.17,0.602,3614.2499,2097.5263,22719.7504,5265.6064,33465.079
48,SYNTHETIC,1,Logistics & Freight,Germany,DEU,0.385,25.18,446.87,2316.94,8790.6,rail_freight,1497.1,7.032,cardboard,8966.16,0.89,0.028,130.9783,6232.5615,7979.8866,294.7861,14911.7347
1764,SYNTHETIC,3,Textiles & Apparel,Saudi Arabia,SAU,0.74,16.28,1200.5,0.0,4378.2,road_diesel,136.1,3.503,cotton_fabric,6742.1,8.0,0.1033,747.6927,0.0,53936.8018,49.2372,57423.8091
107,SYNTHETIC,1,Chemical Processing,India,IND,0.7082,10.25,5145.63,0.0,5547.9,rail_freight,1045.9,4.438,plastic_pp,6763.87,1.65,0.028,3281.1402,0.0,11160.3826,129.9753,14837.2369
350,SYNTHETIC,1,Textiles & Apparel,Japan,JPN,0.47,16.46,849.12,0.0,7897.7,sea_container,1168.8,6.318,cotton_fabric,10821.38,8.0,0.016,336.189,0.0,86571.0113,118.1593,90151.0849
1080,SYNTHETIC,2,Agricultural Commodities,Turkey,TUR,0.445,49.62,316.02,0.0,8856.4,inland_waterway,1483.4,7.085,wood_timber,11033.18,0.46,0.031,73.9827,0.0,5075.2621,325.8209,5457.2399
239,SYNTHETIC,1,Electronics Assembly,Brazil,BRA,0.08,50.95,734.42,0.0,5038.4,sea_container,,4.031,copper,6358.9,3.17,0.016,36.3039,0.0,20157.7288,294.8025,19961.176
214,SYNTHETIC,1,Pharmaceutical Manufacturing,Brazil,BRA,0.08,6.83,3686.57,0.0,6770.5,sea_bulk,3218.1,5.416,plastic_pet,10705.94,3.1,0.012,279.8094,0.0,33188.4191,209.17,33967.4864
1776,SYNTHETIC,3,Construction Materials,United States,USA,0.386,,3378.08,0.0,8663.4,inland_waterway,1509.9,6.931,wood_timber,2701.42,0.46,0.031,876.2287,0.0,1242.6548,324.4036,2467.6476
1139,SYNTHETIC,2,Agricultural Commodities,Japan,JPN,0.47,15.65,752.56,1570.86,8442.2,sea_bulk,1110.9,6.754,cotton_fabric,6515.14,8.0,0.012,300.7079,4225.6082,52121.1151,90.0319,55402.4517
794,SYNTHETIC,2,Electronics Assembly,Japan,JPN,0.47,37.07,656.56,0.0,6080.9,air_freight,368.3,4.865,plastic_pet,2353.66,3.1,0.602,199.0709,0.0,7296.3365,1078.4536,8233.936
1587,SYNTHETIC,3,Pharmaceutical Manufacturing,Vietnam,VNM,0.59,27.63,1824.45,0.0,1281.8,road_diesel,3531.4,1.025,plastic_pet,1470.87,3.1,0.1033,789.0665,0.0,4559.707,374.07,5648.8469
1583,SYNTHETIC,3,Steel & Metals,United Kingdom,GBR,0.207,22.99,8096.19,1832.61,9146.1,road_diesel,6549.5,7.317,copper,13413.81,3.17,0.1033,1327.8673,4929.7287,42521.7804,4950.3583,54815.7774
1672,SYNTHETIC,3,Food Processing,India,IND,0.7082,13.66,1698.53,,6383.2,sea_bulk,1556.2,5.107,glass,4710.81,0.85,0.012,1043.2722,0.0,4004.1902,95.3613,5316.3632
524,SYNTHETIC,1,Mining & Raw Materials,South Korea,KOR,0.435,25.82,3381.47,145.73,7913.3,inland_waterway,10703.5,6.331,steel,15258.6,1.85,0.031,1108.6472,392.0251,28228.4096,2100.5684,31288.806
233,SYNTHETIC,1,Renewable Energy Components,Vietnam,VNM,0.59,28.31,1624.55,0.0,918.6,air_freight,4128.7,0.735,lithium_battery,989.17,75.0,0.602,696.3649,0.0,74187.5186,1826.5419,76779.9039
645,SYNTHETIC,2,Plastics Manufacturing,South Korea,KOR,0.435,33.93,1630.12,2623.86,1345.0,air_freight,5523.2,1.076,chemicals_general,1738.62,2.2,0.602,479.5733,7058.1925,3824.9748,3577.7101,15292.9286
1508,SYNTHETIC,3,Semiconductor Fabrication,South Korea,KOR,0.435,49.39,11641.83,,6119.2,road_diesel,1393.3,4.895,chemicals_general,10858.09,2.2,0.1033,2677.9589,0.0,23887.8016,704.5526,27307.5867
534,SYNTHETIC,1,Automotive Manufacturing,Brazil,BRA,0.08,19.98,2631.05,991.46,6718.9,rail_freight,1357.2,5.375,steel,7638.74,1.85,0.028,178.9427,2667.0381,14131.6651,204.2609,16740.5878
1942,SYNTHETIC,3,Food Processing,Germany,DEU,0.385,34.6,1459.84,0.0,6006.3,inland_waterway,4213.2,4.805,glass,7115.39,0.85,0.031,377.6922,0.0,6048.0813,627.5807,7318.2898
604,SYNTHETIC,2,Mining & Raw Materials,South Africa,ZAF,0.89,13.44,6248.49,867.44,9047.0,rail_freight,872.8,7.238,copper,14912.48,3.17,0.028,4830.8014,2333.4054,47272.5471,176.8818,53754.6461
1330,SYNTHETIC,2,Pharmaceutical Manufacturing,China,CHN,0.581,31.34,3460.43,0.0,4005.9,sea_bulk,6516.9,3.205,glass,4403.61,0.85,0.012,1402.1225,0.0,3743.0687,250.6172,5300.3642
1075,SYNTHETIC,2,Renewable Energy Components,Australia,AUS,0.66,14.76,2521.09,,5424.9,inland_waterway,4329.4,4.34,steel,7892.0,1.85,0.031,1425.8041,0.0,14600.1962,582.4725,16371.7396
1305,SYNTHETIC,2,Plastics Manufacturing,South Africa,ZAF,0.89,33.15,1642.7,0.0,4083.2,road_diesel,1061.6,3.267,plastic_pet,7398.99,3.1,0.1033,988.206,0.0,22936.8651,358.228,25462.2861
61,SYNTHETIC,1,Steel & Metals,United Kingdom,GBR,0.207,18.14,6780.51,0.0,2922.6,rail_freight,5015.6,2.338,aluminium,3407.89,8.24,0.028,1173.6019,0.0,28080.9888,328.3559,29071.0688
1264,SYNTHETIC,2,Renewable Energy Components,Japan,JPN,0.47,18.02,2311.09,0.0,4475.2,inland_waterway,585.3,3.58,aluminium,4029.22,8.24,0.031,898.7541,0.0,33200.8082,64.9632,35056.7685
93,SYNTHETIC,1,Logistics & Freight,South Africa,ZAF,0.89,31.69,522.77,27.63,5519.2,air_freight,2988.5,4.415,plastic_pp,6918.56,1.65,0.602,321.1397,74.3204,11415.6189,7943.6698,20019.4465
667,SYNTHETIC,2,Agricultural Commodities,Australia,AUS,0.66,34.64,872.43,260.82,5401.5,road_diesel,718.9,4.321,cotton_fabric,7159.42,8.0,0.1033,382.401,701.6187,57275.3309,320.891,59852.7337
281,SYNTHETIC,1,Agricultural Commodities,United States,USA,0.386,30.49,557.02,708.58,5678.7,rail_freight,3019.4,4.543,cotton_fabric,7443.22,8.0,0.028,152.8467,1906.0851,59545.7676,384.0849,60380.9829
1114,SYNTHETIC,2,Plastics Manufacturing,United Kingdom,GBR,0.207,48.24,1158.46,867.57,2112.8,rail_freight,423.8,1.69,plastic_pp,3682.65,1.65,0.028,135.3037,2333.7709,6076.3731,20.0551,8528.6072
360,SYNTHETIC,1,Packaging Materials,India,IND,0.7082,25.31,1577.2,0.0,5103.3,air_freight,791.9,4.083,plastic_pet,8066.4,3.1,0.602,842.2431,0.0,25005.8395,1946.2766,26942.8825
1129,SYNTHETIC,2,Semiconductor Fabrication,China,CHN,0.581,32.13,9146.52,0.0,7055.1,inland_waterway,3935.7,5.644,copper,5001.14,3.17,0.031,3665.5294,0.0,15853.6209,688.6186,19491.5175
1170,SYNTHETIC,2,Mining & Raw Materials,Australia,AUS,0.66,10.65,5046.55,71.39,5852.4,air_freight,2391.8,4.682,concrete,9741.85,0.13,0.602,2986.6927,192.0323,1266.4411,6741.1896,11124.3127
848,SYNTHETIC,2,Logistics & Freight,Brazil,BRA,0.08,38.24,343.67,9.55,2353.6,road_electric,894.0,1.883,plastic_pp,3482.79,1.65,0.021,19.6091,25.7,5746.6084,35.3501,5499.4825
1522,SYNTHETIC,3,Logistics & Freight,United States,USA,0.386,39.27,282.88,476.94,4545.6,rail_freight,1099.5,3.636,plastic_pp,4566.87,1.65,0.028,68.5315,1282.9796,7535.3402,111.9498,8847.5259
111,SYNTHETIC,1,Plastics Manufacturing,United States,USA,0.386,19.83,2723.32,405.46,2132.6,inland_waterway,801.3,1.706,plastic_pp,1646.3,1.65,0.031,853.5682,1090.6859,2716.3909,42.3772,4696.5904
43,SYNTHETIC,1,Textiles & Apparel,China,CHN,0.581,41.44,953.78,0.0,5560.2,road_electric,8708.9,4.448,plastic_pet,6889.52,3.1,0.021,332.43,0.0,21357.5062,813.5183,21981.5928
126,SYNTHETIC,1,Construction Materials,United States,USA,0.386,32.91,2162.73,112.21,7769.3,rail_freight,673.1,6.215,wood_timber,9177.35,0.46,0.028,574.3356,301.8541,4221.5788,117.1471,5289.5475
205,SYNTHETIC,1,Textiles & Apparel,Germany,DEU,0.385,24.71,1756.26,0.0,6633.2,rail_freight,1425.5,5.307,cotton_fabric,3157.32,8.0,0.028,517.7797,0.0,25258.568,211.8117,25451.8154
53,SYNTHETIC,1,Agricultural Commodities,United States,USA,0.386,3.63,412.02,0.0,5916.5,inland_waterway,,4.733,cardboard,5883.68,0.89,0.031,153.5599,0.0,5236.4736,833.0449,6025.3313
546,SYNTHETIC,1,Steel & Metals,Saudi Arabia,SAU,0.74,24.68,8157.07,543.37,5048.5,rail_freight,1596.2,4.039,aluminium,5396.32,8.24,0.028,4586.6043,1461.6603,44465.6559,180.5052,52532.6289
69,SYNTHETIC,1,Semiconductor Fabrication,Mexico,MEX,0.42,31.62,11414.81,0.0,3961.8,air_freight,3885.0,3.169,chemicals_general,4884.17,2.2,0.602,3350.3575,0.0,10745.1731,7412.5065,21211.6386
1741,SYNTHETIC,3,Agricultural Commodities,South Korea,KOR,0.435,49.8,565.13,1378.93,6410.8,rail_freight,4645.7,5.129,wood_timber,5832.2,0.46,0.028,129.0394,3709.3202,2682.813,667.1196,7292.0507
1548,SYNTHETIC,3,Agricultural Commodities,India,IND,0.7082,20.92,479.06,0.0,3694.2,sea_bulk,402.3,2.955,cardboard,1349.03,0.89,0.012,270.2861,0.0,1200.6369,14.2658,1446.1133
184,SYNTHETIC,1,Mining & Raw Materials,France,FRA,0.056,4.13,4041.55,1520.99,3163.5,rail_freight,304.8,2.531,chemicals_general,5083.78,2.2,0.028,220.3151,4091.4588,11184.3158,21.5966,16757.4792
138,SYNTHETIC,1,Agricultural Commodities,India,IND,0.7082,21.43,679.37,753.97,219.7,road_diesel,1334.2,0.176,cardboard,176.71,0.89,0.1033,380.9392,2028.1842,157.2677,24.2278,2663.7342
900,SYNTHETIC,2,Semiconductor Fabrication,Japan,JPN,0.47,51.92,16465.82,0.0,3773.7,air_freight,290.3,3.019,chemicals_general,7108.07,2.2,0.602,3892.2317,0.0,15637.7537,527.5765,20369.8999
797,SYNTHETIC,2,Pharmaceutical Manufacturing,Brazil,BRA,0.08,,4062.03,0.0,4080.5,road_diesel,1241.7,3.264,plastic_pet,2721.8,3.1,0.1033,316.7039,0.0,8437.5912,418.7235,9495.3129
133,SYNTHETIC,1,Mining & Raw Materials,Mexico,MEX,0.42,44.57,6139.99,414.2,6411.0,sea_container,4123.6,5.129,chemicals_general,10743.49,2.2,0.016,1484.2718,1114.1982,23635.6794,338.39,25593.9196
81,SYNTHETIC,1,Semiconductor Fabrication,Australia,AUS,0.66,21.03,9246.86,0.0,2177.4,road_diesel,491.7,1.742,aluminium,2499.32,8.24,0.1033,4858.4841,0.0,20594.4035,88.4744,24604.9177
1987,SYNTHETIC,3,Mining & Raw Materials,United Kingdom,GBR,0.207,22.42,5261.63,211.76,4865.1,sea_bulk,8192.7,3.892,concrete,6003.13,0.13,0.012,868.5341,569.6475,780.4071,382.6391,2404.5408
1541,SYNTHETIC,3,Logistics & Freight,Australia,AUS,0.66,43.63,364.34,627.73,6824.6,inland_waterway,806.2,5.46,plastic_pp,6897.99,1.65,0.031,138.7271,1688.5956,11381.6877,136.4407,13405.0598
542,SYNTHETIC,1,Automotive Manufacturing,India,IND,0.7082,32.47,2661.0,1362.22,5085.0,air_freight,9651.8,4.068,rubber,4831.99,3.85,0.602,1289.9559,3664.3642,18603.1736,23636.7904,42805.6821
1669,SYNTHETIC,3,Agricultural Commodities,Vietnam,VNM,0.59,46.08,512.06,0.0,638.8,road_electric,3158.4,0.511,wood_timber,1056.59,0.46,0.021,167.621,0.0,486.0308,33.8957,658.9433
984,SYNTHETIC,2,Plastics Manufacturing,France,FRA,0.056,65.94,1644.39,0.0,3980.7,sea_bulk,2221.4,3.185,plastic_pp,5017.5,1.65,0.012,53.0513,0.0,8278.8805,84.8914,7919.015
166,SYNTHETIC,1,Mining & Raw Materials,Japan,JPN,0.47,33.86,6543.0,220.28,100.0,sea_container,323.9,0.08,copper,125.91,3.17,0.016,2078.3925,592.5505,399.1283,0.4145,3089.8731
249,SYNTHETIC,1,Mining & Raw Materials,China,CHN,0.581,5.29,5812.01,1212.67,1621.4,rail_freight,1531.2,1.297,steel,2103.88,1.85,0.028,3204.2027,3262.0852,3892.1772,55.6118,9913.9188
447,SYNTHETIC,1,Logistics & Freight,Saudi Arabia,SAU,0.74,39.66,380.49,411.17,3609.7,air_freight,3455.4,2.888,plastic_pp,3531.25,1.65,0.602,172.9191,1106.0368,5826.5552,6006.9621,13875.6146
1515,SYNTHETIC,3,Plastics Manufacturing,China,CHN,0.581,15.27,1815.22,65.97,1382.0,road_diesel,2212.9,1.106,plastic_pp,1077.95,1.65,0.1033,899.1049,177.4467,1778.6228,252.7257,3312.7869
859,SYNTHETIC,2,Mining & Raw Materials,France,FRA,0.056,12.8,5719.32,651.07,9314.2,sea_bulk,1557.5,7.451,concrete,10488.15,0.13,0.012,293.9234,1751.3715,1363.4599,139.2701,3617.221
1212,SYNTHETIC,2,Automotive Manufacturing,Saudi Arabia,SAU,0.74,52.46,1087.76,0.0,5457.3,inland_waterway,1020.1,4.366,plastic_pp,7557.59,1.65,0.031,394.1198,0.0,12470.0179,138.0618,12959.607
98,SYNTHETIC,1,Logistics & Freight,China,CHN,0.581,55.65,109.95,910.67,2703.4,sea_container,615.6,2.163,plastic_pp,1938.43,1.65,0.016,29.5519,2449.6919,3198.4079,21.3004,5670.6187
1974,SYNTHETIC,3,Packaging Materials,South Korea,KOR,0.435,33.25,773.61,0.0,1753.1,sea_bulk,6333.6,1.403,glass,2651.82,0.85,0.012,229.7807,0.0,2254.0479,106.5954,2575.1062
738,SYNTHETIC,2,Chemical Processing,Germany,DEU,0.385,24.94,4107.84,402.01,7256.7,air_freight,,5.805,chemicals_general,5519.67,2.2,0.602,1207.6365,1081.4031,12143.2785,4145.6104,18232.8678
1256,SYNTHETIC,2,Textiles & Apparel,Brazil,BRA,0.08,25.9,828.19,0.0,4497.0,air_freight,4721.8,3.598,plastic_pet,6362.62,3.1,0.602,53.383,0.0,19724.1353,10226.2333,30218.5186
103,SYNTHETIC,1,Textiles & Apparel,Mexico,MEX,0.42,16.45,94.24,,5559.5,air_freight,2243.7,4.448,plastic_pet,4736.17,3.1,0.602,33.3794,0.0,14682.1329,6007.4277,20418.6613
435,SYNTHETIC,1,Automotive Manufacturing,Australia,AUS,0.66,48.99,1665.47,272.83,3401.9,rail_freight,1966.2,2.722,plastic_pp,2192.82,1.65,0.028,577.0205,733.915,3618.1564,149.8307,4835.093
75,SYNTHETIC,1,Mining & Raw Materials,Brazil,BRA,0.08,36.01,7034.04,2019.14,3932.8,sea_bulk,1062.9,3.146,chemicals_general,1068.56,2.2,0.012,410.7451,5431.4876,2350.834,40.1312,8546.9138
1792,SYNTHETIC,3,Construction Materials,Australia,AUS,0.66,34.64,2546.56,350.56,3365.3,road_electric,2166.5,2.692,wood_timber,4984.94,0.46,0.021,1116.1915,943.0002,2293.0744,122.4883,4451.7704
1235,SYNTHETIC,2,Agricultural Commodities,Japan,JPN,0.47,66.15,639.51,0.0,3792.8,road_electric,1795.1,3.034,cardboard,4856.17,0.89,0.021,110.2035,0.0,4321.9942,114.3796,4469.1298
919,SYNTHETIC,2,Logistics & Freight,United Kingdom,GBR,0.207,39.78,234.51,1040.37,9814.1,rail_freight,1227.1,7.851,plastic_pp,10494.71,1.65,0.028,31.1007,2798.5883,17316.2794,269.7691,21631.7277
1712,SYNTHETIC,3,Plastics Manufacturing,Japan,JPN,0.47,16.03,1426.39,,5229.4,sea_container,4059.7,4.184,plastic_pp,4504.92,1.65,0.016,567.4833,1052.0853,7433.1207,271.7401,8971.1168
1671,SYNTHETIC,3,Steel & Metals,Japan,JPN,0.47,20.15,2032.48,997.56,5284.7,inland_waterway,1789.3,4.228,steel,5242.03,1.85,0.031,770.9701,2683.4443,9697.7554,234.5093,13799.8049
1621,SYNTHETIC,3,Steel & Metals,South Africa,ZAF,0.89,17.92,3343.3,462.05,9260.1,sea_container,4018.1,7.408,copper,11725.59,3.17,0.016,2454.2519,1242.9221,37170.1062,476.2639,39890.5462
763,SYNTHETIC,2,Plastics Manufacturing,Turkey,TUR,0.445,76.81,1337.97,469.01,3200.0,rail_freight,3051.2,2.56,chemicals_general,3976.4,2.2,0.028,158.6478,1261.6472,8748.074,218.7116,10357.8281
990,SYNTHETIC,2,Textiles & Apparel,Australia,AUS,0.66,21.12,817.0,,2187.0,inland_waterway,7323.2,1.75,cotton_fabric,1540.69,8.0,0.031,428.7894,0.0,12325.5076,397.1921,13459.3135
389,SYNTHETIC,1,Mining & Raw Materials,Brazil,BRA,0.08,,2661.41,123.89,3020.7,sea_bulk,410.6,2.417,chemicals_general,2654.83,2.2,0.012,185.1505,333.2701,5840.6187,11.9056,6747.9537
236,SYNTHETIC,1,Automotive Manufacturing,India,IND,0.7082,23.84,1687.2,1756.13,5693.4,road_diesel,1748.3,4.555,plastic_pp,7595.14,1.65,0.1033,918.1032,4723.981,12531.9754,822.6025,20243.3116
1507,SYNTHETIC,3,Renewable Energy Components,United Kingdom,GBR,0.207,19.72,2044.73,,5095.2,rail_freight,1857.8,4.076,aluminium,6386.81,8.24,0.028,347.8493,0.0,52627.3359,212.037,52299.3162
268,SYNTHETIC,1,Logistics & Freight,Brazil,BRA,0.08,28.2,161.73,1002.6,8504.0,sea_bulk,3557.5,6.803,plastic_pp,12902.04,1.65,0.012,10.2015,2696.989,21288.3691,290.4245,24310.266
1188,SYNTHETIC,2,Logistics & Freight,South Korea,KOR,0.435,32.95,378.01,0.0,4570.5,road_diesel,1960.4,3.656,plastic_pp,9779.18,1.65,0.1033,112.7485,0.0,16135.6541,740.4352,17472.9632
118,SYNTHETIC,1,Renewable Energy Components,China,CHN,0.581,15.69,2939.61,0.0,6558.3,sea_container,80.2,5.247,aluminium,10295.53,8.24,0.016,1449.2153,0.0,84835.1674,6.7358,90981.8523
1607,SYNTHETIC,3,Automotive Manufacturing,Australia,AUS,0.66,64.56,3023.65,213.25,6774.0,sea_bulk,507.3,5.419,steel,4691.0,1.85,0.012,746.3301,573.6554,8678.3514,32.991,10026.6067
674,SYNTHETIC,2,Construction Materials,United Kingdom,GBR,0.207,44.12,1497.54,387.0,1523.5,road_electric,2380.9,1.219,wood_timber,2103.03,0.46,0.021,186.4507,1041.0363,967.3958,60.9389,2323.9518
250,SYNTHETIC,1,Agricultural Commodities,United States,USA,0.386,,564.83,47.67,3007.5,sea_container,7912.7,2.406,cardboard,5607.74,0.89,0.016,176.6794,128.2267,4990.8846,304.6079,5603.9078
1453,SYNTHETIC,3,Agricultural Commodities,Brazil,BRA,0.08,,589.05,176.37,10100.9,inland_waterway,1952.4,8.081,cotton_fabric,11733.87,8.0,0.031,22.3641,474.4417,93870.9214,489.0902,99431.0579
1995,SYNTHETIC,3,Textiles & Apparel,Vietnam,VNM,0.59,24.17,357.14,0.0,899.8,road_diesel,370.7,0.72,plastic_pet,1007.33,3.1,0.1033,161.509,0.0,3122.7167,27.5614,3365.8172
95,SYNTHETIC,1,Food Processing,Turkey,TUR,0.445,29.22,1125.25,0.0,8194.8,rail_freight,1938.6,6.556,cardboard,8392.37,0.89,0.028,361.0057,0.0,7469.2131,355.8494,8026.2962
34,SYNTHETIC,1,Textiles & Apparel,Vietnam,VNM,0.59,22.53,364.37,0.0,10332.6,sea_container,8122.7,8.266,cotton_fabric,11771.77,8.0,0.016,168.1782,0.0,94174.1381,1074.2884,97100.6616
1464,SYNTHETIC,3,Food Processing,Germany,DEU,0.385,33.03,638.22,0.0,1330.2,air_freight,3919.9,1.064,glass,2080.43,0.85,0.602,168.7772,0.0,1768.3696,2511.2122,4426.8353
1668,SYNTHETIC,3,Plastics Manufacturing,France,FRA,0.056,23.67,1488.94,790.24,3020.7,inland_waterway,3672.6,2.417,chemicals_general,5480.17,2.2,0.031,70.6922,2125.7559,12056.3778,275.1294,15325.0932
449,SYNTHETIC,1,Packaging Materials,Saudi Arabia,SAU,0.74,43.1,1739.17,0.0,2465.5,road_electric,576.6,1.972,glass,1936.97,0.85,0.021,747.2253,0.0,1646.427,23.8836,2406.9065
717,SYNTHETIC,2,Food Processing,China,CHN,0.581,29.01,943.87,0.0,5377.6,air_freight,4453.1,4.302,plastic_pet,10830.47,3.1,0.602,394.7814,0.0,33574.4579,11532.9515,45991.1664
1810,SYNTHETIC,3,Chemical Processing,South Africa,ZAF,0.89,2.18,4575.62,746.39,2494.1,rail_freight,513.6,1.995,glass,3515.4,0.85,0.028,3985.3265,2007.7836,2988.0872,28.6957,8891.066
1518,SYNTHETIC,3,Pharmaceutical Manufacturing,Germany,DEU,0.385,31.71,3112.04,0.0,629.9,rail_freight,1190.1,0.504,glass,343.6,0.85,0.028,837.9202,0.0,292.0641,16.7918,1186.0372
1,SYNTHETIC,1,Logistics & Freight,Germany,DEU,0.385,35.37,364.88,0.0,4414.6,road_electric,52.0,3.532,plastic_pp,8086.19,1.65,0.021,93.3756,0.0,13342.2094,3.8565,13748.8583
1376,SYNTHETIC,2,Mining & Raw Materials,Japan,JPN,0.47,29.78,5196.99,785.72,8001.2,rail_freight,1244.5,6.401,chemicals_general,10367.9,2.2,0.028,1746.0756,2113.5976,22809.3707,223.0498,26882.1895
1102,SYNTHETIC,2,Steel & Metals,Germany,DEU,0.385,4.31,4359.42,910.32,3744.5,sea_container,349.5,2.996,steel,6031.75,1.85,0.016,1609.7675,2448.7566,11158.7339,16.7495,14937.9167
1109,SYNTHETIC,2,Construction Materials,United States,USA,0.386,8.33,2591.85,9.2,3833.9,sea_bulk,11139.7,3.067,glass,1713.0,0.85,0.012,921.4312,24.7448,1456.0514,409.9989,2683.6853
1227,SYNTHETIC,2,Food Processing,Turkey,TUR,0.445,4.1,984.71,0.0,3704.7,air_freight,50.0,2.964,cardboard,2986.83,0.89,0.602,421.0538,0.0,2658.2784,89.2083,2861.2651
83,SYNTHETIC,1,Packaging Materials,Brazil,BRA,0.08,40.48,1190.91,0.0,9411.7,road_electric,750.8,7.529,glass,15243.25,0.85,0.021,66.3515,0.0,12956.7643,118.7166,13660.5799
1289,SYNTHETIC,2,Renewable Energy Components,South Korea,KOR,0.435,20.24,2039.2,0.0,2549.0,sea_container,2650.2,2.039,lithium_battery,1698.51,75.0,0.016,715.7699,0.0,127388.1948,86.468,127005.1228
677,SYNTHETIC,2,Automotive Manufacturing,Mexico,MEX,0.42,31.6,1540.57,626.24,6614.7,sea_bulk,7314.5,5.292,steel,8369.13,1.85,0.012,452.3219,1684.5969,15482.8848,464.482,17507.845
1921,SYNTHETIC,3,Mining & Raw Materials,China,CHN,0.581,17.96,3169.24,274.28,2009.9,road_diesel,1984.9,1.608,chemicals_general,796.12,2.2,0.1033,1521.9242,737.8007,1751.4565,329.6783,4269.3587
1047,SYNTHETIC,2,Textiles & Apparel,India,IND,0.7082,19.25,930.84,0.0,7347.4,air_freight,5154.9,5.878,cotton_fabric,5131.37,8.0,0.602,535.9002,0.0,41050.9929,18240.7636,58034.7361
771,SYNTHETIC,2,Packaging Materials,United Kingdom,GBR,0.207,,1603.87,0.0,6537.4,sea_bulk,1660.3,5.23,plastic_pet,9967.4,3.1,0.012,145.8756,0.0,30898.9371,104.2004,31459.181
1947,SYNTHETIC,3,Textiles & Apparel,France,FRA,0.056,17.06,629.06,0.0,2579.8,road_electric,1116.1,2.064,plastic_pet,3775.06,3.1,0.021,31.3632,0.0,11702.6765,48.371,12639.9649
1281,SYNTHETIC,2,Plastics Manufacturing,Australia,AUS,0.66,21.16,2352.24,2083.03,6237.8,rail_freight,60.2,4.99,chemicals_general,7168.14,2.2,0.028,1233.8907,5603.357,15769.8978,8.4165,23051.0557
1581,SYNTHETIC,3,Plastics Manufacturing,Vietnam,VNM,0.59,28.32,2531.72,1555.84,4926.2,road_diesel,285.2,3.941,plastic_pet,1475.63,3.1,0.1033,1084.9778,4185.204,4574.4603,116.1177,10312.1807
1489,SYNTHETIC,3,Construction Materials,India,IND,0.7082,50.17,1592.98,760.06,2126.3,sea_bulk,4201.6,1.701,wood_timber,3851.1,0.46,0.012,578.1756,2044.5526,1771.508,85.7651,4473.8578
405,SYNTHETIC,1,Food Processing,Germany,DEU,0.385,7.42,950.36,0.0,8011.7,road_electric,2968.2,6.409,glass,4417.98,0.85,0.021,340.1653,0.0,3755.2855,399.5121,4553.4535
1728,SYNTHETIC,3,Food Processing,Germany,DEU,0.385,,1430.49,0.0,6405.7,road_diesel,3118.5,5.125,glass,5102.85,0.85,0.1033,384.5703,0.0,4337.4191,1650.8538,6378.0765
1299,SYNTHETIC,2,Electronics Assembly,Brazil,BRA,0.08,28.99,1065.91,0.0,6111.3,air_freight,3068.2,4.889,aluminium,5892.7,8.24,0.602,66.7317,0.0,48555.8213,9030.3163,57750.6178
1341,SYNTHETIC,2,Plastics Manufacturing,Vietnam,VNM,0.59,11.41,1187.23,0.0,6335.9,road_electric,50.0,5.069,chemicals_general,7944.77,2.2,0.021,623.2787,0.0,17478.488,5.3222,17526.0903
105,SYNTHETIC,1,Plastics Manufacturing,Japan,JPN,0.47,25.08,1716.44,326.52,8829.2,rail_freight,3401.6,7.063,chemicals_general,11113.21,2.2,0.028,612.9993,878.3323,24449.0697,672.7593,26907.5074
689,SYNTHETIC,2,Textiles & Apparel,Brazil,BRA,0.08,26.47,984.97,0.0,4205.6,air_freight,145.0,3.364,cotton_fabric,6849.26,8.0,0.602,63.1548,0.0,54794.1066,293.5953,52658.2574
1306,SYNTHETIC,2,Textiles & Apparel,Saudi Arabia,SAU,0.74,21.38,1253.32,0.0,3394.4,road_electric,1121.9,2.716,cotton_fabric,3960.74,8.0,0.021,734.5406,0.0,31685.9492,63.9799,32663.9957
827,SYNTHETIC,2,Pharmaceutical Manufacturing,Vietnam,VNM,0.59,7.65,2603.32,0.0,686.6,sea_bulk,1713.3,0.549,glass,821.46,0.85,0.012,1422.4389,0.0,698.2446,11.2923,2128.3048
63,SYNTHETIC,1,Semiconductor Fabrication,Brazil,BRA,0.08,6.35,10596.48,0.0,4233.2,air_freight,419.2,3.387,aluminium,2266.43,8.24,0.602,807.3651,0.0,18675.3513,854.551,22035.7001
853,SYNTHETIC,2,Mining & Raw Materials,China,CHN,0.581,16.66,3585.96,282.48,6020.0,inland_waterway,878.7,4.816,copper,9684.06,3.17,0.031,1748.3356,759.87,30698.473,131.1831,32428.0483
1354,SYNTHETIC,2,Mining & Raw Materials,Japan,JPN,0.47,5.82,7470.37,,6093.4,air_freight,1912.5,4.875,steel,7108.44,1.85,0.602,3315.3867,1153.2215,13150.6231,5612.3137,24177.7112
224,SYNTHETIC,1,Semiconductor Fabrication,Australia,AUS,0.66,14.4,4438.19,0.0,7403.6,air_freight,2460.3,5.923,chemicals_general,8375.31,2.2,0.602,2520.0507,0.0,18425.6738,8772.3822,28730.1301
146,SYNTHETIC,1,Plastics Manufacturing,Turkey,TUR,0.445,18.57,2773.27,0.0,6737.5,rail_freight,155.1,5.39,plastic_pp,7382.95,1.65,0.028,1015.2219,0.0,12181.8685,23.4027,13905.3809
1089,SYNTHETIC,2,Renewable Energy Components,Germany,DEU,0.385,19.09,2597.49,,3990.7,road_electric,403.6,3.193,lithium_battery,972.02,75.0,0.021,819.003,0.0,72901.4396,27.0618,71491.2703
374,SYNTHETIC,1,Electronics Assembly,United States,USA,0.386,26.4,657.56,0.0,2797.3,road_electric,2250.2,2.238,copper,4684.67,3.17,0.021,190.2873,0.0,14850.4037,105.748,15799.1
1421,SYNTHETIC,3,Semiconductor Fabrication,Brazil,BRA,0.08,,12522.61,0.0,4511.0,road_electric,427.5,3.609,chemicals_general,6404.07,2.2,0.021,814.9254,0.0,14088.95,32.399,14698.7908
1143,SYNTHETIC,2,Packaging Materials,Japan,JPN,0.47,55.79,1117.87,0.0,100.0,road_electric,968.8,0.08,cardboard,139.83,0.89,0.021,244.7299,0.0,124.4493,1.6275,377.975
1827,SYNTHETIC,3,Chemical Processing,South Africa,ZAF,0.89,14.41,5417.15,368.04,8788.5,sea_container,4477.3,7.031,chemicals_general,11232.74,2.2,0.016,4141.9241,990.0354,24712.0181,503.6592,29002.9614
1495,SYNTHETIC,3,Automotive Manufacturing,Mexico,MEX,0.42,34.94,2885.31,,7360.5,sea_container,16515.2,5.888,steel,15213.83,1.85,0.016,808.6303,0.0,28145.58,1555.9795,31517.6319
1602,SYNTHETIC,3,Renewable Energy Components,South Korea,KOR,0.435,,2607.24,0.0,8506.5,rail_freight,841.0,6.805,aluminium,12031.04,8.24,0.028,950.0548,0.0,99135.7789,160.2453,102647.4046
1271,SYNTHETIC,2,Semiconductor Fabrication,Mexico,MEX,0.42,30.54,8812.43,0.0,6101.2,sea_bulk,,4.881,aluminium,9988.84,8.24,0.012,2624.6327,0.0,82308.0761,121.1179,87530.0735
10,SYNTHETIC,1,Plastics Manufacturing,India,IND,0.7082,39.91,2171.86,64.08,3026.9,air_freight,6637.4,2.421,chemicals_general,2653.35,2.2,0.602,941.6303,172.3844,5837.3659,9675.5207,16376.6214
450,SYNTHETIC,1,Chemical Processing,South Korea,KOR,0.435,36.08,6333.64,1051.18,6678.8,sea_bulk,2613.6,5.343,glass,3044.35,0.85,0.012,1806.7929,2827.6761,2587.6964,167.5763,7581.3378
709,SYNTHETIC,2,Chemical Processing,Australia,AUS,0.66,16.97,3208.34,1249.51,7707.5,air_freight,1366.6,6.166,chemicals_general,9124.9,2.2,0.602,1769.0402,3361.179,20074.7803,5072.8949,28559.5806
256,SYNTHETIC,1,Renewable Energy Components,Brazil,BRA,0.08,13.76,2355.53,0.0,3547.1,rail_freight,3539.9,2.838,steel,4283.73,1.85,0.028,169.002,0.0,7924.9001,281.2679,8353.841
883,SYNTHETIC,2,Automotive Manufacturing,Germany,DEU,0.385,20.13,2907.05,154.51,3214.8,air_freight,1563.0,2.572,aluminium,5609.33,8.24,0.602,905.5913,415.6191,46220.8914,2419.9694,49415.8048
390,SYNTHETIC,1,Semiconductor Fabrication,Brazil,BRA,0.08,5.37,14678.62,0.0,5792.9,air_freight,4410.2,4.634,aluminium,6014.39,8.24,0.602,1126.9924,0.0,49558.5957,12303.6626,61653.7594
909,SYNTHETIC,2,Agricultural Commodities,Germany,DEU,0.385,33.39,701.81,289.6,5022.1,sea_container,10178.3,4.018,cotton_fabric,8344.58,8.0,0.016,184.6693,779.0343,66756.6579,654.2942,66609.4683
925,SYNTHETIC,2,Logistics & Freight,India,IND,0.7082,43.24,141.06,192.65,5882.5,road_diesel,775.5,4.706,plastic_pp,2389.04,1.65,0.1033,57.9262,518.2178,3941.9087,377.0008,4855.8239
1704,SYNTHETIC,3,Plastics Manufacturing,South Korea,KOR,0.435,21.56,3017.99,7167.28,8798.5,road_electric,2583.3,7.039,chemicals_general,5859.73,2.2,0.021,1042.8269,19279.9862,12891.4166,381.8512,33509.9888
1233,SYNTHETIC,2,Renewable Energy Components,Vietnam,VNM,0.59,63.0,1655.3,0.0,3868.6,inland_waterway,2347.0,3.095,steel,5892.17,1.85,0.031,382.2343,0.0,10900.519,225.1723,11405.0754
461,SYNTHETIC,1,Packaging Materials,Australia,AUS,0.66,22.15,2259.39,0.0,3178.4,sea_container,827.9,2.543,cardboard,5874.87,0.89,0.016,1170.8633,0.0,5228.6313,33.6828,6411.3534
1270,SYNTHETIC,2,Semiconductor Fabrication,Saudi Arabia,SAU,0.74,28.16,7628.21,0.0,3494.3,road_electric,826.8,2.795,copper,6470.84,3.17,0.021,4098.4437,0.0,20512.5602,48.5379,24440.2701
1760,SYNTHETIC,3,Semiconductor Fabrication,Brazil,BRA,0.08,,7614.49,0.0,8041.3,air_freight,5563.4,6.433,chemicals_general,6388.88,2.2,0.602,454.2114,0.0,14055.5435,21545.2388,37562.7318
1169,SYNTHETIC,2,Mining & Raw Materials,Brazil,BRA,0.08,18.5,8605.51,46.62,6150.0,inland_waterway,,4.92,concrete,6069.21,0.13,0.031,592.9143,125.4202,788.9972,126.6513,1593.823
959,SYNTHETIC,2,Semiconductor Fabrication,Brazil,BRA,0.08,36.24,12107.16,0.0,5231.6,sea_container,2024.7,4.185,chemicals_general,6536.17,2.2,0.016,705.3291,0.0,14379.583,135.5799,14554.6504
502,SYNTHETIC,1,Packaging Materials,Saudi Arabia,SAU,0.74,33.49,1458.33,0.0,3457.9,air_freight,4504.1,2.766,glass,4959.08,0.85,0.602,727.4733,0.0,4215.2142,7500.8837,12210.87
740,SYNTHETIC,2,Packaging Materials,Turkey,TUR,0.445,17.65,1274.12,0.0,5093.9,rail_freight,2068.6,4.075,cardboard,6376.32,0.89,0.028,471.4173,0.0,5674.9262,236.0341,5926.5343
1850,SYNTHETIC,3,Automotive Manufacturing,France,FRA,0.056,25.04,3058.02,754.13,5755.6,road_electric,2138.9,4.604,rubber,7369.53,3.85,0.021,143.6865,2028.6118,28372.6863,206.8175,29706.9106
869,SYNTHETIC,2,Mining & Raw Materials,Saudi Arabia,SAU,0.74,30.69,5316.42,0.0,3111.3,sea_bulk,1221.2,2.489,concrete,5534.23,0.13,0.012,2759.5765,0.0,719.4495,36.475,3445.8061
732,SYNTHETIC,2,Automotive Manufacturing,Turkey,TUR,0.445,31.65,1801.21,1050.74,1024.6,sea_bulk,,0.82,rubber,955.68,3.85,0.012,559.2207,2826.4945,3679.3641,18.5584,6972.1102
540,SYNTHETIC,1,Textiles & Apparel,Vietnam,VNM,0.59,30.51,1166.85,0.0,2056.0,air_freight,2741.1,1.645,cotton_fabric,2559.11,8.0,0.602,485.5097,0.0,20472.875,2714.1574,22228.7533
1202,SYNTHETIC,2,Mining & Raw Materials,Australia,AUS,0.66,13.16,7239.05,915.39,5413.7,inland_waterway,1482.7,4.331,copper,8290.59,3.17,0.031,4167.8527,2462.4103,26281.1739,199.0695,31255.4267
698,SYNTHETIC,2,Renewable Energy Components,United States,USA,0.386,32.62,2152.48,0.0,2141.7,rail_freight,6151.5,1.713,lithium_battery,2769.62,75.0,0.028,573.8506,0.0,207721.6378,295.1062,204097.1478
1393,SYNTHETIC,2,Chemical Processing,United Kingdom,GBR,0.207,,5654.11,1350.24,6203.8,road_diesel,4802.7,4.963,plastic_pp,9834.85,1.65,0.1033,805.6244,3632.1445,16227.4959,2462.2364,22972.323
1377,SYNTHETIC,2,Steel & Metals,China,CHN,0.581,18.87,7346.86,1519.63,2036.5,air_freight,175.2,1.629,steel,2575.65,1.85,0.602,3490.6607,4087.8133,4764.9531,171.817,12645.4241
1146,SYNTHETIC,2,Logistics & Freight,Saudi Arabia,SAU,0.74,42.8,621.66,130.76,6913.6,inland_waterway,749.0,5.531,plastic_pp,8195.09,1.65,0.031,268.4527,351.7489,13521.8987,128.4233,13786.7339
1032,SYNTHETIC,2,Construction Materials,Japan,JPN,0.47,29.19,2773.58,0.0,4721.2,air_freight,4252.5,3.777,wood_timber,6411.92,0.46,0.602,939.209,0.0,2949.4849,9668.9415,12787.2931
373,SYNTHETIC,1,Agricultural Commodities,France,FRA,0.056,4.01,453.37,277.78,6103.3,road_diesel,5763.1,4.883,wood_timber,11966.21,0.46,0.1033,24.7334,747.2274,5504.4574,2906.7451,9250.6098
668,SYNTHETIC,2,Electronics Assembly,India,IND,0.7082,33.42,681.74,0.0,1930.8,sea_bulk,1379.9,1.545,chemicals_general,2593.72,2.2,0.012,325.9996,0.0,5706.1769,25.5778,5840.3006
1526,SYNTHETIC,3,Pharmaceutical Manufacturing,South Korea,KOR,0.435,23.86,3786.71,0.0,631.3,sea_bulk,217.1,0.505,plastic_pet,727.78,3.1,0.012,1272.2558,0.0,2256.1303,1.3156,3552.7265
358,SYNTHETIC,1,Renewable Energy Components,United States,USA,0.386,24.34,1965.15,0.0,2898.8,road_diesel,665.8,2.319,steel,2165.22,1.85,0.1033,583.4691,0.0,4005.6653,159.5035,4797.6945
968,SYNTHETIC,2,Plastics Manufacturing,France,FRA,0.056,,718.98,0.0,3124.0,air_freight,1132.0,2.499,chemicals_general,4321.57,2.2,0.602,29.5438,0.0,9507.4493,1703.0898,10867.5502
784,SYNTHETIC,2,Textiles & Apparel,South Korea,KOR,0.435,19.9,694.73,0.0,9677.7,air_freight,8233.4,7.742,plastic_pet,21063.37,3.1,0.602,244.8424,0.0,65296.4611,38373.8196,105277.8456
736,SYNTHETIC,2,Agricultural Commodities,India,IND,0.7082,18.2,396.7,524.59,4459.7,road_electric,134.2,3.568,wood_timber,2708.7,0.46,0.021,231.2631,1411.1501,1246.0027,10.0555,2781.9989
1036,SYNTHETIC,2,Pharmaceutical Manufacturing,Saudi Arabia,SAU,0.74,9.51,3038.08,0.0,9377.8,road_electric,3237.5,7.502,chemicals_general,12801.96,2.2,0.021,2040.201,0.0,28164.3026,510.0663,29615.8819
971,SYNTHETIC,2,Logistics & Freight,Japan,JPN,0.47,70.28,252.3,161.35,6042.7,rail_freight,3093.8,4.834,cardboard,5370.35,0.89,0.028,38.7924,434.0366,4779.609,418.7665,5877.3325
1525,SYNTHETIC,3,Food Processing,Japan,JPN,0.47,13.01,1130.12,0.0,8093.1,road_electric,709.8,6.474,cardboard,5676.99,0.89,0.021,464.9729,0.0,5052.5168,96.5085,5709.5922
1487,SYNTHETIC,3,Pharmaceutical Manufacturing,Mexico,MEX,0.42,31.08,4144.19,0.0,4930.3,sea_bulk,3179.6,3.944,glass,5844.43,0.85,0.012,1225.4096,0.0,4967.7667,150.4941,6445.3926
1524,SYNTHETIC,3,Packaging Materials,Vietnam,VNM,0.59,34.81,1184.6,0.0,6165.2,road_diesel,6468.5,4.932,glass,11421.44,0.85,0.1033,463.8983,0.0,9708.225,3295.6534,13256.8893
1491,SYNTHETIC,3,Mining & Raw Materials,South Korea,KOR,0.435,22.22,7913.2,789.9,6043.3,road_diesel,50.0,4.835,steel,7598.61,1.85,0.1033,2712.5225,2124.8251,14057.4251,24.971,19363.3026
1643,SYNTHETIC,3,Packaging Materials,South Africa,ZAF,0.89,38.77,1504.65,0.0,8574.3,inland_waterway,472.4,6.859,cardboard,11133.32,0.89,0.031,831.6458,0.0,9908.6587,100.4447,11406.0336
1253,SYNTHETIC,2,Chemical Processing,Japan,JPN,0.47,44.75,1915.69,892.34,7357.5,rail_freight,7541.5,5.886,chemicals_general,9489.52,2.2,0.028,514.5801,2400.4033,20876.9428,1242.9092,22801.7485
1694,SYNTHETIC,3,Food Processing,Japan,JPN,0.47,28.72,1187.76,,5803.8,road_diesel,2258.6,4.643,plastic_pet,7485.96,3.1,0.1033,404.7213,0.0,23206.4732,1083.2778,25235.3598
1750,SYNTHETIC,3,Steel & Metals,Vietnam,VNM,0.59,13.88,4773.27,0.0,4698.9,air_freight,1211.3,3.759,aluminium,4121.15,8.24,0.602,2438.7051,0.0,33958.2381,2741.2218,37969.4803
1237,SYNTHETIC,2,Logistics & Freight,Saudi Arabia,SAU,0.74,15.3,118.14,93.25,5505.2,sea_bulk,2051.5,4.404,plastic_pp,6427.01,1.65,0.012,74.4085,250.8321,10604.5602,108.4239,10908.9201
886,SYNTHETIC,2,Chemical Processing,Japan,JPN,0.47,24.17,5219.34,112.18,3421.9,sea_container,3897.7,2.738,glass,4984.62,0.85,0.016,1885.3535,301.7766,4236.9285,170.722,6967.5178
80,SYNTHETIC,1,Agricultural Commodities,Japan,JPN,0.47,,527.62,135.83,3055.5,sea_container,3146.7,2.444,cardboard,3581.5,0.89,0.016,158.2995,365.3743,3187.5336,123.0673,3824.0118
1173,SYNTHETIC,2,Food Processing,Mexico,MEX,0.42,20.49,1433.35,0.0,2975.7,air_freight,6342.2,2.381,glass,2490.72,0.85,0.602,484.5195,0.0,2117.113,9088.9946,11699.6153
815,SYNTHETIC,2,Packaging Materials,Australia,AUS,0.66,4.58,1465.34,0.0,2551.7,sea_bulk,1131.0,2.041,glass,4403.38,0.85,0.012,924.1814,0.0,3742.869,27.7058,4561.1319
1286,SYNTHETIC,2,Textiles & Apparel,China,CHN,0.581,24.76,812.12,0.0,155.5,inland_waterway,535.9,0.124,plastic_pet,120.48,3.1,0.031,359.0496,0.0,373.5016,2.0669,722.2642
672,SYNTHETIC,2,Food Processing,Australia,AUS,0.66,15.95,807.98,0.0,8177.7,inland_waterway,2630.5,6.542,cardboard,4521.26,0.89,0.031,450.8068,0.0,4023.9254,533.4765,5065.4192
1532,SYNTHETIC,3,Steel & Metals,Japan,JPN,0.47,39.3,6547.58,0.0,5648.5,sea_container,3310.7,4.519,copper,5565.96,3.17,0.016,1919.5466,0.0,17644.0922,239.3675,19210.6626
58,SYNTHETIC,1,Construction Materials,South Korea,KOR,0.435,28.13,1826.61,0.0,3383.6,rail_freight,3891.8,2.707,wood_timber,6343.7,0.46,0.028,581.3538,0.0,2918.1041,294.9649,3894.7822
134,SYNTHETIC,1,Renewable Energy Components,Australia,AUS,0.66,,1482.8,0.0,5301.2,inland_waterway,2972.4,4.241,aluminium,3651.45,8.24,0.031,683.9749,0.0,30087.9731,390.7898,29626.034
1141,SYNTHETIC,2,Construction Materials,Vietnam,VNM,0.59,,1216.04,144.85,2468.3,sea_bulk,6223.7,1.975,concrete,3597.98,0.13,0.012,332.4261,389.6549,467.7374,147.473,1297.7445
934,SYNTHETIC,2,Packaging Materials,Saudi Arabia,SAU,0.74,10.58,281.97,0.0,3727.6,rail_freight,1671.6,2.982,plastic_pet,4530.78,3.1,0.028,187.1711,0.0,14045.407,139.5755,14711.9325
1685,SYNTHETIC,3,Chemical Processing,South Korea,KOR,0.435,20.07,5720.2,0.0,5016.6,rail_freight,485.3,4.013,chemicals_general,7278.73,2.2,0.028,2011.7945,0.0,16013.2159,54.5291,18502.6863
824,SYNTHETIC,2,Agricultural Commodities,Brazil,BRA,0.08,22.81,553.2,2611.15,7478.0,rail_freight,1343.7,5.982,wood_timber,11556.68,0.46,0.028,36.6859,7023.9946,5316.0729,225.0821,13197.2528
1215,SYNTHETIC,2,Electronics Assembly,South Korea,KOR,0.435,54.71,821.15,,8037.4,road_electric,422.4,6.43,plastic_pet,8578.18,3.1,0.021,170.7767,0.0,26592.3646,57.0337,25590.2624
505,SYNTHETIC,1,Electronics Assembly,Vietnam,VNM,0.59,40.88,840.09,0.0,3413.2,inland_waterway,933.7,2.731,chemicals_general,4927.12,2.2,0.031,299.9219,0.0,10839.6715,79.0308,10967.2015
1775,SYNTHETIC,3,Construction Materials,Australia,AUS,0.66,25.72,2561.35,459.61,7889.3,inland_waterway,1247.6,6.311,concrete,944.86,0.13,0.031,1268.8105,1236.3636,122.8317,244.1041,3163.733
348,SYNTHETIC,1,Renewable Energy Components,India,IND,0.7082,39.02,3274.3,0.0,5840.2,rail_freight,1309.6,4.672,copper,6945.53,3.17,0.028,1439.5872,0.0,22017.3377,171.3164,23264.0082
387,SYNTHETIC,1,Construction Materials,Vietnam,VNM,0.59,52.91,2730.3,736.65,6277.2,air_freight,2179.1,5.022,wood_timber,4531.37,0.46,0.602,787.4269,1981.5999,2084.4302,6587.6219,10863.536
1025,SYNTHETIC,2,Mining & Raw Materials,India,IND,0.7082,33.53,6971.44,435.33,3952.3,road_diesel,9958.4,3.162,concrete,3298.64,0.13,0.1033,3328.6875,1171.0373,428.8238,3252.5863,8334.6747
895,SYNTHETIC,2,Automotive Manufacturing,Saudi Arabia,SAU,0.74,27.46,2646.75,1491.21,4516.0,rail_freight,6970.5,3.613,steel,3612.97,1.85,0.028,1435.3312,4011.3497,6683.9947,705.1213,13680.496
829,SYNTHETIC,2,Textiles & Apparel,South Africa,ZAF,0.89,26.91,650.93,0.0,5693.9,sea_bulk,4834.6,4.555,plastic_pet,4708.01,3.1,0.012,426.9063,0.0,14594.8397,264.2654,14894.4649
1893,SYNTHETIC,3,Renewable Energy Components,India,IND,0.7082,30.96,1448.58,0.0,11129.2,road_electric,2008.4,8.903,lithium_battery,15811.5,75.0,0.021,717.227,0.0,1185862.7866,375.5215,1189131.8407
476,SYNTHETIC,1,Chemical Processing,India,IND,0.7082,19.85,4634.79,507.01,345.1,air_freight,535.1,0.276,plastic_pp,354.41,1.65,0.602,2649.1387,1363.8509,584.7686,88.9362,4798.306
1471,SYNTHETIC,3,Automotive Manufacturing,Australia,AUS,0.66,22.86,2272.46,0.0,6456.8,road_diesel,,5.165,plastic_pp,6097.66,1.65,0.1033,1167.3647,0.0,10061.1359,573.2755,11656.5174
1448,SYNTHETIC,3,Logistics & Freight,China,CHN,0.581,22.63,408.28,0.0,4766.8,road_diesel,50.0,3.813,plastic_pp,4583.98,1.65,0.1033,185.3882,0.0,7563.5634,19.6966,7609.3798
1582,SYNTHETIC,3,Agricultural Commodities,Germany,DEU,0.385,56.82,517.24,0.0,2527.1,sea_bulk,2560.7,2.022,wood_timber,3146.39,0.46,0.012,91.8699,0.0,1447.3416,62.1245,1603.5786
653,SYNTHETIC,2,Semiconductor Fabrication,Australia,AUS,0.66,25.88,12200.54,0.0,5747.0,inland_waterway,5900.1,4.598,aluminium,6288.77,8.24,0.031,6031.1993,0.0,51819.4787,840.9091,58844.8012
173,SYNTHETIC,1,Automotive Manufacturing,United States,USA,0.386,39.07,1284.61,,8643.0,sea_bulk,3952.1,6.914,aluminium,14736.59,8.24,0.012,312.161,0.0,121429.4826,327.9159,122732.8239
1150,SYNTHETIC,2,Automotive Manufacturing,Turkey,TUR,0.445,42.42,2343.1,0.0,5349.6,road_diesel,1673.3,4.28,plastic_pp,8314.44,1.65,0.1033,620.3017,0.0,13718.8274,739.7542,15884.8577
39,SYNTHETIC,1,Mining & Raw Materials,United Kingdom,GBR,0.207,31.45,5484.13,637.97,3252.1,road_diesel,1080.5,2.602,steel,5171.05,1.85,0.1033,812.6691,1716.1368,9566.439,290.3856,12330.9885
714,SYNTHETIC,2,Mining & Raw Materials,Brazil,BRA,0.08,,6148.8,96.62,3110.1,rail_freight,3112.6,2.488,concrete,5930.41,0.13,0.028,429.2952,259.8964,770.9537,216.8456,1623.4491
91,SYNTHETIC,1,Pharmaceutical Manufacturing,Mexico,MEX,0.42,16.3,2089.71,0.0,7431.4,inland_waterway,240.1,5.945,glass,12318.67,0.85,0.031,741.4551,0.0,10470.8674,44.255,11231.4415
1937,SYNTHETIC,3,Semiconductor Fabrication,South Korea,KOR,0.435,44.12,10975.98,0.0,6187.9,road_electric,2811.1,4.95,aluminium,7875.67,8.24,0.021,2764.832,0.0,64895.5046,292.2319,70642.3514
1206,SYNTHETIC,2,Steel & Metals,Vietnam,VNM,0.59,23.89,7425.01,238.09,4031.3,inland_waterway,1164.4,3.225,aluminium,2365.53,8.24,0.031,3369.5448,640.4629,19491.9657,116.4098,22723.0334
876,SYNTHETIC,2,Agricultural Commodities,Australia,AUS,0.66,47.65,533.31,445.36,7709.0,road_electric,3401.6,6.167,wood_timber,4555.33,0.46,0.021,189.332,1198.0277,2095.453,440.5418,3958.0047
1352,SYNTHETIC,2,Packaging Materials,Japan,JPN,0.47,18.47,2150.09,0.0,4764.6,inland_waterway,535.3,3.812,glass,5916.66,0.85,0.031,831.8628,0.0,5029.162,63.253,5725.6743
1890,SYNTHETIC,3,Agricultural Commodities,Vietnam,VNM,0.59,13.62,965.59,201.6,5519.0,rail_freight,1260.8,4.415,wood_timber,7362.57,0.46,0.028,494.7214,542.3119,3386.7821,155.8598,4629.768
1094,SYNTHETIC,2,Construction Materials,China,CHN,0.581,33.86,3910.05,,3209.1,sea_container,992.1,2.567,steel,4314.04,1.85,0.016,1529.1103,1301.675,7980.9759,40.7507,10876.0472
1156,SYNTHETIC,2,Mining & Raw Materials,South Korea,KOR,0.435,76.47,6684.52,312.85,3668.9,road_electric,846.9,2.935,steel,8076.13,1.85,0.021,786.3515,841.5686,14940.8411,52.2017,16379.6344
1782,SYNTHETIC,3,Agricultural Commodities,Japan,JPN,0.47,42.22,594.94,0.0,7226.0,sea_container,2272.8,5.781,wood_timber,6401.06,0.46,0.016,166.5944,0.0,2944.4889,210.2199,3401.1745
1959,SYNTHETIC,3,Textiles & Apparel,Mexico,MEX,0.42,4.92,697.41,0.0,4775.7,air_freight,621.1,3.821,cotton_fabric,4882.34,8.0,0.602,279.1882,0.0,39058.7328,1428.5275,40600.3713
500,SYNTHETIC,1,Food Processing,India,IND,0.7082,27.96,763.15,0.0,2987.6,sea_bulk,2941.2,2.39,glass,3746.86,0.85,0.012,393.5919,0.0,3184.8281,84.3578,3607.7936
339,SYNTHETIC,1,Chemical Processing,Turkey,TUR,0.445,21.6,4053.27,1112.81,10189.1,inland_waterway,5867.9,8.151,chemicals_general,14128.89,2.2,0.031,1431.6183,2993.4622,31083.5677,1482.758,38679.331
1189,SYNTHETIC,2,Textiles & Apparel,South Africa,ZAF,0.89,27.91,553.28,0.0,5654.3,rail_freight,1423.9,4.523,plastic_pet,7505.57,3.1,0.028,358.075,0.0,23267.2575,180.3529,25171.1247
29,SYNTHETIC,1,Construction Materials,France,FRA,0.056,14.74,3370.53,0.0,10359.9,rail_freight,3964.1,8.288,steel,4039.75,1.85,0.028,170.8634,0.0,7473.546,919.9206,8612.2357
1218,SYNTHETIC,2,Packaging Materials,Mexico,MEX,0.42,,1045.34,0.0,8585.0,road_electric,448.5,6.868,glass,12612.25,0.85,0.021,403.6555,0.0,10720.4129,64.6813,10793.1471
1400,SYNTHETIC,2,Electronics Assembly,Brazil,BRA,0.08,17.97,679.06,0.0,7241.1,rail_freight,777.2,5.793,plastic_pet,10512.74,3.1,0.028,47.001,0.0,32589.502,126.0667,32849.8411
1821,SYNTHETIC,3,Construction Materials,Saudi Arabia,SAU,0.74,46.68,3257.45,222.37,7085.3,road_diesel,1865.0,5.668,steel,12310.83,1.85,0.1033,1315.5867,598.1656,22775.0296,1092.0283,26310.5554
946,SYNTHETIC,2,Logistics & Freight,France,FRA,0.056,2.98,518.91,40.57,3123.2,rail_freight,971.0,2.499,plastic_pp,3961.98,1.65,0.028,28.5029,109.1318,6537.2633,67.9277,6861.5867
170,SYNTHETIC,1,Plastics Manufacturing,India,IND,0.7082,,2214.23,3843.87,1939.3,road_electric,261.1,1.551,chemicals_general,1608.25,2.2,0.021,933.696,10340.0059,3538.1551,8.5071,15393.0151
1405,SYNTHETIC,3,Plastics Manufacturing,Saudi Arabia,SAU,0.74,10.99,2617.5,0.0,7901.8,inland_waterway,786.8,6.321,plastic_pp,10876.18,1.65,0.031,1729.8643,0.0,17945.6902,154.1825,20353.0214
1198,SYNTHETIC,2,Plastics Manufacturing,United States,USA,0.386,41.63,2669.5,0.0,3208.8,rail_freight,167.1,2.567,plastic_pet,4377.9,3.1,0.028,623.6622,0.0,13571.4753,12.0127,14435.4288
1254,SYNTHETIC,2,Semiconductor Fabrication,France,FRA,0.056,11.05,10588.11,0.0,3888.3,road_electric,3614.0,3.111,aluminium,3069.8,8.24,0.021,550.825,0.0,25295.1745,236.0799,25692.9028
1614,SYNTHETIC,3,Electronics Assembly,United Kingdom,GBR,0.207,18.51,1167.18,0.0,4887.7,sea_bulk,1554.1,3.91,copper,2583.64,3.17,0.012,201.1972,0.0,8190.1277,72.9214,8647.7791
913,SYNTHETIC,2,Renewable Energy Components,Germany,DEU,0.385,7.36,2056.29,0.0,3167.7,rail_freight,247.5,2.534,lithium_battery,6195.2,75.0,0.028,736.437,0.0,464640.0907,17.5592,454245.0198
492,SYNTHETIC,1,Pharmaceutical Manufacturing,United Kingdom,GBR,0.207,8.7,3161.12,0.0,3298.8,sea_bulk,3043.8,2.639,glass,2156.57,0.85,0.012,602.9519,0.0,1833.0883,96.3899,2487.9657
954,SYNTHETIC,2,Food Processing,United States,USA,0.386,14.46,1685.8,0.0,4154.4,sea_bulk,2017.7,3.323,glass,4960.81,0.85,0.012,561.5003,0.0,4216.6909,80.4685,4896.5823
1098,SYNTHETIC,2,Pharmaceutical Manufacturing,South Africa,ZAF,0.89,4.87,3229.06,0.0,2295.0,sea_bulk,1981.0,1.836,glass,4100.11,0.85,0.012,2737.0143,0.0,3485.0975,43.6439,6000.8616
1033,SYNTHETIC,2,Food Processing,China,CHN,0.581,26.89,606.22,0.0,4246.2,sea_container,5659.1,3.397,glass,7266.55,0.85,0.016,260.7607,0.0,6176.5655,307.5783,6732.5918
588,SYNTHETIC,1,Logistics & Freight,Japan,JPN,0.47,20.33,614.89,0.0,5101.5,road_diesel,3247.2,4.081,cardboard,7310.87,0.89,0.1033,232.7509,0.0,6506.6734,1368.9899,7998.7854
751,SYNTHETIC,2,Plastics Manufacturing,Turkey,TUR,0.445,,1255.08,1229.96,2473.5,road_electric,495.5,1.979,chemicals_general,3184.25,2.2,0.021,282.8145,3308.5957,7005.3535,20.5907,11027.884
658,SYNTHETIC,2,Pharmaceutical Manufacturing,South Africa,ZAF,0.89,34.6,2504.19,0.0,5505.7,road_diesel,9572.1,4.405,chemicals_general,6548.52,2.2,0.1033,1475.0227,0.0,14406.7371,4355.2351,20209.5206
235,SYNTHETIC,1,Packaging Materials,Australia,AUS,0.66,11.24,1731.79,0.0,3425.2,sea_container,969.7,2.74,glass,3844.72,0.85,0.016,1018.4265,0.0,3268.0155,42.5129,4128.8542
733,SYNTHETIC,2,Agricultural Commodities,South Africa,ZAF,0.89,58.29,700.85,1205.4,4085.8,road_electric,1169.4,3.269,cardboard,5490.75,0.89,0.021,268.3208,3242.5358,4886.7689,80.272,8498.9873
1989,SYNTHETIC,3,Semiconductor Fabrication,Mexico,MEX,0.42,27.7,5699.85,0.0,5208.2,sea_bulk,2300.1,4.167,chemicals_general,4265.51,2.2,0.012,1762.4208,0.0,9384.1133,115.0016,11178.9942
1633,SYNTHETIC,3,Textiles & Apparel,China,CHN,0.581,8.47,456.14,0.0,5031.6,road_diesel,250.6,4.025,plastic_pet,6298.65,3.1,0.1033,243.3405,0.0,19525.8044,104.1963,20356.1716
1157,SYNTHETIC,2,Construction Materials,India,IND,0.7082,4.72,2646.74,2604.25,5311.9,inland_waterway,397.0,4.25,wood_timber,7378.95,0.46,0.031,1788.5297,7005.4369,3394.3149,52.305,11240.8535
1470,SYNTHETIC,3,Renewable Energy Components,Saudi Arabia,SAU,0.74,35.82,2123.96,0.0,332.8,road_diesel,330.3,0.266,lithium_battery,358.16,75.0,0.1033,1023.9202,0.0,26862.0829,9.0838,28008.4956
1425,SYNTHETIC,3,Logistics & Freight,Brazil,BRA,0.08,9.14,603.02,,5732.9,sea_container,5561.0,4.586,cardboard,8497.95,0.89,0.016,44.9352,4989.5592,7563.1711,408.0727,13002.9133
1628,SYNTHETIC,3,Plastics Manufacturing,South Africa,ZAF,0.89,29.84,1445.88,880.65,4050.2,air_freight,5497.5,3.24,chemicals_general,5509.71,2.2,0.602,911.4158,2368.9444,12121.3572,10723.3994,24681.3779
935,SYNTHETIC,2,Plastics Manufacturing,Vietnam,VNM,0.59,,1743.2,1234.11,3117.0,inland_waterway,2511.3,2.494,plastic_pet,2732.74,3.1,0.031,588.6776,3319.7467,8471.5005,194.1266,12480.1807
1210,SYNTHETIC,2,Textiles & Apparel,Saudi Arabia,SAU,0.74,45.6,1046.5,0.0,7065.4,rail_freight,324.0,5.652,plastic_pet,9605.26,3.1,0.028,430.8141,0.0,29776.2976,51.2791,29922.5022
1066,SYNTHETIC,2,Packaging Materials,South Korea,KOR,0.435,43.72,1001.09,0.0,4288.0,road_diesel,1168.9,3.43,cardboard,4350.02,0.89,0.1033,253.8545,0.0,3871.5211,414.2049,4390.0214
109,SYNTHETIC,1,Chemical Processing,China,CHN,0.581,6.33,6378.63,0.0,3685.5,sea_bulk,2874.5,2.948,chemicals_general,4325.66,2.2,0.012,3479.3697,0.0,9516.4413,101.7005,12429.148
1543,SYNTHETIC,3,Construction Materials,Brazil,BRA,0.08,54.19,2875.23,960.26,6562.8,road_diesel,4041.5,5.25,glass,9443.47,0.85,0.1033,136.5325,2583.0916,8026.9486,2191.9198,13313.114
569,SYNTHETIC,1,Logistics & Freight,Germany,DEU,0.385,50.43,596.31,468.33,3615.1,road_diesel,1866.1,2.892,cardboard,2209.48,0.89,0.1033,119.8146,1259.821,1966.4394,557.494,3742.6832
1168,SYNTHETIC,2,Plastics Manufacturing,Japan,JPN,0.47,35.65,798.33,586.26,2897.3,road_electric,1504.2,2.318,chemicals_general,4852.86,2.2,0.021,247.1484,1577.0496,10676.2899,73.2142,12770.3159
1175,SYNTHETIC,2,Textiles & Apparel,Germany,DEU,0.385,37.05,912.58,0.0,3933.5,sea_bulk,50.0,3.147,plastic_pet,4486.99,3.1,0.012,227.9453,0.0,13909.6601,1.8881,14353.8177
891,SYNTHETIC,2,Semiconductor Fabrication,Australia,AUS,0.66,,11983.97,0.0,5184.7,sea_bulk,6042.1,4.148,copper,3441.6,3.17,0.012,5104.7649,0.0,10909.8718,300.7331,16158.8272
948,SYNTHETIC,2,Renewable Energy Components,India,IND,0.7082,79.48,1485.75,0.0,5379.1,sea_bulk,2602.8,4.303,lithium_battery,5091.7,75.0,0.012,239.5241,0.0,381877.8246,134.4101,360391.8897
1049,SYNTHETIC,2,Agricultural Commodities,Australia,AUS,0.66,,666.79,,4460.0,rail_freight,95.5,3.568,cardboard,4164.21,0.89,0.028,376.0183,497.797,3706.1466,9.543,4736.1649
1353,SYNTHETIC,2,Construction Materials,Brazil,BRA,0.08,39.65,2477.01,849.96,4727.9,rail_freight,1671.1,3.782,steel,6994.78,1.85,0.028,139.2318,2286.4011,12940.3364,176.982,16204.5531
1778,SYNTHETIC,3,Packaging Materials,South Korea,KOR,0.435,34.22,999.78,0.0,7707.1,sea_bulk,1161.2,6.166,glass,5538.47,0.85,0.012,292.9243,0.0,4707.7006,85.916,4957.8113
1447,SYNTHETIC,3,Construction Materials,United States,USA,0.386,39.23,4287.7,399.3,5390.2,air_freight,5294.6,4.312,glass,8255.04,0.85,0.602,1039.3628,1074.1131,7016.7801,13744.3828,22871.0239
885,SYNTHETIC,2,Agricultural Commodities,Australia,AUS,0.66,21.73,602.47,0.0,4138.3,sea_container,2128.3,3.311,cotton_fabric,5136.72,8.0,0.016,313.8376,0.0,41093.7417,112.7379,39364.7823
1673,SYNTHETIC,3,Packaging Materials,South Africa,ZAF,0.89,71.14,2080.57,0.0,10280.2,sea_bulk,6807.8,8.224,cardboard,15810.38,0.89,0.012,563.9972,0.0,14071.2395,671.8611,15592.2384
851,SYNTHETIC,2,Electronics Assembly,France,FRA,0.056,12.55,709.8,0.0,5075.4,inland_waterway,1576.9,4.06,copper,6687.2,3.17,0.031,36.5423,0.0,21198.4224,198.4768,21535.7928
735,SYNTHETIC,2,Semiconductor Fabrication,Mexico,MEX,0.42,36.28,9344.15,0.0,8256.5,rail_freight,3112.1,6.605,aluminium,8089.41,8.24,0.028,2568.5536,0.0,66656.7189,575.5594,70868.1338
718,SYNTHETIC,2,Renewable Energy Components,France,FRA,0.056,16.12,2150.72,0.0,3991.8,air_freight,10135.8,3.193,lithium_battery,6243.49,75.0,0.602,107.9601,0.0,468261.6959,19485.3949,485168.9966
455,SYNTHETIC,1,Automotive Manufacturing,United Kingdom,GBR,0.207,,1570.21,781.21,6420.3,road_electric,1880.4,5.136,steel,7063.92,1.85,0.021,237.3226,2101.4655,13068.2462,202.8228,16781.3667
265,SYNTHETIC,1,Semiconductor Fabrication,Brazil,BRA,0.08,56.06,10725.59,0.0,5799.1,sea_bulk,140.5,4.639,aluminium,1024.43,8.24,0.012,497.2891,0.0,8441.3163,7.8196,8654.616
76,SYNTHETIC,1,Renewable Energy Components,Brazil,BRA,0.08,16.53,2096.01,0.0,1242.1,road_electric,1357.2,0.994,lithium_battery,835.14,75.0,0.021,146.8905,0.0,62635.8472,28.3218,62375.9022
1658,SYNTHETIC,3,Agricultural Commodities,Germany,DEU,0.385,33.27,779.92,0.0,8988.1,road_electric,451.3,7.19,cotton_fabric,14075.94,8.0,0.021,205.5717,0.0,112607.4938,68.1392,109483.4441
445,SYNTHETIC,1,Agricultural Commodities,Germany,DEU,0.385,41.87,757.41,335.0,4642.2,sea_bulk,1678.7,3.714,cotton_fabric,5451.67,8.0,0.012,175.8384,901.1541,43613.3424,74.8117,45485.3608
396,SYNTHETIC,1,Pharmaceutical Manufacturing,Turkey,TUR,0.445,27.54,3728.96,0.0,1862.2,sea_bulk,1650.7,1.49,chemicals_general,373.55,2.2,0.012,1222.9055,0.0,821.8197,29.5092,2141.9853
177,SYNTHETIC,1,Electronics Assembly,South Korea,KOR,0.435,24.4,1029.48,0.0,6455.2,road_diesel,1210.6,5.164,chemicals_general,6960.76,2.2,0.1033,343.5896,0.0,15313.6661,645.8046,17224.7961
1043,SYNTHETIC,2,Pharmaceutical Manufacturing,South Korea,KOR,0.435,69.99,3978.52,0.0,7083.2,inland_waterway,2079.9,5.667,plastic_pet,11215.23,3.1,0.031,575.0354,0.0,34767.2046,365.3704,37427.5867
1736,SYNTHETIC,3,Pharmaceutical Manufacturing,India,IND,0.7082,38.2,3801.06,0.0,8176.1,rail_freight,3385.7,6.541,chemicals_general,11794.57,2.2,0.028,1692.7181,0.0,25948.0578,620.0779,28254.2273
1402,SYNTHETIC,3,Steel & Metals,Saudi Arabia,SAU,0.74,6.78,5720.81,184.93,6509.3,air_freight,2001.3,5.207,steel,9391.1,1.85,0.602,3954.2553,497.4542,17373.5432,6273.9864,27819.1408
1381,SYNTHETIC,2,Food Processing,Germany,DEU,0.385,37.37,2088.19,0.0,1723.4,inland_waterway,6258.4,1.379,glass,1947.52,0.85,0.031,519.1134,0.0,1655.3929,267.4856,2540.5349
596,SYNTHETIC,1,Textiles & Apparel,United Kingdom,GBR,0.207,12.12,1069.8,0.0,4561.8,rail_freight,711.9,3.649,plastic_pet,6131.73,3.1,0.028,197.2094,0.0,19008.3574,72.7469,19569.9683
62,SYNTHETIC,1,Mining & Raw Materials,Germany,DEU,0.385,,2495.07,1173.98,5518.8,rail_freight,517.7,4.415,copper,7821.98,3.17,0.028,664.4836,3158.0035,24795.6765,63.9976,28025.4035
1297,SYNTHETIC,2,Pharmaceutical Manufacturing,Japan,JPN,0.47,60.17,3619.86,,3711.3,air_freight,73.7,2.969,glass,6629.07,0.85,0.602,721.2307,0.0,5634.708,131.6793,6509.4129
873,SYNTHETIC,2,Construction Materials,South Korea,KOR,0.435,20.31,3242.79,0.0,7754.3,road_diesel,761.4,6.203,wood_timber,4323.03,0.46,0.1033,1137.3501,0.0,1988.592,487.9153,3656.6771
1490,SYNTHETIC,3,Packaging Materials,Germany,DEU,0.385,,1040.82,,6562.4,rail_freight,435.2,5.25,cardboard,7823.2,0.89,0.028,363.3361,0.0,6962.648,63.9799,7153.1754
1879,SYNTHETIC,3,Renewable Energy Components,Germany,DEU,0.385,10.52,1752.53,0.0,6777.8,sea_bulk,1751.3,5.422,lithium_battery,7539.85,75.0,0.012,607.451,0.0,565488.8599,113.9534,560937.5268
279,SYNTHETIC,1,Electronics Assembly,Japan,JPN,0.47,24.37,817.52,,2490.1,road_electric,200.3,1.992,chemicals_general,3382.5,2.2,0.021,294.5715,0.0,7441.4927,8.3776,7617.4299
37,SYNTHETIC,1,Renewable Energy Components,Turkey,TUR,0.445,15.8,2112.6,0.0,8263.7,rail_freight,1232.5,6.611,lithium_battery,12170.62,75.0,0.028,798.225,0.0,912796.3137,228.1388,905316.8135
1976,SYNTHETIC,3,Renewable Energy Components,Vietnam,VNM,0.59,24.9,2093.88,,8199.0,air_freight,3948.5,6.559,steel,9119.95,1.85,0.602,938.18,0.0,16871.914,15591.4153,32949.9194
663,SYNTHETIC,2,Chemical Processing,United States,USA,0.386,30.25,6721.27,0.0,5236.6,air_freight,7060.3,4.189,glass,5735.7,0.85,0.602,1850.3747,0.0,4875.3439,17805.6306,24321.7262
1954,SYNTHETIC,3,Agricultural Commodities,United Kingdom,GBR,0.207,26.9,414.25,241.56,398.2,road_electric,123.8,0.319,cardboard,455.8,0.89,0.021,64.9107,649.8009,405.6611,0.8285,1174.4429
1445,SYNTHETIC,3,Logistics & Freight,Mexico,MEX,0.42,38.0,379.78,933.12,4862.2,sea_container,192.2,3.89,plastic_pp,5706.44,1.65,0.016,101.7827,2510.0822,9415.6293,11.9602,12004.5611
978,SYNTHETIC,2,Plastics Manufacturing,Japan,JPN,0.47,40.59,1869.52,103.74,1115.9,air_freight,1766.5,0.893,chemicals_general,745.85,2.2,0.602,537.1948,279.0698,1640.8752,949.3597,3330.6373
1572,SYNTHETIC,3,Agricultural Commodities,Germany,DEU,0.385,34.82,195.88,440.17,4380.7,rail_freight,10112.4,3.505,cotton_fabric,5506.04,8.0,0.028,50.5194,1184.0575,44048.3393,992.3169,46474.3396
739,SYNTHETIC,2,Automotive Manufacturing,South Korea,KOR,0.435,58.6,2116.44,0.0,6643.0,rail_freight,736.2,5.314,plastic_pp,11990.7,1.65,0.028,405.9191,0.0,19784.6576,109.552,19611.0027
192,SYNTHETIC,1,Packaging Materials,France,FRA,0.056,14.75,1402.32,0.0,6303.2,sea_bulk,2755.9,5.043,glass,8232.17,0.85,0.012,71.0851,0.0,6997.3449,166.7654,7225.4221
920,SYNTHETIC,2,Automotive Manufacturing,Brazil,BRA,0.08,65.11,2241.69,117.16,4847.3,sea_container,50.0,3.878,plastic_pp,3020.98,1.65,0.016,91.758,315.1668,4984.6239,3.1022,5547.7398
457,SYNTHETIC,1,Textiles & Apparel,France,FRA,0.056,3.46,853.91,0.0,194.5,sea_container,1659.1,0.156,cotton_fabric,361.31,8.0,0.016,46.755,0.0,2890.4776,4.131,2973.1876
676,SYNTHETIC,2,Textiles & Apparel,South Africa,ZAF,0.89,35.01,1481.81,0.0,3037.8,rail_freight,4118.9,2.43,cotton_fabric,3768.14,8.0,0.028,867.446,0.0,30145.1156,280.2759,31733.6712
761,SYNTHETIC,2,Renewable Energy Components,South Africa,ZAF,0.89,40.92,2302.66,0.0,3126.5,air_freight,7250.4,2.501,aluminium,3070.07,8.24,0.602,1229.6597,0.0,25297.4152,10916.8956,39484.7668
1808,SYNTHETIC,3,Packaging Materials,United Kingdom,GBR,0.207,32.53,697.01,0.0,8924.0,road_diesel,2273.4,7.139,plastic_pet,16862.79,3.1,0.1033,101.8778,0.0,52274.6461,1676.5534,52253.3701
1603,SYNTHETIC,3,Steel & Metals,Germany,DEU,0.385,23.18,2294.58,14.22,3061.3,rail_freight,672.9,2.449,steel,5827.48,1.85,0.028,689.2624,38.2486,10780.8449,46.142,11345.1572
729,SYNTHETIC,2,Logistics & Freight,Brazil,BRA,0.08,14.73,54.78,301.25,4384.2,sea_container,278.8,3.507,plastic_pp,4616.17,1.65,0.016,3.8983,810.3574,7616.6765,15.6435,8329.9747
413,SYNTHETIC,1,Construction Materials,France,FRA,0.056,56.08,3773.79,423.03,3050.4,inland_waterway,903.8,2.44,concrete,4343.36,0.13,0.031,135.1436,1137.957,564.6365,68.3723,1916.8335
1099,SYNTHETIC,2,Packaging Materials,Turkey,TUR,0.445,26.68,2035.27,0.0,5837.3,road_diesel,5288.5,4.67,cardboard,3814.14,0.89,0.1033,674.9024,0.0,3394.5833,2551.1766,6343.7035
826,SYNTHETIC,2,Steel & Metals,Saudi Arabia,SAU,0.74,,6028.01,,9250.3,road_electric,3309.9,7.4,steel,13186.5,1.85,0.021,1789.7547,0.0,24395.0175,514.3771,25281.2289
1640,SYNTHETIC,3,Logistics & Freight,Germany,DEU,0.385,26.46,301.67,1962.0,4152.7,inland_waterway,1147.2,3.322,cardboard,5812.34,0.89,0.031,87.0073,5277.788,5172.9789,118.1437,10297.288
617,SYNTHETIC,2,Plastics Manufacturing,Turkey,TUR,0.445,66.05,711.02,731.06,1673.2,sea_bulk,804.6,1.339,chemicals_general,2738.82,2.2,0.012,116.8181,1966.5436,6025.4117,12.9246,7761.9563
115,SYNTHETIC,1,Automotive Manufacturing,Australia,AUS,0.66,21.41,1928.62,733.07,7489.4,inland_waterway,862.1,5.992,steel,1725.91,1.85,0.031,1008.6756,1971.9682,3192.9424,160.1211,6483.0181
418,SYNTHETIC,1,Mining & Raw Materials,United States,USA,0.386,43.27,4013.82,2320.69,6111.9,rail_freight,1735.8,4.89,concrete,4560.98,0.13,0.028,913.6567,6242.6501,592.9273,237.6391,8281.5348
1911,SYNTHETIC,3,Semiconductor Fabrication,Australia,AUS,0.66,5.91,4550.65,,5218.8,sea_container,5236.3,4.175,copper,7557.81,3.17,0.016,2831.3469,0.0,23958.2426,349.7925,26990.5475
970,SYNTHETIC,2,Packaging Materials,India,IND,0.7082,12.46,1484.27,0.0,7495.3,inland_waterway,50.0,5.996,glass,8562.36,0.85,0.031,923.8747,0.0,7278.0095,9.2942,8477.972
605,SYNTHETIC,2,Semiconductor Fabrication,United States,USA,0.386,44.75,8577.19,0.0,8306.9,sea_container,2707.8,6.645,chemicals_general,10232.64,2.2,0.016,1906.1111,0.0,22511.799,287.9175,25268.2492
1919,SYNTHETIC,3,Chemical Processing,United States,USA,0.386,57.05,3700.03,0.0,5122.1,air_freight,2008.4,4.098,plastic_pp,7164.29,1.65,0.602,655.6352,0.0,11821.0711,4954.4513,16825.5983
90,SYNTHETIC,1,Food Processing,United States,USA,0.386,28.14,1186.0,0.0,5606.3,road_electric,2915.1,4.485,cardboard,10698.62,0.89,0.021,335.6322,0.0,9521.7699,274.5618,9658.4104
849,SYNTHETIC,2,Packaging Materials,Vietnam,VNM,0.59,,1712.81,0.0,736.1,air_freight,1187.2,0.589,plastic_pet,614.92,3.1,0.602,547.097,0.0,1906.255,420.8681,2796.9036
1520,SYNTHETIC,3,Pharmaceutical Manufacturing,China,CHN,0.581,14.28,3952.2,0.0,787.4,air_freight,1938.2,0.63,glass,1421.72,0.85,0.602,1979.6577,0.0,1208.4638,734.9299,3972.0951
1918,SYNTHETIC,3,Semiconductor Fabrication,United States,USA,0.386,33.58,11075.92,0.0,4510.3,road_diesel,2714.1,3.608,copper,4079.17,3.17,0.1033,2914.2249,0.0,12930.9691,1011.636,16479.97
754,SYNTHETIC,2,Food Processing,South Africa,ZAF,0.89,,1706.74,0.0,6293.1,road_electric,3402.0,5.034,glass,2431.02,0.85,0.021,321.0539,0.0,2066.3651,359.6717,2644.7136
499,SYNTHETIC,1,Food Processing,Japan,JPN,0.47,32.11,1943.59,0.0,2938.5,road_diesel,1532.9,2.351,glass,4680.6,0.85,0.1033,632.664,0.0,3978.5137,372.242,4904.8366
1277,SYNTHETIC,2,Packaging Materials,United Kingdom,GBR,0.207,41.88,1521.16,0.0,7556.9,inland_waterway,180.3,6.046,plastic_pet,9880.51,3.1,0.031,195.7354,0.0,30629.5931,33.7907,30382.4085
1326,SYNTHETIC,2,Logistics & Freight,India,IND,0.7082,39.38,449.92,115.37,4698.8,road_diesel,6743.9,3.759,plastic_pp,2051.12,1.65,0.1033,196.6963,310.3471,3384.355,2618.6868,6733.5423
12,SYNTHETIC,1,Mining & Raw Materials,India,IND,0.7082,35.85,5077.74,432.22,5012.8,road_electric,1029.8,4.01,steel,5222.29,1.85,0.021,2343.3507,1162.6682,9661.2273,86.722,13139.0018
397,SYNTHETIC,1,Packaging Materials,South Korea,KOR,0.435,27.31,2078.29,0.0,5023.7,road_diesel,5260.0,4.019,plastic_pet,9840.93,3.1,0.1033,668.509,0.0,30506.8866,2183.7273,33906.5072
285,SYNTHETIC,1,Chemical Processing,India,IND,0.7082,,4419.39,1055.61,2823.7,sea_bulk,,2.259,plastic_pp,2580.01,1.65,0.012,2234.8088,2839.5831,4257.0165,63.2463,9231.1727
1067,SYNTHETIC,2,Construction Materials,Germany,DEU,0.385,37.85,2229.9,579.79,3785.5,rail_freight,3532.9,3.028,wood_timber,2353.81,0.46,0.028,550.4551,1559.6294,1082.7531,299.5712,3530.3273
1192,SYNTHETIC,2,Textiles & Apparel,Australia,AUS,0.66,24.81,891.6,0.0,5009.0,sea_bulk,1755.9,4.007,cotton_fabric,8560.16,8.0,0.012,446.8663,0.0,68481.3054,84.4322,69462.7162
1745,SYNTHETIC,3,Textiles & Apparel,Vietnam,VNM,0.59,22.22,1354.83,0.0,2602.7,air_freight,3664.0,2.082,cotton_fabric,3592.78,8.0,0.602,627.7941,0.0,28742.2718,4592.6538,32683.8714
691,SYNTHETIC,2,Food Processing,India,IND,0.7082,61.85,1526.92,0.0,7050.6,sea_container,1620.4,5.64,plastic_pet,11151.44,3.1,0.016,431.4385,0.0,34569.4606,146.2366,36431.9183
1753,SYNTHETIC,3,Plastics Manufacturing,Saudi Arabia,SAU,0.74,8.47,1967.16,0.0,3980.8,sea_container,14210.6,3.185,chemicals_general,3401.99,2.2,0.016,1335.7724,0.0,7484.3817,724.1002,9324.0267
1876,SYNTHETIC,3,Logistics & Freight,Saudi Arabia,SAU,0.74,15.84,553.76,933.35,6789.8,sea_bulk,814.7,5.432,plastic_pp,7900.96,1.65,0.012,346.6256,2510.7019,13036.5878,53.1045,14939.6877
690,SYNTHETIC,2,Packaging Materials,Vietnam,VNM,0.59,29.63,1195.08,0.0,3190.5,sea_bulk,558.3,2.552,glass,4021.59,0.85,0.012,503.2827,0.0,3418.3509,17.1013,4170.6971
852,SYNTHETIC,2,Semiconductor Fabrication,South Korea,KOR,0.435,8.74,14521.29,0.0,11980.5,road_electric,1284.0,9.584,aluminium,20635.55,8.24,0.021,5790.2453,0.0,170036.8984,258.4265,180186.0494
160,SYNTHETIC,1,Construction Materials,Saudi Arabia,SAU,0.74,62.33,2197.83,932.15,690.9,inland_waterway,1438.9,0.553,wood_timber,1116.52,0.46,0.031,640.1183,2507.4758,513.6004,24.6552,3760.8118
896,SYNTHETIC,2,Semiconductor Fabrication,China,CHN,0.581,25.37,8011.79,0.0,6645.4,road_electric,1897.7,5.316,copper,12208.76,3.17,0.021,3514.6454,0.0,38701.755,211.8676,44293.2583
1576,SYNTHETIC,3,Mining & Raw Materials,France,FRA,0.056,40.57,7631.32,2145.99,6863.0,road_electric,6635.8,5.49,steel,8478.0,1.85,0.021,315.8974,5772.7229,15684.3011,765.0916,20663.1847
258,SYNTHETIC,1,Chemical Processing,South Africa,ZAF,0.89,21.36,2999.51,310.5,4481.3,inland_waterway,4710.4,3.585,chemicals_general,6461.17,2.2,0.031,2112.2743,835.2372,14214.5844,523.4946,17436.2013
336,SYNTHETIC,1,Plastics Manufacturing,India,IND,0.7082,26.63,1897.92,246.85,6263.5,air_freight,955.2,5.011,plastic_pet,11470.04,3.1,0.602,996.2322,664.022,35557.1133,2881.2585,41284.0812
1880,SYNTHETIC,3,Logistics & Freight,United Kingdom,GBR,0.207,20.41,574.67,454.79,6563.1,sea_bulk,12312.5,5.25,cardboard,8760.9,0.89,0.012,97.0265,1223.3909,7797.1991,775.7557,9708.2838
1040,SYNTHETIC,2,Renewable Energy Components,Germany,DEU,0.385,17.05,2713.18,0.0,4147.3,sea_container,1177.6,3.318,lithium_battery,6193.0,75.0,0.016,875.7668,0.0,464474.8166,62.5132,484655.2662
516,SYNTHETIC,1,Packaging Materials,Saudi Arabia,SAU,0.74,34.12,1372.19,0.0,6644.4,road_diesel,521.6,5.316,cardboard,4818.54,0.89,0.1033,678.323,0.0,4288.5026,286.3903,5419.9236
1349,SYNTHETIC,2,Mining & Raw Materials,Turkey,TUR,0.445,46.57,7896.94,482.24,7173.9,sea_container,3941.8,5.739,chemicals_general,6766.46,2.2,0.016,1951.2436,1297.2356,14886.2134,361.9573,18893.0056
1016,SYNTHETIC,2,Electronics Assembly,Japan,JPN,0.47,,867.75,0.0,5756.7,road_diesel,63.0,4.605,copper,6612.37,3.17,0.1033,341.7247,0.0,20961.2159,29.9599,21862.0989
769,SYNTHETIC,2,Packaging Materials,France,FRA,0.056,3.37,1367.57,0.0,7621.0,road_electric,4077.4,6.097,glass,14463.39,0.85,0.021,74.9265,0.0,12293.8806,522.0454,13223.3721
1747,SYNTHETIC,3,Steel & Metals,United States,USA,0.386,27.73,1137.76,,3320.7,sea_bulk,836.0,2.657,steel,5429.96,1.85,0.012,323.7208,0.0,10045.4171,26.65,10557.6016
762,SYNTHETIC,2,Semiconductor Fabrication,Saudi Arabia,SAU,0.74,43.11,8787.32,0.0,5578.1,rail_freight,4068.3,4.463,chemicals_general,6075.26,2.2,0.028,3775.3726,0.0,13365.5756,508.3313,17905.9129
1247,SYNTHETIC,2,Renewable Energy Components,United Kingdom,GBR,0.207,31.37,1586.58,0.0,3666.1,air_freight,1675.2,2.933,aluminium,3119.82,8.24,0.602,235.348,0.0,25707.336,2957.8056,28176.6798
1204,SYNTHETIC,2,Chemical Processing,Turkey,TUR,0.445,15.74,2596.69,0.0,2761.5,sea_bulk,,2.209,plastic_pp,4464.63,1.65,0.012,981.778,0.0,7366.6366,3.0063,8238.9374
1468,SYNTHETIC,3,Food Processing,South Korea,KOR,0.435,12.78,1123.79,0.0,7026.3,road_electric,,5.621,glass,9250.53,0.85,0.021,429.2553,0.0,7862.9478,64.9601,8688.9158
1984,SYNTHETIC,3,Construction Materials,France,FRA,0.056,52.33,2783.73,573.62,1623.0,sea_bulk,1347.7,1.298,wood_timber,2523.76,0.46,0.012,103.4488,1543.0264,1160.9298,20.9989,2797.7884
522,SYNTHETIC,1,Textiles & Apparel,Vietnam,VNM,0.59,66.15,585.0,0.0,6748.1,inland_waterway,284.2,5.398,cotton_fabric,12494.57,8.0,0.031,124.5781,0.0,99956.5729,47.5587,95298.8168
23,SYNTHETIC,1,Construction Materials,Turkey,TUR,0.445,9.83,3442.6,12.46,4441.3,road_electric,8502.1,3.553,concrete,5109.09,0.13,0.021,1388.1026,33.5224,664.1812,634.3809,2780.6029
357,SYNTHETIC,1,Mining & Raw Materials,Mexico,MEX,0.42,30.72,3426.64,201.52,6108.8,road_diesel,1349.7,4.887,concrete,8431.56,0.13,0.1033,1018.1596,542.0848,1096.1022,681.3907,3150.5087
1278,SYNTHETIC,2,Agricultural Commodities,Saudi Arabia,SAU,0.74,23.58,526.45,706.22,2396.4,sea_bulk,201.1,1.917,cotton_fabric,3610.06,8.0,0.012,300.196,1899.7194,28880.4674,4.6266,30704.2659
1313,SYNTHETIC,2,Semiconductor Fabrication,Mexico,MEX,0.42,53.14,6139.12,0.0,1935.3,rail_freight,620.1,1.548,chemicals_general,2376.15,2.2,0.028,1273.4031,0.0,5227.534,26.8818,6411.7283
1683,SYNTHETIC,3,Textiles & Apparel,Germany,DEU,0.385,11.62,1094.88,0.0,6650.3,road_electric,2283.1,5.32,cotton_fabric,9661.66,8.0,0.021,375.0812,0.0,77293.2774,255.0777,77608.9799
341,SYNTHETIC,1,Agricultural Commodities,India,IND,0.7082,,388.69,449.64,3677.6,air_freight,849.0,2.942,cardboard,4750.39,0.89,0.602,121.3918,1209.5199,4227.8498,1503.6758,7425.3056
432,SYNTHETIC,1,Packaging Materials,France,FRA,0.056,16.75,869.68,0.0,5588.5,inland_waterway,1182.5,4.471,cardboard,5233.03,0.89,0.031,43.4565,0.0,4657.3956,163.8858,4621.8206
474,SYNTHETIC,1,Chemical Processing,United Kingdom,GBR,0.207,39.89,4873.98,488.35,5953.3,sea_bulk,8506.0,4.763,plastic_pp,1530.39,1.65,0.012,645.3777,1313.6666,2525.1372,486.1275,4893.5254
218,SYNTHETIC,1,Steel & Metals,Saudi Arabia,SAU,0.74,3.06,8964.04,146.04,2533.0,road_electric,5520.4,2.026,aluminium,1919.33,8.24,0.021,6435.8007,392.8558,15815.2501,234.9203,22731.3126
912,SYNTHETIC,2,Renewable Energy Components,Saudi Arabia,SAU,0.74,37.77,2858.31,0.0,5802.3,road_diesel,629.5,4.642,aluminium,4618.76,8.24,0.1033,1337.9307,0.0,38058.5586,301.8538,39800.1853
1228,SYNTHETIC,2,Renewable Energy Components,India,IND,0.7082,30.98,863.71,0.0,8837.0,road_electric,358.4,7.07,aluminium,9446.36,8.24,0.021,427.5602,0.0,77838.0043,53.2089,80038.5695
1597,SYNTHETIC,3,Automotive Manufacturing,Saudi Arabia,SAU,0.74,35.46,1425.13,0.0,5782.0,road_electric,695.7,4.626,plastic_pp,4230.92,1.65,0.021,690.775,0.0,6981.0115,67.5772,7932.8609
1012,SYNTHETIC,2,Packaging Materials,Brazil,BRA,0.08,24.39,1231.64,0.0,5303.7,inland_waterway,2756.1,4.243,glass,3054.01,0.85,0.031,80.5105,0.0,2595.9118,362.5051,2887.1216
1950,SYNTHETIC,3,Automotive Manufacturing,Brazil,BRA,0.08,31.75,2950.47,1116.29,5105.1,inland_waterway,5788.0,4.084,steel,4854.28,1.85,0.031,179.8251,3002.83,8980.4205,732.8019,12763.9518
94,SYNTHETIC,1,Textiles & Apparel,Germany,DEU,0.385,23.48,810.36,0.0,6703.8,inland_waterway,4414.0,5.363,plastic_pet,10421.7,3.1,0.031,242.5285,0.0,32307.2674,733.8399,33379.6133
1009,SYNTHETIC,2,Food Processing,France,FRA,0.056,24.11,1905.45,0.0,5668.7,road_diesel,11561.3,4.535,cardboard,8759.46,0.89,0.1033,90.1674,0.0,7795.9163,5416.0295,13407.9303
1071,SYNTHETIC,2,Textiles & Apparel,South Africa,ZAF,0.89,2.43,1042.71,0.0,4012.4,road_electric,10840.5,3.21,plastic_pet,7100.24,3.1,0.021,906.0152,0.0,22010.7398,730.7352,24650.4533
1093,SYNTHETIC,2,Steel & Metals,China,CHN,0.581,12.02,2552.3,164.59,3440.1,road_electric,778.3,2.752,aluminium,4580.38,8.24,0.021,1310.8256,442.7476,37742.2974,44.9794,38860.1702
1915,SYNTHETIC,3,Semiconductor Fabrication,South Korea,KOR,0.435,19.76,5976.23,0.0,2712.3,rail_freight,1324.8,2.17,chemicals_general,1612.47,2.2,0.028,2109.4882,0.0,3547.437,80.4868,5400.6706
1309,SYNTHETIC,2,Chemical Processing,United Kingdom,GBR,0.207,16.0,2837.57,1616.36,4829.9,road_diesel,990.4,3.864,plastic_pp,6941.7,1.65,0.1033,502.47,4348.0067,11453.802,395.3127,17181.0874
697,SYNTHETIC,2,Construction Materials,China,CHN,0.581,12.65,3495.08,0.0,4661.2,sea_container,6678.1,3.729,concrete,5656.3,0.13,0.016,1782.5567,0.0,735.3186,398.435,2942.8093
1828,SYNTHETIC,3,Food Processing,South Korea,KOR,0.435,15.71,1597.76,0.0,6758.7,sea_bulk,1204.1,5.407,glass,8158.75,0.85,0.012,590.8572,0.0,6934.9394,78.1237,8168.5829
997,SYNTHETIC,2,Electronics Assembly,South Africa,ZAF,0.89,,874.29,0.0,3868.3,road_diesel,4052.4,3.095,chemicals_general,3279.12,2.2,0.1033,405.9139,0.0,7214.0654,1295.4382,9087.7464
154,SYNTHETIC,1,Semiconductor Fabrication,India,IND,0.7082,6.96,7016.8,0.0,5708.2,inland_waterway,2626.0,4.567,aluminium,8083.14,8.24,0.031,4633.2237,0.0,66605.0513,371.7474,68854.8298
1100,SYNTHETIC,2,Agricultural Commodities,Saudi Arabia,SAU,0.74,33.76,592.49,260.5,2567.9,road_diesel,1333.6,2.054,cotton_fabric,3209.24,8.0,0.1033,294.4066,700.7388,25673.9087,283.0085,27737.0847
1719,SYNTHETIC,3,Textiles & Apparel,South Korea,KOR,0.435,17.51,707.87,0.0,5095.2,air_freight,5641.5,4.076,plastic_pet,6679.73,3.1,0.602,256.4877,0.0,20707.1528,13843.4566,35501.0312
1998,SYNTHETIC,3,Logistics & Freight,Australia,AUS,0.66,30.17,586.14,1582.03,4502.4,rail_freight,72.6,3.602,plastic_pp,5978.84,1.65,0.028,273.6948,4255.6608,9865.0804,7.3244,15066.6237
790,SYNTHETIC,2,Construction Materials,China,CHN,0.581,33.6,2044.93,0.0,5576.7,rail_freight,,4.461,concrete,5299.95,0.13,0.028,802.6791,0.0,688.9932,59.5372,1515.747
581,SYNTHETIC,1,Pharmaceutical Manufacturing,China,CHN,0.581,55.78,4329.73,0.0,5103.2,air_freight,2011.3,4.083,glass,6806.55,0.85,0.602,1160.7335,0.0,5785.5654,4943.2812,12416.7897
704,SYNTHETIC,2,Mining & Raw Materials,Turkey,TUR,0.445,26.4,7057.28,0.57,8226.4,sea_bulk,96.4,6.581,steel,7327.95,1.85,0.012,2348.7104,1.5432,13556.7133,7.6118,15498.8608
1213,SYNTHETIC,2,Logistics & Freight,Germany,DEU,0.385,30.14,429.95,1124.97,5832.0,air_freight,1225.8,4.666,plastic_pp,7870.11,1.65,0.602,118.2323,3026.1821,12985.6855,3443.0554,19418.9723
1296,SYNTHETIC,2,Textiles & Apparel,Brazil,BRA,0.08,,1102.28,0.0,4289.3,sea_container,1139.3,3.431,cotton_fabric,7035.09,8.0,0.016,65.7707,0.0,56280.7388,62.5522,56531.1389
1666,SYNTHETIC,3,Semiconductor Fabrication,Japan,JPN,0.47,32.76,9828.06,0.0,1330.6,sea_bulk,1926.9,1.064,aluminium,1866.42,8.24,0.012,3170.4456,0.0,15379.3078,24.6137,17828.4115
1261,SYNTHETIC,2,Plastics Manufacturing,South Korea,KOR,0.435,7.77,1912.37,173.8,5411.4,rail_freight,50.0,4.329,plastic_pet,2883.92,3.1,0.028,770.1769,467.5105,8940.1385,6.0608,10486.5213
488,SYNTHETIC,1,Semiconductor Fabrication,Japan,JPN,0.47,44.86,8270.6,0.0,6898.8,inland_waterway,967.8,5.519,copper,8113.45,3.17,0.031,2217.5212,0.0,25719.6477,165.585,28518.866
560,SYNTHETIC,1,Food Processing,Turkey,TUR,0.445,24.6,1196.06,0.0,2339.4,sea_container,3705.3,1.872,cardboard,1227.27,0.89,0.016,407.2027,0.0,1092.2708,110.9536,1556.3146
1142,SYNTHETIC,2,Steel & Metals,South Africa,ZAF,0.89,12.49,4458.37,1065.4,2547.6,road_diesel,3946.9,2.038,aluminium,3075.37,8.24,0.1033,3483.4365,2865.9205,25341.069,830.9597,32302.6377
1120,SYNTHETIC,2,Plastics Manufacturing,Brazil,BRA,0.08,66.41,1381.03,0.0,6894.0,sea_container,782.7,5.515,plastic_pp,1454.79,1.65,0.016,55.4532,0.0,2400.4029,69.0648,2584.1151
802,SYNTHETIC,2,Logistics & Freight,India,IND,0.7082,28.42,713.66,27.82,1494.1,sea_container,2925.6,1.195,cardboard,2387.71,0.89,0.016,365.8498,74.832,2125.0604,55.9488,2576.2135
513,SYNTHETIC,1,Electronics Assembly,South Korea,KOR,0.435,35.77,561.1,0.0,4797.6,rail_freight,3113.9,3.838,copper,6305.63,3.17,0.028,160.7794,0.0,19988.8366,334.6411,20156.1885
634,SYNTHETIC,2,Plastics Manufacturing,United Kingdom,GBR,0.207,,1132.12,1446.89,7381.2,sea_bulk,769.6,5.905,plastic_pet,15162.74,3.1,0.012,144.5809,3892.1338,47004.4964,54.5331,53699.0066
1922,SYNTHETIC,3,Logistics & Freight,United States,USA,0.386,26.89,280.49,815.36,5265.3,inland_waterway,2598.0,4.212,cardboard,7756.12,0.89,0.031,80.6646,2193.3104,6902.9507,339.247,9286.8199
1788,SYNTHETIC,3,Mining & Raw Materials,South Africa,ZAF,0.89,51.9,4170.31,0.0,3338.5,road_electric,373.9,2.671,steel,3284.94,1.85,0.021,1828.6515,0.0,6077.1447,20.9735,7899.9974
1546,SYNTHETIC,3,Food Processing,South Africa,ZAF,0.89,30.61,990.13,0.0,9433.3,road_diesel,1394.1,7.547,plastic_pet,14192.24,3.1,0.1033,617.5293,0.0,43995.941,1086.7808,44929.6162
1151,SYNTHETIC,2,Steel & Metals,France,FRA,0.056,22.97,5842.22,117.94,4273.7,inland_waterway,1168.3,3.419,steel,6817.24,1.85,0.031,278.8473,317.2464,12611.8861,123.8246,13515.465
791,SYNTHETIC,2,Mining & Raw Materials,India,IND,0.7082,25.46,5599.01,0.0,7367.0,sea_bulk,3925.1,5.894,concrete,10085.26,0.13,0.012,2984.3701,0.0,1311.0834,277.5945,4509.091
117,SYNTHETIC,1,Steel & Metals,United Kingdom,GBR,0.207,50.27,5461.63,0.0,104.3,rail_freight,204.6,0.083,copper,121.61,3.17,0.028,617.1439,0.0,385.5025,0.4782,972.9821
741,SYNTHETIC,2,Steel & Metals,Turkey,TUR,0.445,17.52,7506.81,641.15,4289.3,sea_container,2224.9,3.431,copper,3626.94,3.17,0.016,2781.5226,1724.6979,11497.405,122.1543,15964.8868
1691,SYNTHETIC,3,Textiles & Apparel,China,CHN,0.581,34.98,736.79,0.0,6169.0,road_diesel,633.0,4.935,cotton_fabric,9089.76,8.0,0.1033,283.4847,0.0,72718.0521,322.6894,74676.6148
1082,SYNTHETIC,2,Chemical Processing,Mexico,MEX,0.42,18.9,5388.15,2232.13,4045.9,rail_freight,208.5,3.237,chemicals_general,6645.3,2.2,0.028,1855.6874,6004.4329,14619.6615,18.8999,21612.9584
831,SYNTHETIC,2,Food Processing,China,CHN,0.581,,2042.06,0.0,9549.4,road_diesel,1617.3,7.64,plastic_pet,6838.11,3.1,0.1033,789.1894,0.0,21198.1375,1276.2954,24648.0174
120,SYNTHETIC,1,Renewable Energy Components,China,CHN,0.581,19.13,1709.15,0.0,5511.4,road_diesel,5135.1,4.409,lithium_battery,5546.9,75.0,0.1033,809.5557,0.0,416017.3474,2338.8271,406193.6878
657,SYNTHETIC,2,Plastics Manufacturing,India,IND,0.7082,14.17,1969.18,0.0,9874.9,sea_bulk,582.4,7.9,plastic_pet,7929.27,3.1,0.012,1202.5932,0.0,24580.727,55.2139,28233.6806
1908,SYNTHETIC,3,Packaging Materials,United States,USA,0.386,22.66,1692.78,0.0,4026.0,air_freight,2835.5,3.221,glass,5837.46,0.85,0.602,513.0023,0.0,4961.8417,5497.9153,11119.6779
636,SYNTHETIC,2,Steel & Metals,Turkey,TUR,0.445,5.87,3908.94,1298.25,5122.2,road_diesel,709.1,4.098,copper,6092.8,3.17,0.1033,1641.974,3492.2831,19314.1843,300.1638,24771.9863
370,SYNTHETIC,1,Pharmaceutical Manufacturing,South Korea,KOR,0.435,11.47,3760.35,0.0,7682.2,rail_freight,6607.7,6.146,chemicals_general,8339.3,2.2,0.028,1456.7613,0.0,18346.4521,1137.0722,19611.7085
269,SYNTHETIC,1,Food Processing,United States,USA,0.386,10.45,1632.78,0.0,4542.0,air_freight,1548.4,3.634,cardboard,7259.1,0.89,0.602,567.8315,0.0,6460.5962,3387.0691,10487.386
656,SYNTHETIC,2,Chemical Processing,Mexico,MEX,0.42,19.04,4326.15,449.94,2233.8,road_diesel,5198.8,1.787,plastic_pp,2719.03,1.65,0.1033,1487.5069,1210.3441,4486.4068,959.7066,8003.7053
936,SYNTHETIC,2,Steel & Metals,United States,USA,0.386,13.04,5494.75,559.7,6892.6,air_freight,1700.6,5.514,steel,8545.34,1.85,0.602,1858.6555,1505.5926,15808.8805,5645.0158,24812.9021
823,SYNTHETIC,2,Logistics & Freight,France,FRA,0.056,18.7,414.83,0.0,5504.0,air_freight,1545.3,4.403,plastic_pp,12125.19,1.65,0.602,20.4382,0.0,20006.5668,4096.0111,25382.0186
867,SYNTHETIC,2,Electronics Assembly,South Korea,KOR,0.435,38.61,328.46,0.0,4893.8,rail_freight,1270.8,3.915,copper,3497.36,3.17,0.028,90.2543,0.0,11086.62,139.3095,11065.7942
47,SYNTHETIC,1,Food Processing,Turkey,TUR,0.445,,1741.55,0.0,717.2,sea_bulk,1339.6,0.574,glass,827.74,0.85,0.012,406.1391,0.0,703.5781,9.2228,1160.4912
1374,SYNTHETIC,2,Textiles & Apparel,Vietnam,VNM,0.59,23.98,182.89,0.0,3216.7,air_freight,2628.7,2.573,cotton_fabric,3364.45,8.0,0.602,82.9107,0.0,26915.6046,4072.2576,31375.4941
1709,SYNTHETIC,3,Construction Materials,Vietnam,VNM,0.59,19.19,1805.8,424.72,7480.6,sea_bulk,466.7,5.985,concrete,10579.53,0.13,0.012,867.9091,1142.4898,1375.3385,33.5167,3272.3907
992,SYNTHETIC,2,Mining & Raw Materials,United Kingdom,GBR,0.207,28.56,5378.6,1634.71,8184.3,sea_container,1113.6,6.547,concrete,13728.65,0.13,0.016,826.1054,4397.3668,1784.7244,116.654,7169.2003
877,SYNTHETIC,2,Renewable Energy Components,Saudi Arabia,SAU,0.74,45.39,2485.14,0.0,7233.0,sea_container,50.0,5.786,copper,5700.46,3.17,0.016,1026.7683,0.0,18070.4578,4.6291,18824.4865
774,SYNTHETIC,2,Plastics Manufacturing,South Africa,ZAF,0.89,43.59,2023.22,7.67,7270.6,rail_freight,3370.7,5.816,plastic_pet,11108.65,3.1,0.028,1033.3915,20.6264,34436.8198,548.953,35828.4469
1220,SYNTHETIC,2,Packaging Materials,Australia,AUS,0.66,20.81,1471.13,0.0,7756.7,air_freight,1983.7,6.205,glass,7664.37,0.85,0.602,774.9926,0.0,6514.7146,7410.5072,15055.1611
2000,SYNTHETIC,3,Construction Materials,South Africa,ZAF,0.89,56.39,2864.5,764.22,8268.7,sea_container,6773.1,6.615,wood_timber,12226.59,0.46,0.016,1144.0116,2055.7543,5624.2309,716.8591,9575.3032
5,SYNTHETIC,1,Chemical Processing,India,IND,0.7082,54.35,4736.23,2794.25,1679.5,road_diesel,6373.6,1.344,plastic_pp,2162.33,1.65,0.1033,1582.7836,7516.5209,3567.8381,884.6334,13910.259
1004,SYNTHETIC,2,Logistics & Freight,South Korea,KOR,0.435,28.93,573.59,1195.65,6286.2,rail_freight,849.7,5.029,cardboard,7112.21,0.89,0.028,180.6496,3216.3116,6329.8639,119.6494,10196.0881
1724,SYNTHETIC,3,Logistics & Freight,South Africa,ZAF,0.89,,545.82,654.97,1207.3,sea_container,336.5,0.966,cardboard,2005.11,0.89,0.016,300.3715,1761.8798,1784.5441,5.2005,3782.5856
264,SYNTHETIC,1,Chemical Processing,France,FRA,0.056,69.8,3925.72,946.34,5497.4,sea_container,3686.4,4.398,plastic_pp,8702.84,1.65,0.016,121.2012,2545.6498,14359.6825,259.4002,16792.1547
1570,SYNTHETIC,3,Packaging Materials,Brazil,BRA,0.08,15.34,1551.15,0.0,4863.1,rail_freight,13733.6,3.891,glass,5451.98,0.85,0.028,109.8115,0.0,4634.1843,1496.0551,6161.2417
1831,SYNTHETIC,3,Agricultural Commodities,Turkey,TUR,0.445,2.5,650.09,344.89,502.5,sea_container,6646.8,0.402,cotton_fabric,738.46,8.0,0.016,282.3909,927.7572,5907.7113,42.7524,6834.5284
444,SYNTHETIC,1,Automotive Manufacturing,Turkey,TUR,0.445,22.93,1808.31,330.99,8314.9,air_freight,127.2,6.652,rubber,13137.63,3.85,0.602,628.5005,890.3565,50579.891,509.3538,52991.6223
1003,SYNTHETIC,2,Electronics Assembly,Australia,AUS,0.66,47.81,1125.73,0.0,3862.1,sea_bulk,1446.4,3.09,plastic_pet,4920.03,3.1,0.012,398.4912,0.0,15252.094,53.6279,15332.9432
1078,SYNTHETIC,2,Renewable Energy Components,Japan,JPN,0.47,15.12,1950.06,0.0,5269.4,rail_freight,2836.6,4.216,copper,6939.06,3.17,0.028,783.817,0.0,21996.8196,334.8181,23309.7882
838,SYNTHETIC,2,Pharmaceutical Manufacturing,Turkey,TUR,0.445,19.94,2605.66,0.0,2207.8,sea_bulk,3177.7,1.766,chemicals_general,4008.72,2.2,0.012,938.6567,0.0,8819.1829,67.3518,9456.2741
1791,SYNTHETIC,3,Steel & Metals,Australia,AUS,0.66,11.2,4102.76,0.0,5989.4,sea_bulk,3092.7,4.792,copper,7362.43,3.17,0.012,2413.6938,0.0,23338.8898,177.8238,25385.9193
305,SYNTHETIC,1,Steel & Metals,Saudi Arabia,SAU,0.74,24.23,3934.95,0.0,5776.5,air_freight,1605.8,4.621,steel,7851.22,1.85,0.602,2225.5016,0.0,14524.758,4467.1492,20588.6326
1366,SYNTHETIC,2,Steel & Metals,Germany,DEU,0.385,54.71,7043.35,0.0,5116.2,air_freight,1803.1,4.093,aluminium,4879.75,8.24,0.602,1305.2147,0.0,40209.1768,4442.8104,46488.0837
1558,SYNTHETIC,3,Automotive Manufacturing,Australia,AUS,0.66,48.28,2772.46,1361.17,4208.5,sea_bulk,2300.5,3.367,steel,5517.71,1.85,0.012,973.0968,3661.5382,10207.7674,92.944,14751.7793
314,SYNTHETIC,1,Plastics Manufacturing,China,CHN,0.581,37.46,1473.45,898.62,4834.6,road_diesel,7105.0,3.868,chemicals_general,3753.79,2.2,0.1033,546.4427,2417.283,8258.3481,2838.7105,14685.7848
150,SYNTHETIC,1,Plastics Manufacturing,Australia,AUS,0.66,3.98,3046.5,2014.53,5971.4,air_freight,4766.7,4.777,plastic_pp,7766.0,1.65,0.602,1933.142,5419.074,12813.8985,13708.2007,33872.7394
1149,SYNTHETIC,2,Automotive Manufacturing,France,FRA,0.056,31.11,2582.12,196.51,570.3,air_freight,473.8,0.456,rubber,934.16,3.85,0.602,115.6769,528.6252,3596.5265,130.1333,4177.8065
1214,SYNTHETIC,2,Food Processing,France,FRA,0.056,41.58,1287.25,0.0,7230.5,road_electric,4472.1,5.784,plastic_pet,7824.26,3.1,0.021,52.8184,0.0,24255.2167,543.2332,23942.5928
575,SYNTHETIC,1,Automotive Manufacturing,Saudi Arabia,SAU,0.74,32.88,1459.29,0.0,10692.7,inland_waterway,1751.5,8.554,steel,8417.45,1.85,0.031,734.4111,0.0,15572.2833,464.4708,16549.6555
51,SYNTHETIC,1,Plastics Manufacturing,Turkey,TUR,0.445,65.59,2158.77,0.0,4326.5,road_electric,1262.7,3.461,plastic_pp,7791.75,1.65,0.021,358.8983,0.0,12856.3848,91.7793,13336.6419
1553,SYNTHETIC,3,Plastics Manufacturing,United States,USA,0.386,35.49,1816.37,745.3,2956.0,road_electric,50.0,2.365,plastic_pp,1717.33,1.65,0.021,465.1609,2004.8702,2833.5882,2.4831,5402.4684
727,SYNTHETIC,2,Construction Materials,Brazil,BRA,0.08,34.69,1374.75,642.06,4711.4,road_electric,7422.9,3.769,wood_timber,3102.48,0.46,0.021,81.3673,1727.1518,1427.141,587.5419,3907.4436
834,SYNTHETIC,2,Construction Materials,Brazil,BRA,0.08,52.7,2727.08,0.0,6924.9,road_electric,264.9,5.54,wood_timber,8247.95,0.46,0.021,131.9322,0.0,3794.0548,30.8152,4190.2832
1378,SYNTHETIC,2,Semiconductor Fabrication,Turkey,TUR,0.445,16.31,10761.97,0.0,3031.1,inland_waterway,129.8,2.425,aluminium,4618.87,8.24,0.031,4042.9659,0.0,38059.5174,9.7585,41806.9138
1116,SYNTHETIC,2,Semiconductor Fabrication,United Kingdom,GBR,0.207,36.99,9358.54,0.0,3788.4,road_diesel,4438.5,3.031,aluminium,2916.1,8.24,0.1033,1289.7978,0.0,24028.6993,1389.582,26977.7638
1167,SYNTHETIC,2,Logistics & Freight,South Korea,KOR,0.435,20.62,399.42,,1107.9,inland_waterway,5117.7,0.886,plastic_pp,1333.88,1.65,0.031,139.5662,2043.3616,2200.8966,140.6099,4430.9556
471,SYNTHETIC,1,Agricultural Commodities,Germany,DEU,0.385,53.28,525.46,207.36,9074.1,sea_container,1607.6,7.259,wood_timber,10361.72,0.46,0.016,100.1182,557.7982,4766.3894,186.7207,5557.0665
972,SYNTHETIC,2,Electronics Assembly,South Korea,KOR,0.435,29.95,1041.8,0.0,6338.6,sea_container,1646.6,5.071,plastic_pet,3093.58,3.1,0.016,323.7113,0.0,9590.0866,133.5988,10368.1611
654,SYNTHETIC,2,Agricultural Commodities,France,FRA,0.056,11.69,678.92,1536.01,4135.8,road_electric,6143.4,3.309,cotton_fabric,4258.66,8.0,0.021,35.1633,4131.8796,34069.2725,426.8583,39185.7015
400,SYNTHETIC,1,Agricultural Commodities,Japan,JPN,0.47,45.05,724.15,,1006.0,road_electric,1979.3,0.805,cotton_fabric,1625.78,8.0,0.021,193.5347,0.0,13006.2019,33.4512,13556.9382
512,SYNTHETIC,1,Automotive Manufacturing,Japan,JPN,0.47,30.26,2624.31,0.0,8209.5,road_electric,4496.3,6.568,plastic_pp,13066.92,1.65,0.021,876.0687,0.0,21560.4118,620.1352,22737.6253
321,SYNTHETIC,1,Chemical Processing,United States,USA,0.386,7.28,3586.58,111.11,2462.7,sea_container,2802.1,1.97,glass,2196.7,0.85,0.016,1288.8299,298.898,1867.1944,88.328,3405.4764
20,SYNTHETIC,1,Mining & Raw Materials,Turkey,TUR,0.445,43.21,3781.9,0.0,6836.3,inland_waterway,3430.9,5.469,steel,6149.4,1.85,0.031,988.4205,0.0,11376.3942,581.6705,12507.4331
685,SYNTHETIC,2,Automotive Manufacturing,Mexico,MEX,0.42,50.96,2224.55,170.57,3007.2,sea_bulk,5628.8,2.406,plastic_pp,4208.42,1.65,0.012,480.8611,458.8351,6943.9001,162.5001,8228.0352
36,SYNTHETIC,1,Textiles & Apparel,Vietnam,VNM,0.59,12.54,583.83,0.0,530.8,road_diesel,,0.425,plastic_pet,494.89,3.1,0.1033,302.7403,0.0,1534.1727,292.8277,2203.9795
903,SYNTHETIC,2,Agricultural Commodities,Saudi Arabia,SAU,0.74,22.24,715.02,,4670.1,rail_freight,484.4,3.736,cardboard,2824.71,0.89,0.028,414.6392,526.8137,2513.9903,50.6757,3387.7678
1779,SYNTHETIC,3,Electronics Assembly,Japan,JPN,0.47,16.98,835.9,0.0,4224.0,sea_container,,3.379,copper,8192.78,3.17,0.016,329.0177,0.0,25971.1244,66.7085,24760.7824
828,SYNTHETIC,2,Textiles & Apparel,Australia,AUS,0.66,14.86,1023.53,0.0,7696.8,sea_container,3665.2,6.157,plastic_pet,11473.75,3.1,0.016,578.1994,0.0,35568.6307,361.0902,36950.3038
1854,SYNTHETIC,3,Automotive Manufacturing,Australia,AUS,0.66,12.56,1661.14,0.0,7130.0,sea_bulk,3023.9,5.704,steel,13086.01,1.85,0.012,962.8622,0.0,24209.1164,206.983,25730.9061
408,SYNTHETIC,1,Chemical Processing,South Korea,KOR,0.435,39.0,5933.51,589.47,474.8,rail_freight,57.1,0.38,chemicals_general,562.52,2.2,0.028,1620.7587,1585.6842,1237.5473,0.6068,4451.2376
921,SYNTHETIC,2,Semiconductor Fabrication,Germany,DEU,0.385,,10580.75,0.0,3203.3,road_electric,472.2,2.563,aluminium,4005.99,8.24,0.021,3312.8517,0.0,33009.3888,25.4092,34624.0078
538,SYNTHETIC,1,Construction Materials,South Korea,KOR,0.435,25.84,1453.59,368.01,8181.4,rail_freight,3671.3,6.545,glass,12957.55,0.85,0.028,476.4175,989.95,11013.9149,672.8118,12995.8741
759,SYNTHETIC,2,Textiles & Apparel,Germany,DEU,0.385,43.12,844.54,0.0,3234.7,road_electric,2215.0,2.588,plastic_pet,3524.49,3.1,0.021,192.2152,0.0,10925.9232,120.3705,11124.1868
1905,SYNTHETIC,3,Logistics & Freight,South Africa,ZAF,0.89,20.07,464.5,0.0,4530.3,air_freight,2062.1,3.624,cardboard,4668.63,0.89,0.602,332.2884,0.0,4155.0803,4499.0202,8392.4971
1063,SYNTHETIC,2,Steel & Metals,Saudi Arabia,SAU,0.74,19.77,6814.18,452.11,1082.6,road_electric,134.0,0.866,aluminium,717.28,8.24,0.021,4072.6017,1216.1717,5910.3703,2.437,11450.6472
1200,SYNTHETIC,2,Pharmaceutical Manufacturing,Brazil,BRA,0.08,15.66,3291.51,0.0,3235.6,sea_container,1922.0,2.588,plastic_pet,1957.71,3.1,0.016,232.4035,0.0,6068.8923,79.6009,6397.5901
246,SYNTHETIC,1,Electronics Assembly,Turkey,TUR,0.445,58.54,754.28,0.0,5297.5,sea_container,1697.4,4.238,plastic_pet,4250.01,3.1,0.016,147.9944,0.0,13175.0328,115.1012,13752.1694
1417,SYNTHETIC,3,Agricultural Commodities,Saudi Arabia,SAU,0.74,24.68,634.61,80.44,3651.4,road_electric,4369.6,2.921,cotton_fabric,4307.51,8.0,0.021,356.8479,216.3919,34460.1078,268.0513,34725.7226
1128,SYNTHETIC,2,Agricultural Commodities,South Africa,ZAF,0.89,12.03,706.16,376.98,5616.8,sea_bulk,10111.4,4.493,cardboard,4329.02,0.89,0.012,554.5465,1014.064,3852.8297,545.2226,6024.2264
785,SYNTHETIC,2,Mining & Raw Materials,India,IND,0.7082,6.4,7214.97,0.0,3716.0,inland_waterway,1755.1,2.973,concrete,3288.53,0.13,0.031,4791.8011,0.0,427.5094,161.7405,5240.3191
1743,SYNTHETIC,3,Pharmaceutical Manufacturing,Saudi Arabia,SAU,0.74,17.15,4710.55,0.0,2688.2,sea_bulk,2174.9,2.151,plastic_pet,3429.93,3.1,0.012,2904.2774,0.0,10632.7829,56.1285,14000.4652
490,SYNTHETIC,1,Food Processing,United States,USA,0.386,6.78,888.36,0.0,2223.9,road_electric,2824.3,1.779,glass,2849.52,0.85,0.021,320.8748,0.0,2422.0888,105.5207,2860.8821
155,SYNTHETIC,1,Logistics & Freight,Turkey,TUR,0.445,21.96,315.45,,4157.3,air_freight,903.4,3.326,cardboard,4305.4,0.89,0.602,110.9289,278.4869,3831.805,1808.7645,6084.6984
962,SYNTHETIC,2,Logistics & Freight,China,CHN,0.581,37.73,144.11,0.0,10130.2,inland_waterway,5343.7,8.104,plastic_pp,9615.19,1.65,0.031,53.2266,0.0,15865.0698,1342.4894,17239.5978
854,SYNTHETIC,2,Logistics & Freight,United States,USA,0.386,47.85,307.48,0.0,6343.8,sea_container,1615.2,5.075,cardboard,4191.99,0.89,0.016,64.8362,0.0,3730.8702,131.1561,3812.9582
1312,SYNTHETIC,2,Chemical Processing,China,CHN,0.581,25.89,4813.94,424.16,4595.9,rail_freight,507.9,3.677,glass,6205.14,0.85,0.028,2097.8433,1140.9862,5274.3698,52.2852,8578.6029
626,SYNTHETIC,2,Textiles & Apparel,United Kingdom,GBR,0.207,25.35,1073.89,0.0,5954.3,sea_container,50.8,4.763,plastic_pet,6447.46,3.1,0.016,171.3832,0.0,19987.1337,3.8731,20059.651
686,SYNTHETIC,2,Automotive Manufacturing,Turkey,TUR,0.445,,1469.56,166.51,7881.6,sea_container,593.1,6.305,plastic_pp,4734.11,1.65,0.016,589.0773,447.9091,7811.2884,59.838,9213.6575
1562,SYNTHETIC,3,Electronics Assembly,South Korea,KOR,0.435,47.3,1159.95,0.0,937.3,road_diesel,2512.6,0.75,copper,918.75,3.17,0.1033,276.9062,0.0,2912.4412,194.6141,3409.9528
570,SYNTHETIC,1,Mining & Raw Materials,China,CHN,0.581,12.56,3771.77,2167.4,2683.8,road_electric,2608.3,2.147,copper,3826.98,3.17,0.021,1925.5984,5830.3013,12131.5134,117.6051,20986.7431
1909,SYNTHETIC,3,Chemical Processing,United Kingdom,GBR,0.207,12.63,4337.95,1078.78,2802.1,sea_bulk,564.9,2.242,plastic_pp,4086.82,1.65,0.012,795.506,2901.9221,6743.2463,15.1969,10725.0237
18,SYNTHETIC,1,Construction Materials,United Kingdom,GBR,0.207,24.67,3871.65,343.65,1399.9,air_freight,5452.8,1.12,concrete,1972.14,0.13,0.602,622.8257,924.4295,256.3784,3676.2449,5528.7017
128,SYNTHETIC,1,Construction Materials,United Kingdom,GBR,0.207,,2527.02,94.95,6075.1,sea_container,785.9,4.86,wood_timber,8212.88,0.46,0.016,330.9968,255.4274,3777.9227,61.1141,4431.8848
1347,SYNTHETIC,2,Pharmaceutical Manufacturing,South Korea,KOR,0.435,33.0,4760.58,0.0,7809.7,inland_waterway,5250.0,6.248,plastic_pet,9430.4,3.1,0.031,1418.8269,0.0,29234.2284,1016.8369,31437.4747
1280,SYNTHETIC,2,Construction Materials,Japan,JPN,0.47,,3205.05,1029.87,3196.7,sea_container,2081.1,2.557,steel,3082.2,1.85,0.016,1389.764,2770.3507,5702.0676,85.1561,10244.4236
1969,SYNTHETIC,3,Renewable Energy Components,Brazil,BRA,0.08,42.16,1623.55,,4517.7,road_electric,3174.0,3.614,lithium_battery,5288.48,75.0,0.021,88.8143,0.0,396635.744,240.8982,395237.2448
928,SYNTHETIC,2,Construction Materials,Turkey,TUR,0.445,19.52,1061.14,421.45,2591.5,road_diesel,4414.2,2.073,concrete,3797.95,0.13,0.1033,384.1614,1133.7101,493.7337,945.3563,2939.6256
981,SYNTHETIC,2,Chemical Processing,France,FRA,0.056,55.58,5957.6,2389.22,6026.0,sea_bulk,1765.6,4.821,chemicals_general,5412.44,2.2,0.012,214.4298,6426.9987,11907.3682,102.1378,18478.0438
1965,SYNTHETIC,3,Renewable Energy Components,Vietnam,VNM,0.59,15.35,2244.53,0.0,4818.9,sea_bulk,3906.0,3.855,copper,4715.64,3.17,0.012,1127.8297,0.0,14948.5921,180.6985,17468.6712
191,SYNTHETIC,1,Automotive Manufacturing,Germany,DEU,0.385,18.87,1890.57,1795.38,3633.7,sea_container,1451.0,2.907,aluminium,2972.21,8.24,0.016,597.6609,4829.5595,24491.0451,67.4881,30366.8118
1140,SYNTHETIC,2,Pharmaceutical Manufacturing,Japan,JPN,0.47,21.88,3746.19,0.0,9438.5,sea_bulk,4160.6,7.551,glass,13976.35,0.85,0.012,1391.7871,0.0,11879.8972,376.9921,13279.9746
993,SYNTHETIC,2,Plastics Manufacturing,United Kingdom,GBR,0.207,22.41,956.36,43.01,11184.9,rail_freight,7423.0,8.948,plastic_pp,17140.68,1.65,0.028,157.8816,115.7103,28282.1229,1859.7774,31210.7563
1956,SYNTHETIC,3,Food Processing,France,FRA,0.056,37.61,1024.06,0.0,8475.0,rail_freight,50.0,6.78,glass,16236.13,0.85,0.028,43.4804,0.0,13800.7068,9.492,14001.7198
1657,SYNTHETIC,3,Mining & Raw Materials,China,CHN,0.581,6.0,8646.72,0.0,7346.5,sea_bulk,2616.2,5.877,concrete,11630.81,0.13,0.012,4732.7051,0.0,1512.005,184.5106,6437.1917
607,SYNTHETIC,2,Textiles & Apparel,Australia,AUS,0.66,71.57,1361.44,0.0,4549.5,air_freight,2070.5,3.64,plastic_pet,3667.93,3.1,0.602,274.9547,0.0,11370.5722,4536.5853,15963.0369
181,SYNTHETIC,1,Pharmaceutical Manufacturing,Japan,JPN,0.47,29.11,3784.02,0.0,4490.8,air_freight,717.7,3.593,glass,4991.79,0.85,0.602,1282.863,0.0,4243.0194,1552.2097,7272.0851
302,SYNTHETIC,1,Automotive Manufacturing,Saudi Arabia,SAU,0.74,21.2,3257.01,855.39,4538.7,air_freight,3084.1,3.631,aluminium,4932.92,8.24,0.602,1913.1241,2300.9969,40647.2871,6741.2519,51279.1823
497,SYNTHETIC,1,Renewable Energy Components,South Africa,ZAF,0.89,48.77,920.44,0.0,5068.3,road_electric,501.5,4.055,copper,5913.96,3.17,0.021,428.6347,0.0,18747.2392,42.7021,18044.5783
1721,SYNTHETIC,3,Logistics & Freight,South Korea,KOR,0.435,51.58,262.18,23.47,7604.2,inland_waterway,9982.0,6.083,plastic_pp,5044.24,1.65,0.031,57.9311,63.1354,8322.9999,1882.4319,10330.625
1710,SYNTHETIC,3,Electronics Assembly,Brazil,BRA,0.08,56.47,970.27,0.0,2240.8,road_electric,2582.2,1.793,copper,2404.65,3.17,0.021,44.7496,0.0,7622.7425,97.2101,7530.5184
1888,SYNTHETIC,3,Mining & Raw Materials,South Korea,KOR,0.435,11.46,2902.39,1184.49,599.5,inland_waterway,190.9,0.48,steel,1073.06,1.85,0.031,1124.5012,3186.2806,1985.1623,2.8378,6280.5946
1992,SYNTHETIC,3,Packaging Materials,Brazil,BRA,0.08,46.8,556.04,0.0,5452.3,rail_freight,3384.7,4.362,glass,5925.65,0.85,0.028,28.8682,0.0,5036.8062,413.3719,5428.2015
518,SYNTHETIC,1,Mining & Raw Materials,Saudi Arabia,SAU,0.74,13.08,7559.73,792.67,7950.3,sea_bulk,2107.0,6.36,chemicals_general,12633.43,2.2,0.012,4882.0285,2132.2802,27793.5532,160.813,34852.7165
1985,SYNTHETIC,3,Mining & Raw Materials,United States,USA,0.386,44.12,8210.24,,7593.7,road_electric,86.1,6.075,copper,11428.45,3.17,0.021,1843.2763,808.1189,36228.1766,10.981,38567.0418
1070,SYNTHETIC,2,Semiconductor Fabrication,France,FRA,0.056,38.06,11415.43,0.0,3571.4,inland_waterway,319.6,2.857,copper,4829.58,3.17,0.031,482.8561,0.0,15309.7582,28.3062,16554.5399
477,SYNTHETIC,1,Steel & Metals,South Africa,ZAF,0.89,26.96,5024.65,323.65,3506.6,road_diesel,11083.1,2.805,steel,3961.91,1.85,0.1033,3293.4465,870.6125,7329.5403,3211.7115,14922.1431
158,SYNTHETIC,1,Mining & Raw Materials,South Africa,ZAF,0.89,0.88,2837.96,9.76,3008.9,rail_freight,690.0,2.407,copper,3831.36,3.17,0.028,2504.002,26.2433,12145.4242,46.5087,14715.4164
1244,SYNTHETIC,2,Textiles & Apparel,Turkey,TUR,0.445,18.82,658.48,0.0,126.0,rail_freight,629.3,0.101,cotton_fabric,106.1,8.0,0.028,240.3708,0.0,848.8139,1.7764,1075.1951
1196,SYNTHETIC,2,Plastics Manufacturing,Japan,JPN,0.47,7.62,1305.17,190.07,1833.4,road_diesel,1064.9,1.467,plastic_pet,1873.62,3.1,0.1033,568.6919,511.2834,5808.2198,161.3468,6995.1076
17,SYNTHETIC,1,Agricultural Commodities,Australia,AUS,0.66,9.95,535.59,0.0,3041.9,sea_bulk,4248.7,2.433,cardboard,4640.08,0.89,0.012,319.3882,0.0,4129.6752,124.0705,4404.2667
1536,SYNTHETIC,3,Electronics Assembly,Mexico,MEX,0.42,24.82,1126.92,0.0,2232.0,rail_freight,7914.1,1.786,aluminium,4635.69,8.24,0.028,361.4291,0.0,38198.0461,395.688,39702.7955
1073,SYNTHETIC,2,Electronics Assembly,France,FRA,0.056,15.78,1044.36,0.0,162.2,sea_container,330.8,0.13,chemicals_general,168.66,2.2,0.016,52.552,0.0,371.0621,0.6866,426.3011
1972,SYNTHETIC,3,Mining & Raw Materials,United States,USA,0.386,45.75,7590.89,3385.88,5534.0,road_electric,195.4,4.427,copper,8984.83,3.17,0.021,1658.9551,9108.0147,28481.9088,18.1698,37485.9123
547,SYNTHETIC,1,Textiles & Apparel,United States,USA,0.386,46.28,498.41,0.0,2553.8,road_diesel,3949.2,2.043,cotton_fabric,3492.15,8.0,0.1033,107.9605,0.0,27937.204,833.4371,27067.6508
1540,SYNTHETIC,3,Textiles & Apparel,Japan,JPN,0.47,40.34,1019.43,0.0,4493.4,sea_bulk,4410.8,3.595,cotton_fabric,6136.5,8.0,0.012,294.081,0.0,49092.0328,190.2645,50644.0248
659,SYNTHETIC,2,Mining & Raw Materials,Saudi Arabia,SAU,0.74,15.07,6526.76,33.15,5847.9,sea_bulk,6125.6,4.678,concrete,6242.26,0.13,0.012,4121.8532,89.1623,811.4933,343.8934,5282.901
1626,SYNTHETIC,3,Steel & Metals,Germany,DEU,0.385,,6136.93,786.51,4342.6,sea_container,3014.2,3.474,steel,8435.56,1.85,0.016,1963.2088,2115.7206,15605.7917,167.5415,20301.9775
1020,SYNTHETIC,2,Electronics Assembly,United States,USA,0.386,39.2,576.3,0.0,4313.6,sea_bulk,1417.8,3.451,plastic_pet,6285.46,3.1,0.012,139.7611,0.0,19484.9353,58.7127,19814.3653
1663,SYNTHETIC,3,Logistics & Freight,Australia,AUS,0.66,17.28,220.21,654.98,220.9,rail_freight,2724.5,0.177,cardboard,249.62,0.89,0.028,120.9888,1761.8967,222.1577,13.4808,2083.1152
1505,SYNTHETIC,3,Food Processing,Turkey,TUR,0.445,9.42,892.7,0.0,2837.0,road_diesel,942.8,2.27,plastic_pet,2816.59,3.1,0.1033,361.5079,0.0,8731.4235,221.0384,8814.9996
960,SYNTHETIC,2,Construction Materials,Germany,DEU,0.385,11.25,3296.49,1125.5,4831.7,road_diesel,,3.865,steel,4179.68,1.85,0.1033,1133.8401,3027.6072,7732.4115,846.8317,13083.0824
1882,SYNTHETIC,3,Logistics & Freight,Germany,DEU,0.385,37.18,186.66,702.03,7124.7,air_freight,50.0,5.7,cardboard,12529.81,0.89,0.602,46.5332,1888.4618,11151.5347,171.5633,13600.2254
284,SYNTHETIC,1,Electronics Assembly,Japan,JPN,0.47,10.39,961.51,0.0,8453.6,inland_waterway,239.6,6.763,plastic_pet,6853.39,3.1,0.031,406.9503,0.0,21245.5029,50.2327,21894.2495
798,SYNTHETIC,2,Pharmaceutical Manufacturing,Japan,JPN,0.47,,3514.38,0.0,6727.3,road_electric,2194.0,5.382,plastic_pet,8083.44,3.1,0.021,1258.3615,0.0,25058.6497,247.9664,26093.6268
1627,SYNTHETIC,3,Automotive Manufacturing,South Korea,KOR,0.435,9.15,2548.58,1707.27,4193.6,rail_freight,,3.355,plastic_pp,8388.31,1.65,0.028,1011.8742,4592.5653,13840.7056,139.9401,20108.853
226,SYNTHETIC,1,Steel & Metals,Turkey,TUR,0.445,6.76,6616.1,106.66,9422.8,rail_freight,3952.3,7.538,steel,9831.18,1.85,0.028,2753.9919,286.9189,18187.6847,834.2047,22474.2087
27,SYNTHETIC,1,Electronics Assembly,India,IND,0.7082,34.16,752.64,0.0,3067.9,road_diesel,1566.5,2.454,aluminium,3085.9,8.24,0.1033,356.1017,0.0,25427.8032,397.1659,26245.3774
1771,SYNTHETIC,3,Packaging Materials,Japan,JPN,0.47,31.47,154.99,0.0,6717.1,inland_waterway,1320.0,5.374,plastic_pet,8639.54,3.1,0.031,50.893,0.0,26782.5706,219.8833,26736.576
438,SYNTHETIC,1,Electronics Assembly,India,IND,0.7082,18.56,1034.34,0.0,3324.7,inland_waterway,,2.66,plastic_pet,2425.48,3.1,0.031,600.389,0.0,7518.986,32.5377,8271.1492
1949,SYNTHETIC,3,Renewable Energy Components,Mexico,MEX,0.42,49.73,1307.26,0.0,3234.6,road_electric,6637.4,2.588,aluminium,5157.9,8.24,0.021,289.0333,0.0,42501.1164,360.6826,42008.9845
1389,SYNTHETIC,2,Packaging Materials,Japan,JPN,0.47,38.49,1420.48,0.0,4785.3,sea_bulk,2273.0,3.828,plastic_pet,3391.18,3.1,0.012,421.5965,0.0,10512.6629,104.4191,10364.4683
230,SYNTHETIC,1,Mining & Raw Materials,United States,USA,0.386,18.92,9022.71,1026.14,2351.0,road_electric,2948.5,1.881,steel,2594.14,1.85,0.021,2857.9732,2760.3283,4799.1637,116.4535,10404.3639
38,SYNTHETIC,1,Mining & Raw Materials,Saudi Arabia,SAU,0.74,27.91,7417.41,476.01,9780.8,road_electric,2790.8,7.825,copper,7801.09,3.17,0.021,3998.5547,1280.4716,24729.466,458.5783,29357.2875
750,SYNTHETIC,2,Electronics Assembly,United States,USA,0.386,37.21,1022.42,0.0,4729.7,road_electric,4062.3,3.784,chemicals_general,6972.06,2.2,0.021,255.4228,0.0,15338.5246,322.786,16586.1956
1046,SYNTHETIC,2,Logistics & Freight,France,FRA,0.056,33.98,330.57,,4262.4,rail_freight,2724.9,3.41,plastic_pp,6631.47,1.65,0.028,14.4679,4840.736,10941.9261,260.1625,16717.797
1399,SYNTHETIC,2,Food Processing,Brazil,BRA,0.08,43.47,1184.07,0.0,7940.9,sea_bulk,916.2,6.353,cardboard,13936.63,0.89,0.012,63.8426,0.0,12403.5965,69.8462,12955.5468
470,SYNTHETIC,1,Semiconductor Fabrication,Turkey,TUR,0.445,20.54,7767.14,0.0,8030.4,road_diesel,498.1,6.424,aluminium,13024.85,8.24,0.1033,2778.4941,0.0,107324.7705,330.5769,109814.6859
1693,SYNTHETIC,3,Construction Materials,United Kingdom,GBR,0.207,27.21,3791.1,185.34,6988.3,rail_freight,3779.5,5.591,wood_timber,6033.7,0.46,0.028,591.8611,498.5652,2775.5018,591.6391,4524.9863
1968,SYNTHETIC,3,Electronics Assembly,Japan,JPN,0.47,20.52,825.71,0.0,6331.5,road_diesel,1445.5,5.065,copper,6869.99,3.17,0.1033,311.8536,0.0,21777.878,756.3538,23049.0852
688,SYNTHETIC,2,Automotive Manufacturing,United States,USA,0.386,45.23,3373.97,0.0,5344.7,inland_waterway,1451.5,4.276,rubber,8104.17,3.85,0.031,743.7906,0.0,31201.0408,192.3939,32431.8576
1844,SYNTHETIC,3,Steel & Metals,Japan,JPN,0.47,17.34,4451.95,0.0,8021.1,air_freight,9017.9,6.417,aluminium,7456.25,8.24,0.602,1745.1007,0.0,61439.5051,34835.8412,100116.1105
640,SYNTHETIC,2,Automotive Manufacturing,Australia,AUS,0.66,22.42,2445.66,7.37,5799.5,rail_freight,562.2,4.64,steel,6317.55,1.85,0.028,1263.1384,19.8152,11687.4667,73.0389,13087.8309
1713,SYNTHETIC,3,Plastics Manufacturing,United Kingdom,GBR,0.207,,2262.41,116.36,4549.5,sea_bulk,385.5,3.64,plastic_pet,7547.69,3.1,0.012,390.0142,312.9974,23397.8531,16.8354,24710.9765
1219,SYNTHETIC,2,Electronics Assembly,Vietnam,VNM,0.59,21.59,1318.34,0.0,4647.0,sea_bulk,6572.3,3.718,plastic_pet,2575.98,3.1,0.012,615.6009,0.0,7985.5444,293.1975,9542.4562
1159,SYNTHETIC,2,Logistics & Freight,India,IND,0.7082,30.59,435.11,0.0,6564.9,inland_waterway,789.3,5.252,plastic_pp,4578.09,1.65,0.031,216.5321,0.0,7553.8479,128.4979,7802.6669
1416,SYNTHETIC,3,Chemical Processing,Australia,AUS,0.66,60.32,5955.62,0.0,3063.0,rail_freight,3117.7,2.45,glass,1330.32,0.85,0.028,1631.6858,0.0,1130.7718,213.9084,2848.8757
1528,SYNTHETIC,3,Plastics Manufacturing,Australia,AUS,0.66,54.25,868.48,,5510.4,air_freight,2982.7,4.408,chemicals_general,6080.92,2.2,0.602,271.6357,3484.5549,13378.0337,7915.4778,24109.9819
1656,SYNTHETIC,3,Pharmaceutical Manufacturing,Australia,AUS,0.66,28.96,2867.5,0.0,5034.6,road_electric,974.6,4.028,plastic_pet,5472.96,3.1,0.021,1361.0657,0.0,16966.1825,82.4334,17776.9013
1301,SYNTHETIC,2,Agricultural Commodities,United States,USA,0.386,6.45,598.33,0.0,7561.6,air_freight,1964.5,6.049,wood_timber,12025.47,0.46,0.602,216.824,0.0,5531.7183,7154.2306,12862.7034
1823,SYNTHETIC,3,Textiles & Apparel,France,FRA,0.056,18.95,673.05,0.0,5577.5,road_diesel,994.0,4.462,plastic_pet,5528.16,3.1,0.1033,33.0985,0.0,17137.3053,458.1793,16502.1698
801,SYNTHETIC,2,Agricultural Commodities,Saudi Arabia,SAU,0.74,8.73,553.05,0.0,6634.6,sea_container,50.0,5.308,cotton_fabric,9000.04,8.0,0.016,374.4866,0.0,72000.3547,4.2461,70565.6491
1604,SYNTHETIC,3,Mining & Raw Materials,France,FRA,0.056,28.9,1297.59,0.0,2652.4,rail_freight,3217.2,2.122,concrete,2427.92,0.13,0.028,59.1626,0.0,315.6293,191.1447,602.4448
161,SYNTHETIC,1,Automotive Manufacturing,China,CHN,0.581,19.9,2645.26,809.95,7303.4,rail_freight,2379.4,5.843,plastic_pp,9638.39,1.65,0.028,1241.542,2178.7771,15903.3387,389.2535,19731.8382
957,SYNTHETIC,2,Textiles & Apparel,France,FRA,0.056,33.68,1055.5,0.0,7193.9,sea_bulk,1922.7,5.755,plastic_pet,10268.94,3.1,0.012,46.3084,0.0,31833.7282,132.7816,32380.5703
1187,SYNTHETIC,2,Construction Materials,Mexico,MEX,0.42,10.14,2598.7,95.27,3064.3,inland_waterway,2358.8,2.451,steel,3782.38,1.85,0.031,986.0143,256.2833,6997.3991,179.2595,8430.0165
822,SYNTHETIC,2,Logistics & Freight,South Africa,ZAF,0.89,16.11,116.29,1256.19,7966.2,air_freight,363.8,6.373,cardboard,13341.96,0.89,0.602,87.196,3379.1398,11874.3443,1395.6235,16251.8931
1682,SYNTHETIC,3,Electronics Assembly,South Africa,ZAF,0.89,63.07,470.88,,4401.2,rail_freight,1769.9,3.521,plastic_pet,5169.51,3.1,0.028,160.7061,0.0,16025.4688,174.4843,16571.7556
878,SYNTHETIC,2,Food Processing,United Kingdom,GBR,0.207,4.94,1450.39,0.0,3946.0,sea_bulk,1727.1,3.157,glass,4563.14,0.85,0.012,286.8409,0.0,3878.6666,65.4261,4034.6912
914,SYNTHETIC,2,Semiconductor Fabrication,France,FRA,0.056,26.71,8927.88,0.0,6451.4,road_electric,4689.8,5.161,copper,11174.27,3.17,0.021,414.1158,0.0,35422.4337,508.2932,38131.8756
153,SYNTHETIC,1,Packaging Materials,United Kingdom,GBR,0.207,41.51,1325.21,0.0,3476.2,air_freight,8440.4,2.781,glass,4250.23,0.85,0.602,171.461,0.0,3612.6993,14130.5476,18199.3866
1871,SYNTHETIC,3,Automotive Manufacturing,United States,USA,0.386,9.65,2520.29,302.9,4196.0,sea_bulk,3190.8,3.357,aluminium,7218.29,8.24,0.012,883.8109,814.8064,59478.6796,128.5296,63960.9355
1777,SYNTHETIC,3,Semiconductor Fabrication,South Korea,KOR,0.435,32.77,9269.01,0.0,5261.2,sea_container,10260.0,4.209,aluminium,5032.69,8.24,0.016,2771.5906,0.0,41469.3356,690.9422,43076.4427
510,SYNTHETIC,1,Packaging Materials,Brazil,BRA,0.08,10.96,1837.87,0.0,5721.8,air_freight,801.2,4.577,glass,2955.54,0.85,0.602,134.9386,0.0,2512.2083,2207.9373,5028.2063
1136,SYNTHETIC,2,Steel & Metals,Turkey,TUR,0.445,,4555.31,2363.93,6642.2,sea_container,2545.1,5.314,aluminium,9640.11,8.24,0.016,1419.552,6358.984,79434.4685,216.3872,88366.1847
1251,SYNTHETIC,2,Textiles & Apparel,South Africa,ZAF,0.89,13.39,202.28,0.0,3676.9,air_freight,926.5,2.942,plastic_pet,5382.78,3.1,0.602,156.4707,0.0,16686.6061,1640.6501,17901.3136
1684,SYNTHETIC,3,Mining & Raw Materials,Australia,AUS,0.66,34.41,5345.21,0.0,2387.7,inland_waterway,11851.5,1.91,steel,3117.88,1.85,0.031,2350.7038,0.0,5768.0799,701.7808,9128.2882
104,SYNTHETIC,1,Steel & Metals,India,IND,0.7082,63.68,7181.31,1520.8,6156.4,rail_freight,5049.1,4.925,steel,10117.88,1.85,0.028,1938.7232,4090.9643,18718.0818,696.2779,26070.3388
1446,SYNTHETIC,3,Steel & Metals,South Korea,KOR,0.435,24.59,6196.8,227.88,5328.9,road_diesel,,4.263,aluminium,4803.17,8.24,0.1033,2063.3505,613.0047,39578.1257,307.143,42887.2009
1444,SYNTHETIC,3,Packaging Materials,Japan,JPN,0.47,8.05,1464.27,,2122.6,rail_freight,2450.3,1.698,cardboard,3918.08,0.89,0.028,635.1578,0.0,3487.0948,116.5028,4319.1805
587,SYNTHETIC,1,Food Processing,Germany,DEU,0.385,23.08,1194.29,0.0,4315.7,air_freight,4819.2,3.453,plastic_pet,5437.06,3.1,0.602,359.1859,0.0,16854.8823,10016.3972,27310.3818
1769,SYNTHETIC,3,Food Processing,South Korea,KOR,0.435,27.59,1865.11,0.0,4928.3,rail_freight,1617.8,3.943,plastic_pet,8478.83,3.1,0.028,597.762,0.0,26284.3755,178.5936,27020.1653
1144,SYNTHETIC,2,Textiles & Apparel,Brazil,BRA,0.08,38.33,1254.38,0.0,2939.9,sea_bulk,705.3,2.352,cotton_fabric,4447.08,8.0,0.012,71.5054,0.0,35576.6726,19.9064,36565.3594
54,SYNTHETIC,1,Logistics & Freight,India,IND,0.7082,59.84,316.15,74.31,2961.3,inland_waterway,577.7,2.369,plastic_pp,3426.73,1.65,0.031,93.6891,199.8905,5654.0966,42.428,5804.0679
152,SYNTHETIC,1,Steel & Metals,United Kingdom,GBR,0.207,45.2,6949.4,113.73,7714.7,sea_container,3618.4,6.172,copper,16864.04,3.17,0.016,851.1684,305.946,53459.0121,357.3123,54478.4464
404,SYNTHETIC,1,Plastics Manufacturing,Vietnam,VNM,0.59,61.64,933.73,685.65,7856.7,inland_waterway,2015.6,6.285,plastic_pet,9103.05,3.1,0.031,222.8118,1844.4004,28219.444,392.7406,29538.9951
1943,SYNTHETIC,3,Construction Materials,Germany,DEU,0.385,27.96,3723.41,351.07,3385.2,sea_bulk,539.2,2.708,wood_timber,2821.93,0.46,0.012,1053.4779,944.3855,1298.0879,17.5225,3308.2974
208,SYNTHETIC,1,Pharmaceutical Manufacturing,South Korea,KOR,0.435,16.19,3470.37,0.0,3470.6,rail_freight,8897.5,2.776,plastic_pet,3568.72,3.1,0.028,1276.4466,0.0,11063.0385,691.6997,12760.4929
1895,SYNTHETIC,3,Packaging Materials,South Korea,KOR,0.435,14.63,1362.55,0.0,4859.5,inland_waterway,1435.0,3.888,plastic_pet,4850.45,3.1,0.031,509.9928,0.0,15036.4086,172.9408,15803.3728
1123,SYNTHETIC,2,Logistics & Freight,Saudi Arabia,SAU,0.74,44.38,457.78,1955.74,3662.4,sea_container,659.8,2.93,plastic_pp,6036.67,1.65,0.016,192.4771,5260.9392,9960.5026,30.9312,15497.8146
1891,SYNTHETIC,3,Pharmaceutical Manufacturing,Japan,JPN,0.47,5.82,3920.99,0.0,3919.4,road_diesel,569.5,3.136,chemicals_general,4761.61,2.2,0.1033,1740.1433,0.0,10475.5461,184.448,11884.2808
9,SYNTHETIC,1,Construction Materials,India,IND,0.7082,44.95,2745.22,91.33,4003.4,rail_freight,943.5,3.203,wood_timber,4943.48,0.46,0.028,1094.9449,245.6883,2274.0002,84.6088,3666.0592
1015,SYNTHETIC,2,Textiles & Apparel,United States,USA,0.386,17.39,906.62,0.0,1939.0,air_freight,1081.4,1.551,cotton_fabric,3522.74,8.0,0.602,292.2402,0.0,28181.9498,1009.7953,30351.8315
1907,SYNTHETIC,3,Construction Materials,Germany,DEU,0.385,7.39,3288.73,22.88,2995.4,sea_container,3060.5,2.396,concrete,5492.22,0.13,0.016,1177.4602,61.5371,713.988,117.3399,1961.2461
1061,SYNTHETIC,2,Packaging Materials,Saudi Arabia,SAU,0.74,57.85,1813.28,0.0,2497.5,inland_waterway,918.5,1.998,plastic_pet,2346.19,3.1,0.031,586.5528,0.0,7273.1781,56.8883,7473.2804
453,SYNTHETIC,1,Electronics Assembly,South Korea,KOR,0.435,61.02,783.21,0.0,6471.6,sea_bulk,1874.8,5.177,chemicals_general,8628.6,2.2,0.012,142.3482,0.0,18982.9217,116.4744,19339.7875
254,SYNTHETIC,1,Logistics & Freight,South Korea,KOR,0.435,34.66,372.94,632.74,5561.6,sea_container,1417.7,4.449,plastic_pp,9727.95,1.65,0.016,108.5819,1702.0816,16051.1199,100.9218,17195.3615
1328,SYNTHETIC,2,Semiconductor Fabrication,South Korea,KOR,0.435,10.05,8213.89,0.0,4266.2,inland_waterway,300.9,3.413,chemicals_general,7381.3,2.2,0.031,3230.3765,0.0,16238.8645,31.8353,18639.7582
897,SYNTHETIC,2,Packaging Materials,Germany,DEU,0.385,33.45,1272.01,0.0,4450.8,road_electric,2826.2,3.561,glass,5219.33,0.85,0.021,334.4383,0.0,4436.4269,211.3261,4835.343
1734,SYNTHETIC,3,Chemical Processing,United Kingdom,GBR,0.207,23.05,5413.61,1167.92,4352.3,air_freight,1705.5,3.482,glass,7368.68,0.85,0.602,887.31,3141.7077,6263.381,3574.8985,13640.949
881,SYNTHETIC,2,Agricultural Commodities,Japan,JPN,0.47,60.21,770.14,246.71,6112.2,road_electric,916.1,4.89,cotton_fabric,9814.44,8.0,0.021,153.2985,663.6509,78515.4818,94.0673,80979.7587
1596,SYNTHETIC,3,Construction Materials,India,IND,0.7082,,3162.39,1064.66,2814.7,air_freight,50.0,2.252,steel,3298.36,1.85,0.602,1495.7969,2863.9322,6101.9628,67.779,10664.3482
1889,SYNTHETIC,3,Electronics Assembly,Mexico,MEX,0.42,46.06,1134.6,0.0,2007.1,sea_container,2463.6,1.606,copper,1909.83,3.17,0.016,267.4936,0.0,6054.1689,63.2924,6204.3315
624,SYNTHETIC,2,Plastics Manufacturing,France,FRA,0.056,8.81,2288.02,309.19,3794.3,sea_bulk,245.5,3.035,chemicals_general,6677.22,2.2,0.012,120.8686,831.7288,14689.8902,8.9412,15164.8372
346,SYNTHETIC,1,Mining & Raw Materials,France,FRA,0.056,6.4,6280.1,519.08,6073.9,sea_container,4096.1,4.859,chemicals_general,4161.44,2.2,0.016,337.2267,1396.3123,9155.1768,318.4529,10737.4365
1703,SYNTHETIC,3,Logistics & Freight,France,FRA,0.056,15.37,379.18,2039.47,5482.1,sea_container,1637.4,4.386,cardboard,1695.57,0.89,0.016,19.1361,5486.1701,1509.0609,114.8949,7121.6142
263,SYNTHETIC,1,Packaging Materials,Mexico,MEX,0.42,44.59,899.04,0.0,3678.6,sea_bulk,1007.0,2.943,plastic_pet,4949.35,3.1,0.012,217.25,0.0,15342.9803,35.5629,15424.4431
1635,SYNTHETIC,3,Renewable Energy Components,Saudi Arabia,SAU,0.74,45.88,2900.36,0.0,1309.5,sea_container,5184.1,1.048,copper,1197.56,3.17,0.016,1188.1662,0.0,3796.2755,86.894,5027.3483
1322,SYNTHETIC,2,Agricultural Commodities,Brazil,BRA,0.08,,813.89,91.94,6803.2,air_freight,3922.3,5.443,cardboard,8152.53,0.89,0.602,62.4765,247.3093,7255.7527,12851.1638,20765.7521
1439,SYNTHETIC,3,Packaging Materials,Turkey,TUR,0.445,22.65,788.56,0.0,2901.8,air_freight,8368.4,2.321,cardboard,5289.57,0.89,0.602,275.0131,0.0,4707.721,11694.8228,17019.1328
151,SYNTHETIC,1,Agricultural Commodities,Vietnam,VNM,0.59,28.48,664.34,1248.63,5668.5,sea_container,1289.5,4.535,wood_timber,5652.33,0.46,0.016,284.1133,3358.8259,2600.0718,93.5626,6291.6432
473,SYNTHETIC,1,Chemical Processing,Germany,DEU,0.385,8.76,6026.27,31.33,7675.9,sea_container,1365.0,6.141,plastic_pp,9684.08,1.65,0.016,2127.534,84.2672,15978.7309,134.113,18301.3535
641,SYNTHETIC,2,Textiles & Apparel,Japan,JPN,0.47,28.69,1075.63,0.0,4186.8,road_electric,1310.8,3.349,cotton_fabric,5393.51,8.0,0.021,366.6906,0.0,43148.1177,92.1978,43707.4282
1983,SYNTHETIC,3,Chemical Processing,Germany,DEU,0.385,27.87,3980.06,0.0,629.5,inland_waterway,5570.5,0.504,plastic_pp,989.84,1.65,0.031,1127.3854,0.0,1633.2387,86.9694,2893.9633
1883,SYNTHETIC,3,Mining & Raw Materials,Vietnam,VNM,0.59,29.62,6393.52,0.0,7776.1,sea_container,2740.5,6.221,copper,11559.68,3.17,0.016,2692.6806,0.0,36644.1992,272.7699,40287.9902
551,SYNTHETIC,1,Plastics Manufacturing,Brazil,BRA,0.08,45.74,2140.11,629.66,4540.4,inland_waterway,785.9,3.632,plastic_pet,5087.3,3.1,0.031,112.479,1693.7802,15770.6242,88.4926,18198.8328
1780,SYNTHETIC,3,Electronics Assembly,United States,USA,0.386,27.43,807.52,0.0,3063.3,sea_container,2159.5,2.451,aluminium,3254.19,8.24,0.016,230.6292,0.0,26814.5281,84.6754,26526.0686
929,SYNTHETIC,2,Agricultural Commodities,Germany,DEU,0.385,14.97,602.11,0.0,4419.3,air_freight,1654.3,3.535,cotton_fabric,7318.83,8.0,0.602,198.9109,0.0,58550.6449,3520.9385,60065.6859
489,SYNTHETIC,1,Plastics Manufacturing,Turkey,TUR,0.445,,1189.46,303.41,1066.4,sea_bulk,533.8,0.853,plastic_pp,417.25,1.65,0.012,267.5505,816.1703,688.4658,5.4644,1772.2497
1812,SYNTHETIC,3,Electronics Assembly,United States,USA,0.386,12.65,1195.14,0.0,3510.1,road_diesel,2638.8,2.808,chemicals_general,4107.11,2.2,0.1033,405.9687,0.0,9035.6438,765.461,10426.2821
1172,SYNTHETIC,2,Steel & Metals,Australia,AUS,0.66,35.74,2788.42,2085.27,5050.0,rail_freight,10080.5,4.04,aluminium,4932.61,8.24,0.028,1202.5095,5609.3767,40644.6964,1140.3122,50046.6064
147,SYNTHETIC,1,Logistics & Freight,Turkey,TUR,0.445,34.06,187.94,0.0,5423.4,road_diesel,3528.1,4.339,cardboard,6266.79,0.89,0.1033,56.4283,0.0,5577.4458,1581.2776,7019.4968
1705,SYNTHETIC,3,Renewable Energy Components,Australia,AUS,0.66,54.98,1651.16,0.0,8421.6,road_diesel,2868.8,6.737,copper,9855.82,3.17,0.1033,508.7932,0.0,31242.9587,1996.5856,35061.7186
1929,SYNTHETIC,3,Packaging Materials,India,IND,0.7082,16.85,1875.0,0.0,8559.2,sea_bulk,2693.5,6.847,cardboard,13203.61,0.89,0.012,1110.392,0.0,11751.2097,221.3192,13459.4215
403,SYNTHETIC,1,Logistics & Freight,Vietnam,VNM,0.59,32.43,565.61,586.53,525.1,sea_bulk,356.8,0.42,plastic_pp,427.3,1.65,0.012,229.1417,1577.7614,705.0408,1.7987,2636.6017
955,SYNTHETIC,2,Textiles & Apparel,Germany,DEU,0.385,3.41,1044.82,0.0,4058.9,inland_waterway,1315.5,3.247,plastic_pet,5818.71,3.1,0.031,389.2429,0.0,18038.0061,132.4162,19274.6418
1878,SYNTHETIC,3,Chemical Processing,Japan,JPN,0.47,23.46,4504.52,32.86,7592.7,inland_waterway,4470.8,6.074,glass,8381.66,0.85,0.031,1641.6771,88.3879,7124.4089,841.8363,9967.1317
660,SYNTHETIC,2,Plastics Manufacturing,Australia,AUS,0.66,64.84,1853.6,467.77,5643.8,sea_bulk,7435.7,4.515,plastic_pet,6052.79,3.1,0.012,454.2307,1258.3089,18763.659,402.8733,21007.5254
1373,SYNTHETIC,2,Construction Materials,India,IND,0.7082,13.15,4766.33,283.01,6228.2,road_diesel,504.1,4.983,wood_timber,6119.61,0.46,0.1033,2944.0348,761.2942,2815.0185,259.4372,6505.2747
464,SYNTHETIC,1,Automotive Manufacturing,Turkey,TUR,0.445,11.5,2057.79,836.85,7405.0,road_diesel,351.9,5.924,rubber,9627.33,3.85,0.1033,815.113,2251.1345,37065.2323,215.3189,41326.1559
1350,SYNTHETIC,2,Logistics & Freight,South Africa,ZAF,0.89,42.37,614.3,841.88,6655.8,inland_waterway,489.4,5.325,plastic_pp,6494.26,1.65,0.031,320.2885,2264.6563,10715.5263,80.7858,13434.826
187,SYNTHETIC,1,Electronics Assembly,Turkey,TUR,0.445,23.47,1124.94,0.0,5306.7,sea_bulk,5292.0,4.245,plastic_pet,7053.8,3.1,0.012,388.4062,0.0,21866.7854,269.5942,22354.2595
1148,SYNTHETIC,2,Pharmaceutical Manufacturing,Germany,DEU,0.385,45.46,4298.3,,7168.4,sea_container,221.2,5.735,glass,8865.11,0.85,0.016,941.6427,0.0,7535.3442,20.2957,8325.9435
1225,SYNTHETIC,2,Pharmaceutical Manufacturing,South Korea,KOR,0.435,24.6,4924.5,0.0,11296.8,sea_bulk,1644.0,9.037,glass,10421.4,0.85,0.012,1639.4905,0.0,8858.1866,178.2908,11012.5454
609,SYNTHETIC,2,Food Processing,Saudi Arabia,SAU,0.74,20.45,1677.32,0.0,5640.4,sea_container,448.0,4.512,glass,5027.33,0.85,0.016,994.2845,0.0,4273.2329,32.345,5220.6886
144,SYNTHETIC,1,Logistics & Freight,South Africa,ZAF,0.89,8.29,644.26,256.34,6422.5,air_freight,1096.2,5.138,cardboard,4879.07,0.89,0.602,526.9331,689.558,4342.3686,3390.7563,8758.6406
752,SYNTHETIC,2,Steel & Metals,South Africa,ZAF,0.89,34.37,4978.35,0.0,4912.1,sea_container,126.3,3.93,copper,7943.01,3.17,0.016,2942.2899,0.0,25179.3538,7.9426,28520.4429
1535,SYNTHETIC,3,Renewable Energy Components,Mexico,MEX,0.42,,1584.55,0.0,2311.8,inland_waterway,1584.3,1.849,lithium_battery,2799.54,75.0,0.031,497.6433,0.0,209965.2204,90.8331,211533.7001
982,SYNTHETIC,2,Chemical Processing,Vietnam,VNM,0.59,2.1,5255.69,,952.1,inland_waterway,1961.9,0.762,glass,962.34,0.85,0.031,3037.9928,5187.2066,817.9915,46.3219,8586.9354
198,SYNTHETIC,1,Packaging Materials,India,IND,0.7082,4.05,873.3,0.0,7571.7,sea_bulk,2733.9,6.057,glass,11277.63,0.85,0.012,594.1555,0.0,9585.9894,198.7263,10586.696
1634,SYNTHETIC,3,Chemical Processing,Japan,JPN,0.47,22.17,5185.84,363.84,5508.8,road_diesel,501.1,4.407,plastic_pp,9668.73,1.65,0.1033,1920.0108,978.7321,15953.3999,228.1441,20089.6143
884,SYNTHETIC,2,Chemical Processing,Germany,DEU,0.385,28.7,2560.98,0.0,1786.0,inland_waterway,1954.2,1.429,plastic_pp,2409.42,1.65,0.031,717.7168,0.0,3975.5477,86.556,4803.6947
280,SYNTHETIC,1,Pharmaceutical Manufacturing,Australia,AUS,0.66,13.33,4149.12,0.0,8119.4,air_freight,3065.8,6.496,plastic_pet,6013.99,3.1,0.602,2384.3719,0.0,18643.3707,11988.1976,31455.9573
294,SYNTHETIC,1,Textiles & Apparel,Japan,JPN,0.47,17.23,824.79,0.0,6336.9,inland_waterway,451.7,5.07,plastic_pet,6856.35,3.1,0.031,323.701,0.0,21254.679,70.9813,21722.1713
1824,SYNTHETIC,3,Steel & Metals,United Kingdom,GBR,0.207,48.86,7758.53,245.6,3265.8,air_freight,69.2,2.613,copper,5150.94,3.17,0.602,897.1871,660.6515,16328.4816,108.7854,17751.6928
401,SYNTHETIC,1,Textiles & Apparel,India,IND,0.7082,34.98,963.57,0.0,1719.5,inland_waterway,636.1,1.376,plastic_pet,2098.67,3.1,0.031,450.435,0.0,6505.8689,27.1274,6663.4584
123,SYNTHETIC,1,Food Processing,United Kingdom,GBR,0.207,3.27,970.89,0.0,917.6,inland_waterway,,0.734,glass,1394.96,0.85,0.031,195.0309,0.0,1185.7196,13.4585,1401.7074
1208,SYNTHETIC,2,Packaging Materials,Brazil,BRA,0.08,38.77,2051.73,0.0,3801.2,sea_container,2337.1,3.041,plastic_pet,1751.42,3.1,0.016,116.4138,0.0,5429.4013,113.7136,5570.9402
203,SYNTHETIC,1,Textiles & Apparel,France,FRA,0.056,52.98,1219.74,0.0,6070.8,road_diesel,512.4,4.857,cotton_fabric,9476.42,8.0,0.1033,45.0416,0.0,75811.3328,257.0812,76603.1334
1463,SYNTHETIC,3,Steel & Metals,United States,USA,0.386,31.34,3751.45,1061.38,6368.8,sea_bulk,6569.8,5.095,steel,3713.47,1.85,0.012,1017.7763,2855.1069,6869.923,401.6831,11556.5263
836,SYNTHETIC,2,Mining & Raw Materials,Germany,DEU,0.385,21.94,7351.5,317.07,3952.6,sea_container,693.3,3.162,concrete,3567.04,0.13,0.016,2241.5942,852.9208,463.7153,35.0776,3646.7222
247,SYNTHETIC,1,Agricultural Commodities,France,FRA,0.056,1.91,1003.58,299.01,4342.8,air_freight,3718.0,3.474,cardboard,5587.09,0.89,0.602,55.5121,804.35,4972.5133,7776.0271,13657.7017
1440,SYNTHETIC,3,Construction Materials,Australia,AUS,0.66,16.32,2665.55,50.47,6401.9,road_electric,1845.6,5.122,steel,3792.53,1.85,0.021,1480.7671,135.7619,7016.1748,198.4995,8705.735
1754,SYNTHETIC,3,Semiconductor Fabrication,Vietnam,VNM,0.59,13.25,7578.24,0.0,1678.4,sea_bulk,1291.6,1.343,copper,2662.79,3.17,0.012,3898.7489,0.0,8441.0339,20.8116,12519.6153
1902,SYNTHETIC,3,Renewable Energy Components,South Korea,KOR,0.435,53.63,2523.66,0.0,2307.7,inland_waterway,3011.0,1.846,aluminium,5012.04,8.24,0.031,536.095,0.0,41299.1718,172.3209,43728.0834
1708,SYNTHETIC,3,Automotive Manufacturing,Brazil,BRA,0.08,20.93,2386.98,,9101.9,air_freight,5798.5,7.282,steel,13271.62,1.85,0.602,160.9815,645.0606,24552.5028,25417.7169,52747.3798
1881,SYNTHETIC,3,Packaging Materials,Japan,JPN,0.47,61.44,1524.19,0.0,1304.7,rail_freight,675.7,1.044,cardboard,1642.24,0.89,0.028,294.9296,0.0,1461.5975,19.7483,1793.8584
1154,SYNTHETIC,2,Food Processing,Turkey,TUR,0.445,11.48,1116.95,0.0,10013.0,inland_waterway,4011.3,8.01,cardboard,13129.54,0.89,0.031,442.5623,0.0,11685.2872,996.0835,12483.7902
1662,SYNTHETIC,3,Plastics Manufacturing,Australia,AUS,0.66,27.18,1607.52,133.66,965.2,road_electric,9367.9,0.772,plastic_pet,1712.6,3.1,0.021,781.3346,359.5432,5309.0475,151.9116,6761.9725
1427,SYNTHETIC,3,Agricultural Commodities,France,FRA,0.056,46.37,404.12,0.0,3103.8,sea_container,60.7,2.483,cardboard,3552.65,0.89,0.016,15.8843,0.0,3161.8623,2.4124,3291.8008
385,SYNTHETIC,1,Food Processing,India,IND,0.7082,22.5,962.48,,2553.0,sea_bulk,1036.2,2.042,glass,2894.42,0.85,0.012,532.6092,0.0,2460.2543,25.3946,2905.0104
1759,SYNTHETIC,3,Packaging Materials,United Kingdom,GBR,0.207,47.38,1340.69,0.0,8636.3,road_diesel,6705.1,6.909,plastic_pet,13879.55,3.1,0.1033,158.7399,0.0,43026.6033,4785.4813,50768.553
855,SYNTHETIC,2,Steel & Metals,South Africa,ZAF,0.89,25.41,6680.07,,2848.6,inland_waterway,740.1,2.279,copper,3082.99,3.17,0.031,4468.4855,0.0,9773.0792,52.2873,14700.4304
1590,SYNTHETIC,3,Automotive Manufacturing,South Africa,ZAF,0.89,3.39,2309.95,,1733.7,rail_freight,,1.387,steel,838.64,1.85,0.028,1987.6842,910.4298,1551.4915,10.7486,4488.165
220,SYNTHETIC,1,Renewable Energy Components,Brazil,BRA,0.08,3.9,1822.74,,9728.5,air_freight,69.8,7.783,steel,11495.28,1.85,0.602,141.555,0.0,21266.2614,327.0638,20987.2016
642,SYNTHETIC,2,Electronics Assembly,United States,USA,0.386,6.62,818.9,0.0,9416.3,inland_waterway,5289.5,7.533,copper,7351.29,3.17,0.031,296.2685,0.0,23303.5735,1235.2214,24454.35
2,SYNTHETIC,1,Renewable Energy Components,Brazil,BRA,0.08,22.04,2670.22,0.0,1531.4,sea_bulk,,1.225,steel,2337.76,1.85,0.012,178.3137,0.0,4324.8554,5.5216,4302.5701
113,SYNTHETIC,1,Textiles & Apparel,Germany,DEU,0.385,23.03,1087.98,0.0,6141.9,sea_bulk,2460.2,4.914,plastic_pet,8862.77,3.1,0.012,327.4231,0.0,27474.5946,145.0598,28111.8432
699,SYNTHETIC,2,Packaging Materials,Saudi Arabia,SAU,0.74,49.44,1109.46,0.0,6274.9,sea_container,2287.2,5.02,cardboard,6664.55,0.89,0.016,426.0832,0.0,5931.4471,183.7038,6173.8841
1916,SYNTHETIC,3,Chemical Processing,France,FRA,0.056,46.67,4410.26,102.5,5140.5,rail_freight,5198.0,4.112,glass,6607.68,0.85,0.028,172.8756,275.7132,5616.532,598.5314,6923.8367
952,SYNTHETIC,2,Logistics & Freight,France,FRA,0.056,15.58,119.51,,8608.3,rail_freight,276.8,6.887,cardboard,10556.43,0.89,0.028,6.0223,1884.282,9395.2228,53.3804,11904.5822
1649,SYNTHETIC,3,Food Processing,South Korea,KOR,0.435,15.7,1265.98,0.0,4437.8,air_freight,119.8,3.55,plastic_pet,7334.99,3.1,0.602,468.2229,0.0,22738.4594,255.9708,21968.9267
1637,SYNTHETIC,3,Food Processing,South Africa,ZAF,0.89,32.11,713.62,0.0,7129.7,inland_waterway,960.2,5.704,plastic_pet,7854.6,3.1,0.031,435.7792,0.0,24349.2685,169.7812,26232.3632
1886,SYNTHETIC,3,Chemical Processing,South Korea,KOR,0.435,13.09,4243.59,278.55,5880.0,inland_waterway,5755.6,4.704,chemicals_general,5162.36,2.2,0.031,1615.3891,749.288,11357.181,839.3125,14447.6736
1411,SYNTHETIC,3,Chemical Processing,United States,USA,0.386,,3908.54,1936.06,6302.0,rail_freight,2208.6,5.042,glass,6092.48,0.85,0.028,1260.856,5208.0033,5178.607,311.7772,12295.3294
1410,SYNTHETIC,3,Pharmaceutical Manufacturing,Australia,AUS,0.66,,2754.0,0.0,8745.2,rail_freight,81.8,6.996,chemicals_general,11137.71,2.2,0.028,1610.1533,0.0,24502.9689,16.027,27164.0539
1534,SYNTHETIC,3,Plastics Manufacturing,Japan,JPN,0.47,17.99,2150.57,70.87,11543.2,air_freight,2129.3,9.235,chemicals_general,9637.15,2.2,0.602,836.619,190.6489,21201.7348,11837.3327,34906.5245
1292,SYNTHETIC,2,Pharmaceutical Manufacturing,Japan,JPN,0.47,26.34,3675.45,0.0,2355.2,road_electric,1164.9,1.884,plastic_pet,2859.44,3.1,0.021,1291.8368,0.0,8864.2656,46.0911,9601.53
1809,SYNTHETIC,3,Logistics & Freight,Australia,AUS,0.66,10.5,685.7,669.48,7578.3,inland_waterway,2216.5,6.063,plastic_pp,9074.36,1.65,0.031,406.4816,1800.9137,14972.6957,416.5687,17358.7318
442,SYNTHETIC,1,Food Processing,Japan,JPN,0.47,7.37,646.61,0.0,3489.6,sea_bulk,6042.9,2.792,plastic_pet,3439.09,3.1,0.012,282.4722,0.0,10661.1812,202.4377,11057.8015
1521,SYNTHETIC,3,Pharmaceutical Manufacturing,United Kingdom,GBR,0.207,33.86,3307.93,0.0,3112.2,inland_waterway,4430.9,2.49,glass,3748.49,0.85,0.031,475.2667,0.0,3186.2127,341.9834,4123.9647
1137,SYNTHETIC,2,Packaging Materials,South Korea,KOR,0.435,,2120.61,0.0,3581.4,sea_container,812.2,2.865,plastic_pet,7194.53,3.1,0.016,713.2852,0.0,22303.0404,37.231,24320.011
1716,SYNTHETIC,3,Food Processing,Brazil,BRA,0.08,28.79,1038.22,0.0,13724.1,air_freight,1314.1,10.979,glass,9261.51,0.85,0.602,65.1229,0.0,7872.2863,8685.2639,16195.1786
1257,SYNTHETIC,2,Textiles & Apparel,South Africa,ZAF,0.89,6.36,1036.24,0.0,4553.2,inland_waterway,1480.2,3.643,cotton_fabric,5755.01,8.0,0.031,864.9019,0.0,46040.0468,167.1494,46232.323
1864,SYNTHETIC,3,Chemical Processing,Saudi Arabia,SAU,0.74,6.67,4641.86,235.92,8747.4,sea_container,1430.1,6.998,chemicals_general,13704.61,2.2,0.016,3212.2229,634.6347,30150.1409,160.1199,33209.4742
1632,SYNTHETIC,3,Renewable Energy Components,France,FRA,0.056,72.36,2985.27,0.0,5590.5,air_freight,296.5,4.472,aluminium,3473.34,8.24,0.602,89.4147,0.0,28620.2981,798.3077,28832.1502
1696,SYNTHETIC,3,Mining & Raw Materials,Turkey,TUR,0.445,4.91,5199.69,542.52,7927.3,sea_bulk,223.4,6.342,steel,9207.24,1.85,0.012,2205.3301,1459.3676,17033.3891,16.9976,20351.8495
1398,SYNTHETIC,2,Construction Materials,United Kingdom,GBR,0.207,18.6,3633.37,0.0,3934.2,road_electric,1913.3,3.147,steel,2679.71,1.85,0.021,625.7088,0.0,4957.4607,126.4594,5446.394
664,SYNTHETIC,2,Plastics Manufacturing,Mexico,MEX,0.42,38.55,1947.62,0.0,5421.3,sea_container,3047.7,4.337,chemicals_general,5988.93,2.2,0.016,517.6944,0.0,13175.64,211.4847,14702.7027
1836,SYNTHETIC,3,Logistics & Freight,Brazil,BRA,0.08,47.37,375.73,988.27,6191.4,road_diesel,6273.5,4.953,plastic_pp,3220.97,1.65,0.1033,19.3789,2658.4368,5314.594,3209.9259,10594.9689
1258,SYNTHETIC,2,Semiconductor Fabrication,United States,USA,0.386,,6054.55,0.0,7822.1,road_electric,2841.3,6.258,copper,10740.81,3.17,0.021,1464.1298,0.0,34048.3828,373.3811,35451.4995
1774,SYNTHETIC,3,Food Processing,India,IND,0.7082,19.69,57.49,0.0,1399.9,road_electric,783.5,1.12,cardboard,1517.82,0.89,0.021,32.9258,0.0,1350.8637,18.4279,1372.0865
1701,SYNTHETIC,3,Steel & Metals,Germany,DEU,0.385,8.71,4996.71,4.06,2468.8,rail_freight,1312.8,1.975,copper,2721.35,3.17,0.028,1764.9048,10.9322,8626.693,72.6,10014.8401
318,SYNTHETIC,1,Agricultural Commodities,Mexico,MEX,0.42,3.58,570.2,746.85,2981.4,inland_waterway,4969.4,2.385,cardboard,2229.36,0.89,0.031,231.3175,2009.0132,1984.1322,367.4309,4677.6764
649,SYNTHETIC,2,Chemical Processing,Saudi Arabia,SAU,0.74,34.44,2917.24,1340.18,10175.1,inland_waterway,1950.9,8.14,plastic_pp,12291.91,1.65,0.031,1435.2791,3605.0721,20281.6564,492.2951,26092.8951
1435,SYNTHETIC,3,Chemical Processing,Germany,DEU,0.385,16.74,3733.99,632.16,3927.1,road_electric,1690.7,3.142,chemicals_general,5904.85,2.2,0.021,1209.4166,1700.5199,12990.6643,111.544,15477.8902
1480,SYNTHETIC,3,Food Processing,France,FRA,0.056,62.66,965.52,0.0,3438.1,rail_freight,6943.2,2.75,cardboard,4507.31,0.89,0.028,32.2878,0.0,4011.5015,534.7141,4614.7403
710,SYNTHETIC,2,Agricultural Commodities,India,IND,0.7082,10.12,380.57,0.0,3619.3,road_electric,,2.895,cotton_fabric,7661.3,8.0,0.021,243.0144,0.0,61290.4399,161.2359,65151.065
1383,SYNTHETIC,2,Electronics Assembly,Brazil,BRA,0.08,13.89,898.35,0.0,4960.6,sea_bulk,4429.3,3.969,plastic_pet,7467.54,3.1,0.012,64.382,0.0,23149.381,210.9317,23576.0731
1283,SYNTHETIC,2,Steel & Metals,India,IND,0.7082,,5811.45,0.0,6639.7,sea_bulk,1782.2,5.312,copper,8449.59,3.17,0.012,2652.1656,0.0,26785.2051,113.6019,29961.5216
973,SYNTHETIC,2,Semiconductor Fabrication,South Africa,ZAF,0.89,7.09,7422.5,0.0,3484.3,road_electric,565.6,2.787,chemicals_general,5267.11,2.2,0.021,6148.0532,0.0,11587.6347,33.1069,18120.2656
628,SYNTHETIC,2,Renewable Energy Components,Saudi Arabia,SAU,0.74,21.34,2358.52,0.0,1978.5,rail_freight,156.5,1.583,aluminium,1364.64,8.24,0.028,1382.8889,0.0,11244.6425,6.9362,13092.3384
633,SYNTHETIC,2,Electronics Assembly,Australia,AUS,0.66,22.0,767.92,0.0,9045.5,rail_freight,102.2,7.236,aluminium,19903.32,8.24,0.028,398.6963,0.0,164003.331,20.7147,164281.9041
1307,SYNTHETIC,2,Logistics & Freight,United States,USA,0.386,40.11,226.98,546.42,5645.2,sea_container,1593.7,4.516,cardboard,5938.7,0.89,0.016,54.2893,1469.863,5285.4423,115.156,6907.7419
1401,SYNTHETIC,3,Electronics Assembly,China,CHN,0.581,7.39,1001.17,0.0,2029.0,air_freight,545.0,1.623,chemicals_general,2587.08,2.2,0.602,540.1568,0.0,5691.586,532.5585,6819.7641
1409,SYNTHETIC,3,Semiconductor Fabrication,Mexico,MEX,0.42,29.24,10920.49,0.0,3179.2,inland_waterway,1257.5,2.543,aluminium,2644.45,8.24,0.031,3309.2031,0.0,21790.2972,99.1479,25841.2412
1249,SYNTHETIC,2,Automotive Manufacturing,France,FRA,0.056,8.85,2116.56,0.0,1595.8,road_diesel,3343.7,1.277,rubber,2722.43,3.85,0.1033,111.7808,0.0,10481.366,440.955,11045.8106
1953,SYNTHETIC,3,Pharmaceutical Manufacturing,Germany,DEU,0.385,26.77,2000.76,0.0,5705.0,road_diesel,1006.4,4.564,glass,11857.95,0.85,0.1033,574.7742,0.0,10079.256,474.4946,10733.4419
1255,SYNTHETIC,2,Renewable Energy Components,Japan,JPN,0.47,23.07,1887.25,0.0,6233.0,road_diesel,4200.0,4.986,steel,6119.42,1.85,0.1033,691.0475,0.0,11320.9227,2163.4086,14638.6041
1497,SYNTHETIC,3,Chemical Processing,South Korea,KOR,0.435,23.0,5609.39,682.55,4904.4,sea_bulk,2090.6,3.924,glass,9307.57,0.85,0.012,1904.7121,1836.0597,7911.4334,98.4283,11729.0008
1372,SYNTHETIC,2,Automotive Manufacturing,Australia,AUS,0.66,24.12,1354.27,1134.55,7116.9,rail_freight,2562.5,5.694,steel,8765.41,1.85,0.028,684.72,3051.929,16216.0053,408.5073,20665.1925
1530,SYNTHETIC,3,Automotive Manufacturing,South Africa,ZAF,0.89,5.24,1296.96,,1225.5,sea_container,2705.8,0.98,plastic_pp,976.5,1.65,0.016,1095.1831,1652.7192,1611.2235,42.4443,4302.9885
1664,SYNTHETIC,3,Packaging Materials,United States,USA,0.386,17.65,1586.15,0.0,3323.8,inland_waterway,363.7,2.659,plastic_pet,5604.51,3.1,0.031,509.7964,0.0,17373.9756,29.9769,18543.9713
1355,SYNTHETIC,2,Plastics Manufacturing,Vietnam,VNM,0.59,41.82,2347.82,0.0,2177.3,rail_freight,3738.7,1.742,chemicals_general,2601.63,2.2,0.028,825.5616,0.0,5723.58,182.3467,7069.874
1926,SYNTHETIC,3,Agricultural Commodities,United Kingdom,GBR,0.207,64.62,464.74,653.68,2565.1,road_diesel,5302.0,2.052,cardboard,3859.0,0.89,0.1033,40.0428,1758.3968,3434.5089,1123.9022,6325.8781
1901,SYNTHETIC,3,Chemical Processing,France,FRA,0.056,9.88,6142.66,928.95,9733.6,inland_waterway,9158.9,7.787,glass,16971.36,0.85,0.031,322.1497,2498.8841,14425.6592,2210.8961,19149.1878
1644,SYNTHETIC,3,Automotive Manufacturing,United States,USA,0.386,31.45,3116.21,307.52,6768.7,sea_bulk,276.5,5.415,steel,9666.08,1.85,0.012,844.2053,827.2242,17882.2501,17.9672,18992.9596
1849,SYNTHETIC,3,Plastics Manufacturing,Germany,DEU,0.385,28.42,1398.23,36.72,4165.4,sea_bulk,2063.6,3.332,plastic_pp,9585.85,1.65,0.012,393.2665,98.7879,15816.6467,82.5185,17085.599
796,SYNTHETIC,2,Renewable Energy Components,France,FRA,0.056,25.37,1329.22,0.0,8230.1,inland_waterway,1105.0,6.584,lithium_battery,12107.69,75.0,0.031,62.2978,0.0,908076.9403,225.5319,953228.7935
646,SYNTHETIC,2,Plastics Manufacturing,Turkey,TUR,0.445,,1496.22,793.72,4007.0,road_electric,3004.2,3.206,plastic_pp,7321.92,1.65,0.021,416.2939,2135.0943,12081.1747,202.2375,14756.4227
1013,SYNTHETIC,2,Electronics Assembly,Vietnam,VNM,0.59,2.18,479.36,0.0,3682.8,road_diesel,3031.9,2.946,aluminium,1745.8,8.24,0.1033,276.8691,0.0,14385.3868,922.7448,16235.8749
1840,SYNTHETIC,3,Plastics Manufacturing,South Korea,KOR,0.435,24.17,1259.45,76.44,6692.1,road_diesel,6374.3,5.354,chemicals_general,8109.5,2.2,0.1033,421.5547,205.6357,17840.9059,3525.197,21214.6373
557,SYNTHETIC,1,Construction Materials,Vietnam,VNM,0.59,53.82,1886.97,0.0,3480.0,rail_freight,309.2,2.784,steel,2310.61,1.85,0.028,534.4854,0.0,4274.6275,24.1014,4895.8842
682,SYNTHETIC,2,Construction Materials,Vietnam,VNM,0.59,19.89,4694.77,167.23,2968.6,sea_container,4159.8,2.375,steel,7409.88,1.85,0.016,2237.6915,449.8409,13708.2773,158.0658,16998.449
578,SYNTHETIC,1,Construction Materials,China,CHN,0.581,48.4,3548.47,1712.65,6072.9,sea_container,154.1,4.858,glass,8117.49,0.85,0.016,1098.116,4607.0373,6899.8647,11.9754,12514.298
1110,SYNTHETIC,2,Automotive Manufacturing,Brazil,BRA,0.08,6.72,2322.34,386.2,2921.7,sea_container,1055.9,2.337,aluminium,3650.89,8.24,0.016,176.4224,1038.8797,30083.3397,39.4887,31916.2826
1267,SYNTHETIC,2,Plastics Manufacturing,China,CHN,0.581,27.75,2581.18,893.38,2057.4,sea_container,4696.7,1.646,plastic_pet,1313.55,3.1,0.016,1097.8528,2403.1847,4071.9904,123.688,7800.6951
1723,SYNTHETIC,3,Steel & Metals,France,FRA,0.056,26.52,6660.8,281.12,7953.1,sea_container,687.1,6.362,steel,9424.65,1.85,0.016,309.4109,756.2258,17435.6087,69.946,17834.214
1184,SYNTHETIC,2,Semiconductor Fabrication,Australia,AUS,0.66,42.74,7316.46,0.0,6543.6,road_diesel,1224.4,5.235,copper,10176.05,3.17,0.1033,2827.6157,0.0,32258.0764,662.0883,37247.5614
525,SYNTHETIC,1,Electronics Assembly,Japan,JPN,0.47,31.77,762.35,0.0,5341.7,road_electric,3082.5,4.273,aluminium,8959.31,8.24,0.021,249.3189,0.0,73824.6854,276.6247,72634.1055
1060,SYNTHETIC,2,Renewable Energy Components,Australia,AUS,0.66,11.33,1750.2,0.0,5773.2,sea_bulk,1612.0,4.619,steel,5399.25,1.85,0.012,1028.2181,0.0,9988.6117,89.3402,10773.8399
541,SYNTHETIC,1,Mining & Raw Materials,United Kingdom,GBR,0.207,54.5,5341.38,129.43,3778.8,sea_container,2612.1,3.023,steel,6935.64,1.85,0.016,561.3446,348.1758,12830.9313,126.3458,13922.8363
1195,SYNTHETIC,2,Pharmaceutical Manufacturing,Vietnam,VNM,0.59,48.16,4255.23,0.0,7637.2,rail_freight,465.2,6.11,chemicals_general,5570.09,2.2,0.028,1342.4985,0.0,12254.2019,79.5754,14189.4267
1679,SYNTHETIC,3,Semiconductor Fabrication,Vietnam,VNM,0.59,7.65,8449.98,0.0,8399.3,road_diesel,,6.719,chemicals_general,12563.34,2.2,0.1033,4616.8834,0.0,27639.34,431.1096,34246.0906
749,SYNTHETIC,2,Semiconductor Fabrication,Saudi Arabia,SAU,0.74,3.85,10062.83,0.0,6541.1,road_diesel,2978.6,5.233,chemicals_general,4966.56,2.2,0.1033,7167.5065,0.0,10926.4309,1610.1126,19695.1963
1852,SYNTHETIC,3,Food Processing,Saudi Arabia,SAU,0.74,34.48,742.3,0.0,6386.8,rail_freight,1504.5,5.109,plastic_pet,5930.29,3.1,0.028,365.013,0.0,18383.897,215.2397,18780.9691
1431,SYNTHETIC,3,Textiles & Apparel,Germany,DEU,0.385,,729.98,0.0,2199.5,rail_freight,544.8,1.76,cotton_fabric,1883.56,8.0,0.028,191.1869,0.0,15068.501,26.8439,14954.2643
485,SYNTHETIC,1,Food Processing,India,IND,0.7082,53.18,435.92,0.0,2872.1,inland_waterway,3949.9,2.298,cardboard,3349.07,0.89,0.031,149.1716,0.0,2980.6693,281.3411,3565.7199
1758,SYNTHETIC,3,Mining & Raw Materials,India,IND,0.7082,62.04,3840.36,2084.39,9932.8,sea_bulk,2119.9,7.946,steel,9075.31,1.85,0.012,1080.1834,5607.0078,16789.3205,202.1416,22729.736
96,SYNTHETIC,1,Logistics & Freight,France,FRA,0.056,39.29,507.01,0.0,7224.1,inland_waterway,4008.4,5.779,plastic_pp,8804.75,1.65,0.031,21.2207,0.0,14527.8454,718.139,15030.2786
1021,SYNTHETIC,2,Packaging Materials,Australia,AUS,0.66,10.15,143.43,0.0,5441.9,sea_bulk,7569.6,4.354,cardboard,8258.11,0.89,0.012,85.345,0.0,7349.717,395.4544,7598.2955
564,SYNTHETIC,1,Chemical Processing,Germany,DEU,0.385,38.69,4328.09,329.36,1773.6,rail_freight,1995.6,1.419,plastic_pp,2092.09,1.65,0.028,1055.0386,885.9786,3451.9507,79.2817,5431.719
1265,SYNTHETIC,2,Electronics Assembly,China,CHN,0.581,13.42,1001.42,0.0,527.5,sea_bulk,5477.1,0.422,chemicals_general,901.13,2.2,0.012,506.4433,0.0,1982.4957,27.7345,2491.9794
743,SYNTHETIC,2,Automotive Manufacturing,India,IND,0.7082,10.67,1985.15,323.91,4833.9,sea_bulk,2234.3,3.867,steel,3664.61,1.85,0.012,1260.0695,871.3247,6779.5255,103.684,9192.9057
864,SYNTHETIC,2,Pharmaceutical Manufacturing,Germany,DEU,0.385,54.03,3126.09,0.0,5521.0,rail_freight,1039.8,4.417,glass,1627.25,0.85,0.028,587.1035,0.0,1383.1656,128.5952,2138.9919
1599,SYNTHETIC,3,Logistics & Freight,United States,USA,0.386,9.19,321.69,324.69,4316.3,road_electric,904.6,3.453,cardboard,8493.22,0.89,0.021,113.3566,873.4205,7558.9629,65.5956,8523.1819
1715,SYNTHETIC,3,Chemical Processing,Japan,JPN,0.47,7.36,3348.32,979.45,5246.8,road_diesel,2085.7,4.197,glass,2804.52,0.85,0.1033,1462.8144,2634.7257,2383.8413,904.3324,7165.0187
1485,SYNTHETIC,3,Packaging Materials,Turkey,TUR,0.445,,1659.83,0.0,3034.2,inland_waterway,899.0,2.427,plastic_pet,3225.05,3.1,0.031,521.2111,0.0,9997.6472,67.6484,10837.8788
892,SYNTHETIC,2,Pharmaceutical Manufacturing,South Korea,KOR,0.435,25.46,2441.11,0.0,6130.2,sea_container,2023.1,4.904,plastic_pet,10839.2,3.1,0.016,803.9883,0.0,33601.5245,158.7482,33711.5584
1578,SYNTHETIC,3,Automotive Manufacturing,France,FRA,0.056,52.0,2027.75,62.59,6333.4,road_electric,1969.8,5.067,rubber,4960.61,3.85,0.021,75.5958,168.3726,19098.366,209.5898,19811.1293
1039,SYNTHETIC,2,Plastics Manufacturing,Turkey,TUR,0.445,29.88,1626.24,902.19,6743.1,road_diesel,,5.394,chemicals_general,9591.24,2.2,0.1033,517.1454,2426.8823,21100.7286,2557.686,24981.1155
207,SYNTHETIC,1,Renewable Energy Components,South Africa,ZAF,0.89,12.97,2186.0,0.0,6060.6,inland_waterway,1764.4,4.848,copper,10858.34,3.17,0.031,1698.9078,0.0,34420.9273,265.1932,37052.1227
393,SYNTHETIC,1,Mining & Raw Materials,Brazil,BRA,0.08,6.74,7554.64,647.18,6045.5,sea_container,4370.8,4.836,copper,5902.04,3.17,0.016,573.8076,1740.9205,18709.4744,338.2221,22157.842
795,SYNTHETIC,2,Automotive Manufacturing,China,CHN,0.581,11.72,1182.42,3864.25,4663.0,road_electric,1339.7,3.73,plastic_pp,7235.04,1.65,0.021,609.2511,10394.8312,11937.8229,104.9505,23379.1512
871,SYNTHETIC,2,Food Processing,Japan,JPN,0.47,18.09,1180.47,0.0,4061.5,sea_bulk,970.3,3.249,plastic_pet,5256.3,3.1,0.012,458.703,0.0,16294.5219,37.8313,14933.1097
398,SYNTHETIC,1,Construction Materials,France,FRA,0.056,25.79,2360.81,64.26,1658.2,air_freight,465.5,1.327,steel,2534.35,1.85,0.602,110.285,172.8685,4688.5477,371.7273,5080.9158
767,SYNTHETIC,2,Chemical Processing,Brazil,BRA,0.08,16.02,4323.78,481.66,7977.7,air_freight,1389.6,6.382,plastic_pp,5872.82,1.65,0.602,304.3341,1295.6556,9690.1489,5338.8829,16501.5849
1842,SYNTHETIC,3,Textiles & Apparel,United States,USA,0.386,,858.78,0.0,6231.8,road_electric,1212.2,4.985,plastic_pet,4681.75,3.1,0.021,269.972,0.0,14513.4136,126.9108,14886.4845
1242,SYNTHETIC,2,Steel & Metals,Australia,AUS,0.66,11.35,5975.27,45.97,6155.2,road_diesel,9510.6,4.924,aluminium,6577.87,8.24,0.1033,3509.7297,123.6491,54201.6672,4837.684,62578.5693
1029,SYNTHETIC,2,Logistics & Freight,France,FRA,0.056,30.56,208.39,0.0,7450.0,air_freight,2175.3,5.96,plastic_pp,10055.05,1.65,0.602,9.3772,0.0,16590.83,7804.9746,22559.5299
1793,SYNTHETIC,3,Electronics Assembly,South Africa,ZAF,0.89,20.54,963.18,0.0,2939.4,road_electric,709.9,2.352,aluminium,4293.74,8.24,0.021,685.0997,0.0,35380.4519,35.0572,37036.1495
643,SYNTHETIC,2,Logistics & Freight,Brazil,BRA,0.08,2.21,351.94,0.0,2040.4,rail_freight,2781.6,1.632,cardboard,996.2,0.89,0.028,27.6896,0.0,886.6203,127.1306,1039.8731
1892,SYNTHETIC,3,Semiconductor Fabrication,Turkey,TUR,0.445,11.5,10301.69,0.0,5915.8,air_freight,7847.6,4.733,chemicals_general,10412.08,2.2,0.602,4080.7922,0.0,22906.5697,22358.2545,48416.4442
613,SYNTHETIC,2,Electronics Assembly,Australia,AUS,0.66,9.8,822.82,0.0,4884.3,air_freight,147.0,3.907,aluminium,5982.12,8.24,0.602,491.4598,0.0,49292.6709,345.7534,48734.9399
1763,SYNTHETIC,3,Electronics Assembly,Brazil,BRA,0.08,35.93,741.48,0.0,4293.4,inland_waterway,15412.0,3.435,chemicals_general,1736.21,2.2,0.031,43.3344,0.0,3819.6557,1641.026,5777.3017
961,SYNTHETIC,2,Textiles & Apparel,United States,USA,0.386,18.32,1004.63,,6108.2,rail_freight,2104.9,4.887,plastic_pet,8134.27,3.1,0.028,320.4416,0.0,25216.2288,288.0068,26066.799
1571,SYNTHETIC,3,Agricultural Commodities,South Africa,ZAF,0.89,62.71,743.67,0.0,3761.7,road_electric,1912.9,3.009,wood_timber,4361.82,0.46,0.021,256.1444,0.0,2006.4365,120.8898,2428.8849
726,SYNTHETIC,2,Chemical Processing,United Kingdom,GBR,0.207,28.85,4363.6,0.0,2685.3,inland_waterway,8063.9,2.148,plastic_pp,3068.02,1.65,0.031,667.8804,0.0,5062.2398,537.0135,6236.0963
684,SYNTHETIC,2,Construction Materials,United States,USA,0.386,,3360.78,1987.7,9133.3,road_diesel,1253.6,7.307,wood_timber,14662.36,0.46,0.1033,800.8914,5346.9107,6744.6856,946.1814,14341.996
99,SYNTHETIC,1,Construction Materials,India,IND,0.7082,15.11,3850.39,575.08,6687.0,rail_freight,655.6,5.35,concrete,12360.63,0.13,0.028,2326.4046,1546.969,1606.8821,98.2004,5491.8449
805,SYNTHETIC,2,Logistics & Freight,South Africa,ZAF,0.89,,448.83,194.31,6094.6,rail_freight,1804.3,4.876,cardboard,7227.91,0.89,0.028,264.1615,522.6926,6432.8419,246.3172,7274.7489
1752,SYNTHETIC,3,Steel & Metals,Japan,JPN,0.47,33.85,4296.61,2966.96,7310.2,road_electric,372.7,5.848,aluminium,8185.8,8.24,0.021,1364.9989,7981.1104,67450.9899,45.7746,73884.8479
1598,SYNTHETIC,3,Semiconductor Fabrication,Brazil,BRA,0.08,26.0,9334.08,0.0,4036.1,inland_waterway,2382.6,3.229,aluminium,2990.77,8.24,0.031,601.1155,0.0,24643.9239,238.4877,27379.9991
407,SYNTHETIC,1,Pharmaceutical Manufacturing,Saudi Arabia,SAU,0.74,4.61,2773.44,0.0,7484.8,air_freight,7095.7,5.988,plastic_pet,9173.9,3.1,0.602,1960.2183,0.0,28439.0935,25577.8832,55372.4633
503,SYNTHETIC,1,Textiles & Apparel,Mexico,MEX,0.42,24.16,1046.26,,1606.2,rail_freight,62.4,1.285,cotton_fabric,1821.72,8.0,0.028,338.3117,0.0,14573.7588,2.2445,15397.5638
1072,SYNTHETIC,2,Pharmaceutical Manufacturing,Japan,JPN,0.47,10.03,2669.84,0.0,9773.2,inland_waterway,610.6,7.819,glass,11608.05,0.85,0.031,1134.3425,0.0,9866.8402,147.9844,11538.2263
1057,SYNTHETIC,2,Food Processing,Brazil,BRA,0.08,24.23,757.31,,4966.2,air_freight,401.6,3.973,plastic_pet,5364.15,3.1,0.602,49.5733,0.0,16628.8653,960.4111,17234.8502
930,SYNTHETIC,2,Mining & Raw Materials,United States,USA,0.386,,5814.16,4938.44,4493.7,road_diesel,5965.9,3.595,copper,6972.44,3.17,0.1033,1794.4597,13284.4055,22102.6308,2215.476,38278.3059
780,SYNTHETIC,2,Chemical Processing,France,FRA,0.056,,3952.32,701.38,1439.7,road_electric,1926.0,1.152,chemicals_general,1245.39,2.2,0.021,170.982,1886.7216,2739.8571,46.5835,4537.9619
201,SYNTHETIC,1,Plastics Manufacturing,United States,USA,0.386,31.48,2342.99,1414.72,2661.4,sea_container,298.6,2.129,chemicals_general,3895.63,2.2,0.016,634.4807,3805.6019,8570.3969,10.1719,12869.686
135,SYNTHETIC,1,Plastics Manufacturing,South Africa,ZAF,0.89,,2304.91,772.99,9105.0,inland_waterway,4975.5,7.284,plastic_pp,2734.8,1.65,0.031,1388.2293,2079.3565,4512.4278,1123.4997,8916.9844
1052,SYNTHETIC,2,Steel & Metals,France,FRA,0.056,14.49,4500.31,412.63,4308.1,sea_container,192.1,3.446,steel,6983.55,1.85,0.016,228.5396,1109.9857,12919.5638,10.5933,13479.7939
41,SYNTHETIC,1,Textiles & Apparel,Japan,JPN,0.47,49.56,1358.03,0.0,3339.4,sea_bulk,5920.6,2.672,cotton_fabric,1286.25,8.0,0.012,335.3881,0.0,10289.9803,189.8056,11324.5792
1018,SYNTHETIC,2,Renewable Energy Components,China,CHN,0.581,43.84,1514.03,0.0,3850.3,road_diesel,,3.08,steel,4867.14,1.85,0.1033,507.2448,0.0,9004.2032,118.8425,9321.8396
231,SYNTHETIC,1,Agricultural Commodities,United Kingdom,GBR,0.207,20.3,492.88,11.53,7156.0,road_electric,3347.3,5.725,cardboard,11039.16,0.89,0.021,83.3119,31.0291,9824.8485,402.412,10501.3925
1514,SYNTHETIC,3,Packaging Materials,Australia,AUS,0.66,23.63,1322.17,0.0,5701.3,sea_bulk,1008.9,4.561,glass,6918.74,0.85,0.012,672.6424,0.0,5880.9306,55.2218,6615.976
1797,SYNTHETIC,3,Chemical Processing,Saudi Arabia,SAU,0.74,33.35,4128.6,466.84,5364.4,road_electric,5517.3,4.292,glass,6021.8,0.85,0.021,2063.8943,1255.7891,5118.5286,497.2277,9252.7019
379,SYNTHETIC,1,Electronics Assembly,France,FRA,0.056,54.99,1020.16,0.0,5816.6,road_electric,3500.7,4.653,plastic_pet,9449.28,3.1,0.021,36.932,0.0,29292.7805,342.0822,29671.6887
289,SYNTHETIC,1,Pharmaceutical Manufacturing,Vietnam,VNM,0.59,4.74,2947.69,0.0,7149.0,rail_freight,1688.7,5.719,chemicals_general,8590.47,2.2,0.028,1659.5081,0.0,18899.0295,270.4294,20520.8298
419,SYNTHETIC,1,Renewable Energy Components,Saudi Arabia,SAU,0.74,14.32,2287.43,0.0,5933.4,road_electric,3484.1,4.747,steel,9950.82,1.85,0.021,1456.8516,0.0,18409.0206,347.2928,19450.4001
1699,SYNTHETIC,3,Logistics & Freight,China,CHN,0.581,37.85,377.51,388.75,6138.3,sea_container,3816.6,4.911,plastic_pp,4627.24,1.65,0.016,139.1803,1045.7365,7634.9382,299.8698,8930.8539
392,SYNTHETIC,1,Semiconductor Fabrication,France,FRA,0.056,,11101.84,0.0,8823.2,road_diesel,1208.1,7.059,copper,11321.29,3.17,0.1033,489.7993,0.0,35888.4777,880.8809,36931.1966
593,SYNTHETIC,1,Construction Materials,Germany,DEU,0.385,31.09,2961.16,2276.55,7479.4,sea_bulk,2765.3,5.984,glass,7871.48,0.85,0.012,804.0274,6123.9158,6690.7549,198.551,13905.8766
1523,SYNTHETIC,3,Renewable Energy Components,South Africa,ZAF,0.89,20.23,2091.04,0.0,5424.0,sea_bulk,1497.4,4.339,steel,5247.34,1.85,0.012,1493.0892,0.0,9707.5822,77.9723,11378.8963
1163,SYNTHETIC,2,Renewable Energy Components,Australia,AUS,0.66,32.49,2429.74,0.0,4805.2,air_freight,1977.0,3.844,steel,8666.49,1.85,0.602,1098.4234,0.0,16033.0074,4575.0794,22434.7667
1087,SYNTHETIC,2,Semiconductor Fabrication,China,CHN,0.581,31.19,7092.65,0.0,3753.5,road_diesel,3536.7,3.003,chemicals_general,6270.53,2.2,0.1033,2879.6231,0.0,13795.1626,1097.0417,17061.9274
1496,SYNTHETIC,3,Plastics Manufacturing,United States,USA,0.386,45.04,2209.27,0.0,371.0,road_diesel,126.3,0.297,plastic_pet,364.08,3.1,0.1033,488.6123,0.0,1128.6526,3.8738,1573.0951
648,SYNTHETIC,2,Renewable Energy Components,South Korea,KOR,0.435,29.92,2931.29,0.0,1303.6,sea_container,3687.5,1.043,lithium_battery,1331.08,75.0,0.016,911.1366,0.0,99830.6278,61.5321,95570.8109
1153,SYNTHETIC,2,Pharmaceutical Manufacturing,Turkey,TUR,0.445,33.66,4704.92,0.0,6925.1,inland_waterway,1577.0,5.54,glass,7094.51,0.85,0.031,1420.5791,0.0,6030.3368,270.842,7457.8912
1368,SYNTHETIC,2,Steel & Metals,United Kingdom,GBR,0.207,18.46,664.74,170.53,1473.0,inland_waterway,1674.6,1.178,steel,2288.01,1.85,0.031,114.6579,458.7266,4232.8136,61.1753,5057.8223
521,SYNTHETIC,1,Textiles & Apparel,Turkey,TUR,0.445,,1201.8,0.0,8483.0,road_electric,71.3,6.786,cotton_fabric,13141.2,8.0,0.021,405.4935,0.0,105129.56,10.1628,102486.0198
1863,SYNTHETIC,3,Packaging Materials,Mexico,MEX,0.42,40.45,1415.19,0.0,2982.1,rail_freight,,2.386,cardboard,3750.3,0.89,0.028,365.3883,0.0,3337.7638,356.3364,3946.3426
65,SYNTHETIC,1,Steel & Metals,Brazil,BRA,0.08,54.42,6339.46,159.96,4492.4,rail_freight,172.0,3.594,aluminium,5551.5,8.24,0.028,300.1568,430.3049,45744.3654,17.3109,47172.8443
1837,SYNTHETIC,3,Logistics & Freight,Japan,JPN,0.47,44.61,626.14,556.67,6817.8,air_freight,3949.0,5.454,plastic_pp,4792.72,1.65,0.602,168.5794,1497.4403,7907.9825,12966.1429,22897.3635
15,SYNTHETIC,1,Food Processing,Japan,JPN,0.47,35.82,639.26,0.0,8507.0,sea_container,236.6,6.806,glass,12205.34,0.85,0.016,197.413,0.0,10374.5364,25.7603,11294.124
1181,SYNTHETIC,2,Pharmaceutical Manufacturing,United Kingdom,GBR,0.207,66.52,3979.27,0.0,5630.0,road_electric,499.4,4.504,plastic_pet,9091.35,3.1,0.021,328.7031,0.0,28183.1886,47.2325,28323.0982
1065,SYNTHETIC,2,Chemical Processing,United Kingdom,GBR,0.207,32.11,5738.87,,5550.5,air_freight,50.0,4.44,plastic_pp,9100.14,1.65,0.602,843.3743,1209.1377,15015.2363,133.6554,17453.6733
493,SYNTHETIC,1,Renewable Energy Components,Turkey,TUR,0.445,,1417.69,0.0,6829.9,road_diesel,1762.7,5.464,copper,5756.7,3.17,0.1033,551.171,0.0,18248.7256,994.892,20088.5663
380,SYNTHETIC,1,Pharmaceutical Manufacturing,Germany,DEU,0.385,,3132.36,0.0,6123.7,rail_freight,2400.0,4.899,chemicals_general,3090.96,2.2,0.028,545.193,0.0,6800.1178,329.2082,7591.2974
188,SYNTHETIC,1,Semiconductor Fabrication,Vietnam,VNM,0.59,17.5,7160.35,0.0,4847.4,sea_bulk,1722.0,3.878,aluminium,5978.48,8.24,0.012,3510.3442,0.0,49262.6429,80.1311,54250.4776
764,SYNTHETIC,2,Electronics Assembly,India,IND,0.7082,37.2,955.39,0.0,7340.1,road_diesel,658.6,5.872,copper,8897.65,3.17,0.1033,431.9863,0.0,28205.5472,399.4734,28255.4007
217,SYNTHETIC,1,Food Processing,Vietnam,VNM,0.59,49.69,1304.13,0.0,5721.7,rail_freight,960.0,4.577,cardboard,6558.69,0.89,0.028,400.0853,0.0,5837.2335,123.0393,6515.0691
792,SYNTHETIC,2,Packaging Materials,Saudi Arabia,SAU,0.74,32.04,739.49,,5980.6,sea_container,337.7,4.784,cardboard,8594.17,0.89,0.016,376.615,0.0,7648.8107,25.8549,8022.9628
1077,SYNTHETIC,2,Plastics Manufacturing,South Africa,ZAF,0.89,12.61,1346.34,76.19,4912.6,sea_bulk,4906.9,3.93,plastic_pet,5188.35,3.1,0.012,1050.4938,204.9397,16083.8734,231.4145,17300.5293
879,SYNTHETIC,2,Plastics Manufacturing,South Africa,ZAF,0.89,23.27,2571.14,1001.65,4462.2,road_diesel,8466.6,3.57,plastic_pet,4210.28,3.1,0.1033,1767.8697,2694.4499,13051.8829,3122.1263,20895.2254
338,SYNTHETIC,1,Plastics Manufacturing,Saudi Arabia,SAU,0.74,24.98,1222.65,2111.91,3828.9,rail_freight,407.7,3.063,chemicals_general,5091.01,2.2,0.028,684.8937,5681.0337,11200.2291,34.9664,16995.1032
1773,SYNTHETIC,3,Chemical Processing,Turkey,TUR,0.445,52.09,3585.41,63.42,5148.9,road_diesel,2013.9,4.119,chemicals_general,1422.75,2.2,0.1033,801.723,170.6097,3130.0401,856.9327,4842.6862
720,SYNTHETIC,2,Food Processing,Saudi Arabia,SAU,0.74,9.32,1786.71,0.0,4396.4,rail_freight,2658.9,3.517,plastic_pet,6164.77,3.1,0.028,1202.2664,0.0,19110.7774,261.8484,20844.1573
1749,SYNTHETIC,3,Agricultural Commodities,Saudi Arabia,SAU,0.74,5.06,727.25,577.08,8722.4,rail_freight,2175.4,6.978,cotton_fabric,11678.77,8.0,0.028,511.667,1552.3465,93430.1361,425.0235,94580.3944
296,SYNTHETIC,1,Mining & Raw Materials,France,FRA,0.056,12.27,7915.06,953.71,10221.1,sea_bulk,3027.9,8.177,concrete,2736.58,0.13,0.012,408.2829,2565.4905,355.7554,297.1036,3626.6808
1726,SYNTHETIC,3,Chemical Processing,Germany,DEU,0.385,15.69,3721.99,0.0,5366.6,sea_container,3926.8,4.293,glass,6063.95,0.85,0.016,1219.7638,0.0,5154.3611,269.7417,6733.8672
1017,SYNTHETIC,2,Textiles & Apparel,Germany,DEU,0.385,31.69,1453.12,0.0,2310.3,inland_waterway,5632.4,1.848,cotton_fabric,2350.81,8.0,0.031,391.3638,0.0,18806.4796,322.7038,18901.2492
1276,SYNTHETIC,2,Agricultural Commodities,India,IND,0.7082,84.49,513.48,136.28,3159.1,road_diesel,1316.9,2.527,cotton_fabric,4921.14,8.0,0.1033,65.0651,366.6028,39369.1545,343.8096,40547.3325
1751,SYNTHETIC,3,Plastics Manufacturing,Brazil,BRA,0.08,74.21,1666.98,1186.01,5965.6,road_electric,3149.5,4.772,plastic_pet,5574.49,3.1,0.021,59.1335,3190.367,17280.912,315.6521,21502.0906
1486,SYNTHETIC,3,Steel & Metals,United States,USA,0.386,56.95,3647.54,0.0,1722.7,road_electric,309.6,1.378,steel,1642.97,1.85,0.021,647.6207,0.0,3039.4907,8.959,3678.4178
456,SYNTHETIC,1,Chemical Processing,South Africa,ZAF,0.89,57.82,3570.46,460.6,9808.6,sea_bulk,1065.5,7.847,chemicals_general,13510.48,2.2,0.012,1381.5861,1239.0133,29723.0532,100.3261,30787.2639
1997,SYNTHETIC,3,Semiconductor Fabrication,France,FRA,0.056,6.81,11063.63,0.0,2280.2,air_freight,6075.2,1.824,chemicals_general,2998.14,2.2,0.602,592.4264,0.0,6595.9058,6671.2971,13633.202
816,SYNTHETIC,2,Mining & Raw Materials,Germany,DEU,0.385,15.53,6752.92,190.32,6185.1,road_electric,9331.6,4.948,steel,6343.96,1.85,0.021,2216.9864,511.9561,11736.3347,969.6463,15045.2923
1887,SYNTHETIC,3,Chemical Processing,India,IND,0.7082,18.56,3868.6,1953.78,5987.1,road_diesel,1697.4,4.79,chemicals_general,11900.68,2.2,0.1033,2245.7138,5255.6739,26181.4866,839.8186,35094.3228
270,SYNTHETIC,1,Renewable Energy Components,Australia,AUS,0.66,38.59,1765.02,0.0,6691.5,inland_waterway,1022.2,5.353,steel,5085.12,1.85,0.031,728.9993,0.0,9407.4783,169.6359,10633.2935
996,SYNTHETIC,2,Electronics Assembly,United States,USA,0.386,16.97,1148.86,0.0,6434.9,rail_freight,6453.0,5.148,aluminium,9430.02,8.24,0.028,372.0861,0.0,77703.3282,930.1504,76925.8603
202,SYNTHETIC,1,Construction Materials,Germany,DEU,0.385,,2527.14,0.0,4951.5,sea_bulk,881.8,3.961,wood_timber,7526.09,0.46,0.012,805.6262,0.0,3462.0016,41.9174,4100.5783
162,SYNTHETIC,1,Construction Materials,Saudi Arabia,SAU,0.74,15.2,2471.21,59.14,9305.3,air_freight,,7.444,concrete,11853.79,0.13,0.602,1558.3316,159.0821,1540.9927,224.0721,3341.7384
1580,SYNTHETIC,3,Renewable Energy Components,Turkey,TUR,0.445,4.05,2641.06,0.0,5340.5,sea_bulk,6673.4,4.272,steel,6257.7,1.85,0.012,1129.8215,0.0,11576.7442,342.1376,13166.3559
730,SYNTHETIC,2,Plastics Manufacturing,Japan,JPN,0.47,,2349.24,705.25,4570.8,road_diesel,5893.2,3.657,plastic_pp,5538.49,1.65,0.1033,777.9407,1897.114,9138.5123,2226.0438,14221.2884
402,SYNTHETIC,1,Semiconductor Fabrication,Vietnam,VNM,0.59,39.95,4630.91,0.0,9280.1,road_electric,5032.7,7.424,aluminium,12750.0,8.24,0.021,1677.6274,0.0,105060.0399,784.626,109055.8753
703,SYNTHETIC,2,Steel & Metals,South Korea,KOR,0.435,49.78,5908.14,0.0,3789.4,rail_freight,1046.1,3.031,copper,4522.11,3.17,0.028,1349.5817,0.0,14335.0935,88.7969,16096.8241
1501,SYNTHETIC,3,Textiles & Apparel,Japan,JPN,0.47,8.47,1515.74,0.0,1837.0,rail_freight,73.2,1.47,cotton_fabric,1069.41,8.0,0.028,654.6301,0.0,8555.2848,3.013,9531.396
1846,SYNTHETIC,3,Chemical Processing,Australia,AUS,0.66,,5111.4,4152.31,3587.5,sea_container,2639.7,2.87,glass,2811.93,0.85,0.016,2617.9779,11169.7244,2390.1416,121.2133,15586.4916
1796,SYNTHETIC,3,Plastics Manufacturing,China,CHN,0.581,,1907.4,255.29,5251.7,sea_bulk,2444.5,4.201,plastic_pp,5518.45,1.65,0.012,472.9877,686.7171,9105.4426,123.2425,10053.8284
1130,SYNTHETIC,2,Food Processing,China,CHN,0.581,70.54,1885.08,0.0,2226.4,road_diesel,,1.781,glass,2712.56,0.85,0.1033,349.2932,0.0,2305.6791,9.1993,2644.7831
566,SYNTHETIC,1,Chemical Processing,South Africa,ZAF,0.89,37.53,5748.07,236.21,9370.3,road_diesel,542.1,7.496,plastic_pp,15081.67,1.65,0.1033,3238.7506,635.4118,24884.7474,419.787,28825.5433
1414,SYNTHETIC,3,Renewable Energy Components,Vietnam,VNM,0.59,32.5,1145.1,0.0,203.4,rail_freight,1994.5,0.163,aluminium,252.59,8.24,0.028,463.4799,0.0,2081.3399,9.088,2512.9914
1022,SYNTHETIC,2,Automotive Manufacturing,Brazil,BRA,0.08,56.95,2112.79,,6429.3,rail_freight,1461.1,5.143,aluminium,8608.52,8.24,0.028,96.8327,0.0,70934.22,210.4256,69637.0895
1026,SYNTHETIC,2,Plastics Manufacturing,Mexico,MEX,0.42,17.79,1750.64,1091.01,3406.4,road_diesel,1572.9,2.725,chemicals_general,5213.67,2.2,0.1033,610.6918,2934.8221,11470.0669,442.7826,15143.7852
1412,SYNTHETIC,3,Packaging Materials,Turkey,TUR,0.445,18.39,1667.95,0.0,6851.1,air_freight,487.7,5.481,cardboard,9029.22,0.89,0.602,611.9112,0.0,8036.0093,1609.2006,10196.8938
1896,SYNTHETIC,3,Automotive Manufacturing,Turkey,TUR,0.445,35.86,1949.86,0.0,10090.1,road_diesel,558.0,8.072,rubber,7906.59,3.85,0.1033,570.5546,0.0,30440.3594,465.2954,32027.1377
1586,SYNTHETIC,3,Semiconductor Fabrication,France,FRA,0.056,,11772.45,0.0,3268.5,sea_bulk,1768.4,2.615,copper,2834.02,3.17,0.012,611.2297,0.0,8983.8329,55.4874,9751.9822
1105,SYNTHETIC,2,Construction Materials,South Africa,ZAF,0.89,5.05,2536.52,512.59,4457.9,road_diesel,12082.8,3.566,wood_timber,4822.26,0.46,0.1033,2145.99,1378.8599,2218.238,4451.3596,10411.0173
206,SYNTHETIC,1,Logistics & Freight,Germany,DEU,0.385,22.54,597.24,0.0,9030.7,sea_container,677.7,7.225,plastic_pp,16760.84,1.65,0.016,180.7983,0.0,27655.3909,78.3331,28536.0064
35,SYNTHETIC,1,Logistics & Freight,Brazil,BRA,0.08,17.85,346.68,954.52,3444.4,inland_waterway,3320.7,2.756,cardboard,5372.72,0.89,0.031,24.0222,2567.6704,4781.7242,283.6614,7727.6687
776,SYNTHETIC,2,Renewable Energy Components,Mexico,MEX,0.42,4.82,2294.42,0.0,7180.4,sea_bulk,,5.744,steel,10983.41,1.85,0.012,919.4335,0.0,20319.3067,859.1496,21989.0691
509,SYNTHETIC,1,Renewable Energy Components,Japan,JPN,0.47,14.46,1803.02,0.0,4202.1,road_diesel,509.1,3.362,aluminium,4206.16,8.24,0.1033,730.1015,0.0,34658.7208,176.7947,35697.9693
1452,SYNTHETIC,3,Renewable Energy Components,France,FRA,0.056,23.37,2512.66,0.0,6344.2,air_freight,1095.0,5.075,lithium_battery,10138.76,75.0,0.602,119.5732,0.0,760407.0588,3345.5734,809282.9124
1479,SYNTHETIC,3,Pharmaceutical Manufacturing,United States,USA,0.386,7.23,4322.04,0.0,6550.0,road_electric,2973.4,5.24,chemicals_general,4529.24,2.2,0.021,1553.9439,0.0,9964.3366,327.1946,12213.1921
1971,SYNTHETIC,3,Logistics & Freight,Mexico,MEX,0.42,21.53,413.0,0.0,6616.5,air_freight,2421.2,5.293,plastic_pp,9906.22,1.65,0.602,137.8993,0.0,16345.2702,7715.1487,24716.8282
1391,SYNTHETIC,2,Semiconductor Fabrication,Turkey,TUR,0.445,,5429.83,0.0,5456.4,sea_container,4402.5,4.365,aluminium,4565.78,8.24,0.016,2066.1844,0.0,37621.991,307.4775,40931.2787
92,SYNTHETIC,1,Packaging Materials,Germany,DEU,0.385,26.12,1623.92,0.0,5299.0,rail_freight,,4.239,cardboard,8649.65,0.89,0.028,470.4129,0.0,7698.1849,349.7297,8402.3733
1364,SYNTHETIC,2,Food Processing,Germany,DEU,0.385,44.62,1709.63,0.0,6537.1,rail_freight,1491.7,5.23,glass,1170.03,0.85,0.028,379.7613,0.0,994.5271,218.4321,1501.6767
898,SYNTHETIC,2,Plastics Manufacturing,Turkey,TUR,0.445,26.83,1372.45,0.0,2498.4,road_electric,1790.7,1.999,chemicals_general,1792.85,2.2,0.021,454.2686,0.0,3944.2668,75.1627,4354.7911
565,SYNTHETIC,1,Agricultural Commodities,South Africa,ZAF,0.89,37.58,846.0,3188.6,5007.9,rail_freight,2541.8,4.006,wood_timber,5427.33,0.46,0.028,476.3614,8577.3259,2496.5725,285.1328,11624.4449
1370,SYNTHETIC,2,Automotive Manufacturing,Brazil,BRA,0.08,5.31,2470.81,1994.63,3821.1,road_electric,1557.8,3.057,rubber,2779.91,3.85,0.021,189.7875,5365.5503,10702.6527,100.0013,16308.5764
777,SYNTHETIC,2,Agricultural Commodities,Germany,DEU,0.385,25.85,332.8,1509.3,5026.6,rail_freight,811.0,4.021,cardboard,6148.25,0.89,0.028,96.7313,4060.0207,5471.9446,91.3098,9642.5595
242,SYNTHETIC,1,Chemical Processing,Vietnam,VNM,0.59,58.29,5238.93,39.51,7646.2,air_freight,1115.9,6.117,plastic_pp,12857.52,1.65,0.602,1350.3544,106.2779,21214.9007,4109.2622,26781.2194
14,SYNTHETIC,1,Pharmaceutical Manufacturing,United States,USA,0.386,32.21,3292.78,0.0,6194.4,road_electric,1680.7,4.956,glass,6009.27,0.85,0.021,882.8249,0.0,5107.8831,174.9011,6087.6453
316,SYNTHETIC,1,Semiconductor Fabrication,China,CHN,0.581,10.94,12327.17,0.0,6307.7,road_diesel,4059.0,5.046,aluminium,9705.07,8.24,0.1033,6405.7245,0.0,79969.7689,2115.8173,89818.0602
601,SYNTHETIC,2,Pharmaceutical Manufacturing,United Kingdom,GBR,0.207,,2119.46,0.0,6530.0,air_freight,3430.5,5.224,plastic_pet,2678.15,3.1,0.602,402.3171,0.0,8302.2714,10788.3913,19054.9262
388,SYNTHETIC,1,Logistics & Freight,United States,USA,0.386,20.05,724.76,1644.04,4103.2,road_diesel,2150.8,3.283,plastic_pp,6877.93,1.65,0.1033,226.5602,4422.4591,11348.5871,729.3353,17281.8916
1298,SYNTHETIC,2,Steel & Metals,Germany,DEU,0.385,10.62,3317.48,759.57,100.0,rail_freight,2474.0,0.08,steel,141.54,1.85,0.028,1148.633,2043.2487,261.8492,5.5418,3535.4902
167,SYNTHETIC,1,Steel & Metals,United Kingdom,GBR,0.207,17.74,7675.13,493.75,3542.3,sea_container,4612.9,2.834,steel,3097.9,1.85,0.016,1334.1006,1328.1836,5731.1062,209.1549,8831.8717
841,SYNTHETIC,2,Automotive Manufacturing,Saudi Arabia,SAU,0.74,19.45,1952.59,0.0,8026.7,rail_freight,3289.8,6.421,rubber,7701.44,3.85,0.028,1171.415,0.0,29650.5577,591.5046,30988.1676
21,SYNTHETIC,1,Textiles & Apparel,United States,USA,0.386,36.62,723.88,0.0,4386.5,inland_waterway,9030.8,3.509,plastic_pet,3703.08,3.1,0.031,182.39,0.0,11479.5575,982.4212,12334.9065
647,SYNTHETIC,2,Packaging Materials,Saudi Arabia,SAU,0.74,48.38,1804.11,0.0,4261.2,rail_freight,1188.4,3.409,plastic_pet,5037.88,3.1,0.028,706.5789,0.0,15617.4253,113.4384,16244.6693
1843,SYNTHETIC,3,Agricultural Commodities,Saudi Arabia,SAU,0.74,25.59,858.69,0.0,5906.6,rail_freight,1053.6,4.725,wood_timber,4089.73,0.46,0.028,477.1905,0.0,1881.2737,139.3964,2531.6354
1509,SYNTHETIC,3,Plastics Manufacturing,Turkey,TUR,0.445,39.47,1871.6,220.27,1720.7,sea_bulk,3564.6,1.377,plastic_pp,1040.25,1.65,0.012,518.9331,592.5283,1716.4048,58.8815,2983.7165
1155,SYNTHETIC,2,Electronics Assembly,Vietnam,VNM,0.59,4.53,778.51,0.0,6407.3,rail_freight,2802.3,5.126,aluminium,7491.73,8.24,0.028,439.2351,0.0,61731.8784,402.201,65038.9655
1529,SYNTHETIC,3,Chemical Processing,South Korea,KOR,0.435,34.53,4998.87,0.0,3189.0,rail_freight,4755.0,2.551,chemicals_general,3657.43,2.2,0.028,1458.2546,0.0,8046.3445,339.6713,9533.7188
832,SYNTHETIC,2,Logistics & Freight,China,CHN,0.581,20.05,377.93,,5423.1,sea_container,999.0,4.338,cardboard,5083.36,0.89,0.016,177.0767,51.0854,4524.1881,69.3477,4948.1213
1268,SYNTHETIC,2,Electronics Assembly,China,CHN,0.581,46.69,1120.95,0.0,2367.3,inland_waterway,8320.7,1.894,copper,3305.65,3.17,0.031,357.6438,0.0,10478.899,488.4943,11437.0949
1591,SYNTHETIC,3,Steel & Metals,Germany,DEU,0.385,17.76,7224.31,50.7,1200.6,sea_bulk,6281.3,0.96,copper,1009.03,3.17,0.012,2313.1301,136.3785,3198.6196,72.395,5213.6008
1900,SYNTHETIC,3,Packaging Materials,Brazil,BRA,0.08,28.11,1067.65,0.0,6720.7,inland_waterway,3024.8,5.377,glass,13396.46,0.85,0.031,67.4069,0.0,11386.989,504.1502,11671.4008
563,SYNTHETIC,1,Textiles & Apparel,Mexico,MEX,0.42,24.03,680.3,0.0,5244.8,rail_freight,2333.1,4.196,plastic_pet,8108.95,3.1,0.028,220.344,0.0,25137.7465,274.0952,26255.0146
1952,SYNTHETIC,3,Renewable Energy Components,South Africa,ZAF,0.89,39.82,3434.72,0.0,3406.1,inland_waterway,6009.8,2.725,aluminium,4209.6,8.24,0.031,1866.8879,0.0,34687.1075,507.6503,37010.8977
687,SYNTHETIC,2,Mining & Raw Materials,China,CHN,0.581,16.79,2645.87,0.0,4197.1,sea_bulk,,3.358,copper,6950.52,3.17,0.012,1288.0566,0.0,22033.1341,357.3989,23083.9561
958,SYNTHETIC,2,Renewable Energy Components,Australia,AUS,0.66,15.32,2112.34,0.0,6952.7,sea_container,,5.562,steel,7054.44,1.85,0.016,1187.0892,0.0,13050.7067,76.4326,13856.822
190,SYNTHETIC,1,Plastics Manufacturing,United Kingdom,GBR,0.207,12.58,1376.82,0.0,6211.8,sea_bulk,4865.4,4.969,plastic_pet,5855.15,3.1,0.012,252.6219,0.0,18150.9621,290.142,19271.3401
1807,SYNTHETIC,3,Chemical Processing,Vietnam,VNM,0.59,19.82,2747.23,55.54,9826.6,sea_container,1747.6,7.861,chemicals_general,12282.86,2.2,0.016,1310.5651,149.3927,27022.3009,219.8126,30319.7336
976,SYNTHETIC,2,Logistics & Freight,Brazil,BRA,0.08,46.99,183.59,,2795.1,rail_freight,3542.0,2.236,plastic_pp,5271.06,1.65,0.028,9.5108,3223.3903,8697.2433,221.7644,12567.2384
700,SYNTHETIC,2,Steel & Metals,India,IND,0.7082,42.92,4254.02,0.0,6201.5,inland_waterway,709.9,4.961,steel,6928.32,1.85,0.031,1756.1984,0.0,12817.3865,109.1815,14228.6173
1500,SYNTHETIC,3,Pharmaceutical Manufacturing,Brazil,BRA,0.08,59.48,4024.45,0.0,1905.9,inland_waterway,5777.5,1.525,plastic_pet,2585.52,3.1,0.031,178.3427,0.0,8015.1025,273.079,8199.8515
1706,SYNTHETIC,3,Steel & Metals,Vietnam,VNM,0.59,14.75,5998.29,987.48,4171.0,air_freight,617.5,3.337,steel,6381.0,1.85,0.602,3034.5456,2656.3139,11804.8474,1240.469,19183.9298
511,SYNTHETIC,1,Electronics Assembly,United Kingdom,GBR,0.207,66.28,970.02,,6575.0,sea_bulk,8224.1,5.26,chemicals_general,8988.43,2.2,0.012,80.5655,0.0,19774.5568,519.1008,19673.5126
1083,SYNTHETIC,2,Plastics Manufacturing,South Korea,KOR,0.435,46.98,1699.29,476.75,7613.7,air_freight,4703.3,6.091,plastic_pet,11429.15,3.1,0.602,407.8723,1282.462,35430.3662,17245.7623,53822.8281
475,SYNTHETIC,1,Semiconductor Fabrication,Turkey,TUR,0.445,,7132.69,0.0,5215.3,road_diesel,570.4,4.172,chemicals_general,8323.93,2.2,0.1033,2651.1899,0.0,18312.6441,245.8255,21071.5013
1585,SYNTHETIC,3,Construction Materials,Turkey,TUR,0.445,55.28,3545.44,1267.13,1651.8,rail_freight,3813.2,1.321,glass,1597.48,0.85,0.028,744.8126,3408.5908,1357.8543,141.0922,5574.0124
857,SYNTHETIC,2,Plastics Manufacturing,India,IND,0.7082,23.3,1520.6,0.0,5871.4,sea_bulk,297.6,4.697,plastic_pp,6312.79,1.65,0.012,833.1059,0.0,10416.1022,16.7766,11545.4746
748,SYNTHETIC,2,Plastics Manufacturing,Turkey,TUR,0.445,12.22,1288.37,0.0,3708.5,sea_container,1619.3,2.967,plastic_pet,4865.57,3.1,0.016,506.4116,0.0,15083.2753,76.8635,14409.5132
253,SYNTHETIC,1,Automotive Manufacturing,United States,USA,0.386,5.71,1546.55,0.0,5379.4,rail_freight,7921.3,4.304,rubber,6119.98,3.85,0.028,564.6746,0.0,23561.9379,954.5039,23871.4584
22,SYNTHETIC,1,Renewable Energy Components,United Kingdom,GBR,0.207,,2156.26,0.0,11836.1,sea_container,3204.4,9.469,copper,7544.75,3.17,0.016,275.0677,0.0,23916.8582,485.4721,24651.8349
1338,SYNTHETIC,2,Agricultural Commodities,Japan,JPN,0.47,31.86,827.45,920.23,5031.7,sea_bulk,837.1,4.025,wood_timber,8334.13,0.46,0.012,270.2723,2475.4085,3833.6977,40.438,6678.0064
460,SYNTHETIC,1,Electronics Assembly,Brazil,BRA,0.08,74.06,736.35,0.0,3303.4,road_diesel,3637.5,2.643,chemicals_general,2931.88,2.2,0.1033,26.1874,0.0,6450.1457,992.9989,7411.116
1185,SYNTHETIC,2,Chemical Processing,Vietnam,VNM,0.59,23.84,2652.41,,9953.9,road_diesel,7973.4,7.963,chemicals_general,13934.72,2.2,0.1033,1204.4476,1588.8183,30656.3746,6558.7847,37618.5537
277,SYNTHETIC,1,Textiles & Apparel,Vietnam,VNM,0.59,38.86,797.88,0.0,5650.7,inland_waterway,9826.6,4.521,cotton_fabric,3009.67,8.0,0.031,294.0196,0.0,24077.384,1377.0713,25773.8091
956,SYNTHETIC,2,Pharmaceutical Manufacturing,Vietnam,VNM,0.59,,3668.91,0.0,3029.9,rail_freight,584.2,2.424,glass,1951.45,0.85,0.028,1319.9451,0.0,1658.7318,39.6499,3007.6109
1216,SYNTHETIC,2,Steel & Metals,Saudi Arabia,SAU,0.74,6.16,9586.23,1600.74,3287.5,road_electric,3795.9,2.63,aluminium,2909.1,8.24,0.021,6668.386,4305.9966,23971.0186,209.6472,35393.7079
386,SYNTHETIC,1,Packaging Materials,South Korea,KOR,0.435,39.54,1314.67,0.0,781.6,road_electric,1224.6,0.625,glass,1238.1,0.85,0.021,356.1673,0.0,1052.3874,16.0808,1394.3326
806,SYNTHETIC,2,Chemical Processing,France,FRA,0.056,,3983.02,1408.41,5268.7,air_freight,2251.1,4.215,chemicals_general,6976.77,2.2,0.602,201.4589,3788.6229,15348.9029,5711.9911,24203.8041
1438,SYNTHETIC,3,Steel & Metals,Turkey,TUR,0.445,20.68,5754.06,0.0,8130.4,air_freight,2678.5,6.504,aluminium,8563.85,8.24,0.602,2054.779,0.0,70566.1482,10487.9335,82244.0365
1516,SYNTHETIC,3,Textiles & Apparel,Australia,AUS,0.66,32.69,1026.36,0.0,5641.8,road_electric,2788.8,4.513,cotton_fabric,4479.25,8.0,0.021,462.668,0.0,35834.0369,264.3267,37161.5756
344,SYNTHETIC,1,Renewable Energy Components,United Kingdom,GBR,0.207,12.9,1692.34,0.0,5372.3,road_electric,272.5,4.298,aluminium,7356.45,8.24,0.021,309.4892,0.0,60617.181,24.5931,64756.0226
770,SYNTHETIC,2,Renewable Energy Components,Mexico,MEX,0.42,6.43,1163.7,0.0,1545.6,rail_freight,1332.7,1.236,copper,2011.91,3.17,0.028,458.8248,0.0,6377.7698,46.1377,6737.8335
1333,SYNTHETIC,2,Logistics & Freight,Australia,AUS,0.66,14.1,472.62,0.0,601.6,road_diesel,8827.8,0.481,cardboard,844.36,0.89,0.1033,269.2707,0.0,751.4791,438.9052,1502.1404
1686,SYNTHETIC,3,Steel & Metals,United States,USA,0.386,56.78,7454.71,980.64,6087.2,air_freight,2885.8,4.87,aluminium,2289.47,8.24,0.602,1328.3528,2637.9163,18865.2198,8459.9129,28540.3006
131,SYNTHETIC,1,Packaging Materials,United States,USA,0.386,,1460.17,0.0,2707.1,sea_bulk,1718.8,2.166,plastic_pet,3643.72,3.1,0.012,305.4995,0.0,11295.5166,44.668,11982.1158
1688,SYNTHETIC,3,Semiconductor Fabrication,Brazil,BRA,0.08,19.15,12232.74,0.0,3693.0,inland_waterway,3007.4,2.954,copper,4201.62,3.17,0.031,838.0474,0.0,13319.1358,275.4394,14524.0352
872,SYNTHETIC,2,Logistics & Freight,Saudi Arabia,SAU,0.74,30.77,525.22,0.0,11097.1,road_diesel,441.5,8.878,plastic_pp,10460.45,1.65,0.1033,272.3146,0.0,17259.7492,404.9144,17449.5644
1124,SYNTHETIC,2,Chemical Processing,United States,USA,0.386,20.61,3532.19,205.29,4071.8,inland_waterway,1580.5,3.257,plastic_pp,4138.22,1.65,0.031,1096.9702,552.2267,6828.0634,159.6005,8199.4813
1397,SYNTHETIC,2,Plastics Manufacturing,Brazil,BRA,0.08,14.9,2124.55,599.67,7973.0,sea_bulk,1806.7,6.378,plastic_pp,12503.27,1.65,0.012,150.9747,1613.101,20630.3946,138.2871,22702.1007
88,SYNTHETIC,1,Pharmaceutical Manufacturing,United Kingdom,GBR,0.207,,2761.41,0.0,6452.6,sea_bulk,3173.9,5.162,plastic_pet,4254.34,3.1,0.012,422.5237,0.0,13188.4488,196.6064,14045.3317
1483,SYNTHETIC,3,Renewable Energy Components,South Korea,KOR,0.435,15.02,1620.92,0.0,1350.5,rail_freight,1955.8,1.08,copper,641.61,3.17,0.028,604.0849,0.0,2033.917,59.1673,2797.2507
331,SYNTHETIC,1,Renewable Energy Components,Mexico,MEX,0.42,22.68,1976.54,0.0,8977.5,road_diesel,1405.2,7.182,steel,10612.38,1.85,0.1033,650.8414,0.0,19632.9109,1042.5484,20549.6341
1239,SYNTHETIC,2,Logistics & Freight,Brazil,BRA,0.08,30.35,317.63,332.69,6802.1,sea_container,957.3,5.442,plastic_pp,6545.0,1.65,0.016,19.6263,894.9238,10799.2425,83.3492,11503.6336
467,SYNTHETIC,1,Chemical Processing,Saudi Arabia,SAU,0.74,20.61,4578.42,72.56,5198.8,sea_bulk,1227.4,4.159,chemicals_general,8026.03,2.2,0.012,2708.507,195.1822,17657.255,61.2595,20671.5742
122,SYNTHETIC,1,Food Processing,China,CHN,0.581,37.75,1573.15,0.0,828.5,road_diesel,1385.6,0.663,cardboard,1283.63,0.89,0.1033,580.8093,0.0,1142.4275,94.8734,1751.2528
1639,SYNTHETIC,3,Automotive Manufacturing,South Korea,KOR,0.435,,2062.57,378.93,2672.1,inland_waterway,2698.4,2.138,plastic_pp,3661.16,1.65,0.031,621.4631,1019.3324,6040.9103,178.8174,8047.6318
1045,SYNTHETIC,2,Automotive Manufacturing,Australia,AUS,0.66,13.42,2130.78,0.0,2886.4,rail_freight,411.0,2.309,rubber,4548.66,3.85,0.028,1223.344,0.0,17512.339,26.5717,18361.3793
1725,SYNTHETIC,3,Mining & Raw Materials,Mexico,MEX,0.42,7.23,3866.05,,5480.5,road_electric,345.5,4.384,steel,4289.59,1.85,0.021,1511.8873,473.7516,7935.7353,31.8104,10152.5811
1096,SYNTHETIC,2,Pharmaceutical Manufacturing,United States,USA,0.386,53.49,4356.82,0.0,5770.6,air_freight,481.5,4.616,glass,7136.85,0.85,0.602,828.8286,0.0,6066.3221,1338.0238,8294.6596
1131,SYNTHETIC,2,Automotive Manufacturing,United States,USA,0.386,23.04,1929.4,694.34,2881.7,air_freight,736.7,2.305,plastic_pp,4901.16,1.65,0.602,582.0628,1867.7651,8086.9143,1022.4223,11876.7493
1295,SYNTHETIC,2,Plastics Manufacturing,Germany,DEU,0.385,29.13,2029.82,290.59,5110.1,inland_waterway,90.7,4.088,chemicals_general,7999.51,2.2,0.031,565.633,781.6908,17598.9324,11.4944,19033.7136
861,SYNTHETIC,2,Automotive Manufacturing,Germany,DEU,0.385,55.56,1248.49,2238.93,7463.5,air_freight,1543.6,5.971,aluminium,7329.1,8.24,0.602,227.504,6022.727,60391.7625,5548.4872,72667.1844
1460,SYNTHETIC,3,Logistics & Freight,India,IND,0.7082,53.14,652.4,556.15,5338.4,sea_bulk,2318.1,4.271,cardboard,5675.26,0.89,0.012,223.4292,1496.0498,5050.9844,118.8013,6690.3024
1127,SYNTHETIC,2,Electronics Assembly,Mexico,MEX,0.42,43.72,918.34,,6714.1,road_electric,580.1,5.371,chemicals_general,9586.11,2.2,0.021,225.0862,0.0,21089.4475,65.4336,20829.8181
